{"exceededTransferLimit":false,"features":[{"type":"Feature","properties":{"name":"Adolfo Ruiz Cortinez","id":"003-001","alc":"Coyoacán","clasif":"Colonia","fuente":"SGIRPC CDMX"},"geometry":{"type":"Polygon","coordinates":[[[-99.15805204677578,19.31471567408672],[-99.15783279316774,19.31484219292464],[-99.15771888229816,19.314902228300078],[-99.15753333078464,19.31500820424372],[-99.15730815009235,19.31515215009967],[-99.15721213995144,19.315212186209052],[-99.15697368934579,19.315353475880713],[-99.15675188362405,19.315503336187657],[-99.15627524921238,19.315739138653168],[-99.15584089580625,19.31596047650158],[-99.15550971750365,19.316103979842516],[-99.15504764388449,19.316317069474],[-99.15465691446514,19.31649183057053],[-99.15429019431839,19.316649073688644],[-99.15388861145375,19.316809636419777],[-99.1536211452644,19.31691813146713],[-99.15349198279793,19.316973106751103],[-99.15340704439288,19.317008380478672],[-99.15313635325165,19.31711459072926],[-99.15308227377326,19.31713556301954],[-99.15306487520287,19.317140727463613],[-99.15305020751084,19.317143615720422],[-99.1530376319952,19.31714596227013],[-99.15302201208907,19.317147415299743],[-99.15295013698486,19.317155816422044],[-99.1528685501941,19.317152460211904],[-99.15282437464172,19.317154632974386],[-99.15280454073859,19.317157647544445],[-99.15278020717416,19.31716665819257],[-99.15275859460674,19.317182079463407],[-99.15272436609945,19.317215912832957],[-99.15270635757292,19.317240319310944],[-99.15267889158315,19.317280148742153],[-99.1526459467684,19.317324800114786],[-99.15256745916537,19.317344687269753],[-99.15230799427027,19.317415561784706],[-99.15216283280859,19.31745317009362],[-99.1520146269564,19.317488601397255],[-99.15182602206924,19.317533438367896],[-99.15147282965233,19.317627095799935],[-99.15130977464848,19.317667500751927],[-99.15117145206105,19.317696872370266],[-99.15100991161677,19.31772001225441],[-99.15083007877836,19.317733740538458],[-99.15036525451775,19.317767697563685],[-99.15022161659873,19.31777637162586],[-99.15009169685247,19.31778160641201],[-99.14997129834991,19.317785026189654],[-99.14985813937015,19.317783932606893],[-99.14964249519296,19.31777595708174],[-99.14959372296126,19.31779403934636],[-99.14955028851894,19.317807598924247],[-99.14950838570418,19.317817175825848],[-99.14946723477937,19.317822598808647],[-99.14942684472756,19.317825484510223],[-99.14920091573863,19.31783342781879],[-99.1491250925388,19.317838115811902],[-99.14905021975646,19.317843816004522],[-99.14894297708119,19.317847507904805],[-99.14869456056583,19.317857967299517],[-99.14855016267207,19.317861935562103],[-99.14848463147041,19.317861748212025],[-99.14840500390534,19.31785793847643],[-99.14829832447379,19.317844183922933],[-99.14805444984044,19.317819362991003],[-99.14778436775704,19.31779350018461],[-99.14757659192334,19.317771508149114],[-99.14735574650068,19.31775076991629],[-99.14725248965033,19.317748230090785],[-99.14718657846129,19.317746769436926],[-99.14711228688898,19.317748757384386],[-99.14695912952293,19.317744939168808],[-99.14672976807134,19.317736597418545],[-99.14662651211928,19.31772899150518],[-99.14653202731776,19.31772391524458],[-99.14643601897342,19.31772028353084],[-99.14627714383057,19.317722442722037],[-99.14613260310476,19.317724602760812],[-99.14598091897574,19.317723854207333],[-99.14597778924534,19.317723844034443],[-99.14578809470169,19.317717194370122],[-99.14578489490266,19.31774655072023],[-99.1457831333064,19.31776331984096],[-99.14575242439838,19.31808463284947],[-99.14574833796217,19.318127470693103],[-99.14573858495315,19.318222249339964],[-99.14573619453617,19.31824554682863],[-99.14572347978167,19.3183691128147],[-99.14571218436525,19.318479007285223],[-99.14570246998373,19.31857342459334],[-99.14577056857048,19.318572213180616],[-99.14581140598335,19.318570086214685],[-99.14581049239668,19.3185721360368],[-99.1457933435579,19.318632437078545],[-99.14578381512773,19.318685966399528],[-99.14577732929135,19.318748904698605],[-99.14576016068962,19.318961949343013],[-99.14618114806271,19.319069780035427],[-99.14610947777442,19.31940037142646],[-99.14603706008776,19.319623541345894],[-99.146009426113,19.319697864280727],[-99.14600218569178,19.319713783777097],[-99.14599456438494,19.319724636398455],[-99.14598351959853,19.319735119409486],[-99.1459762791773,19.31974235138116],[-99.14596579583797,19.319750305617145],[-99.1459509359065,19.31975899144228],[-99.14591280781262,19.319775791722495],[-99.14588171891724,19.319791138994738],[-99.14587054118014,19.319799129680707],[-99.14586025726682,19.31980762561215],[-99.14585148521807,19.319816672566535],[-99.1458442456952,19.319825711042935],[-99.14583110603752,19.31984758920661],[-99.14563388540842,19.32020512060861],[-99.1455379201833,19.32037674435565],[-99.14548337897078,19.32042127450527],[-99.14545231882153,19.32043870796783],[-99.1453440008629,19.320504135358927],[-99.14526370854449,19.320550505035474],[-99.14499915559165,19.32070165505113],[-99.14494840257468,19.320730770959514],[-99.1449181024002,19.320750361844613],[-99.14489443269075,19.32076599979443],[-99.14488041987065,19.32077677944175],[-99.14485675016121,19.32079601088686],[-99.14484443875024,19.320807333074853],[-99.14482682907573,19.32082494875653],[-99.14479955263046,19.32085388662119],[-99.1447249340714,19.320943582439934],[-99.14467948470788,19.320998948865054],[-99.14483966779781,19.321062964575425],[-99.14497562332446,19.32111726961296],[-99.14500894453326,19.321129491211003],[-99.1450407529792,19.321139743551697],[-99.14508752466274,19.321152689101872],[-99.14513714041254,19.32116419945923],[-99.1454643364834,19.321221407059284],[-99.14540635921496,19.321499137957098],[-99.14529457375932,19.321962556647236],[-99.14528453239107,19.322006233561716],[-99.14527869783335,19.322034713450204],[-99.1452758223261,19.32205351410728],[-99.14527429788507,19.322071311913703],[-99.1452722209801,19.322097020606435],[-99.1452665202713,19.32218816025055],[-99.14526424034715,19.322237771113496],[-99.14523042686156,19.322283440932992],[-99.1452331864861,19.322418955794365],[-99.14523373445844,19.32244543161396],[-99.14525461310224,19.32260899549069],[-99.14525932656257,19.322645982926094],[-99.14526659842477,19.32268566184249],[-99.14526475508178,19.322883772296418],[-99.14525565335136,19.322947993262375],[-99.14524681033569,19.323060172626494],[-99.14524661989283,19.32306265557274],[-99.14523284422796,19.32314805143766],[-99.1452920782395,19.323306716542966],[-99.14538033142794,19.323420550389496],[-99.14538678941653,19.32350063008464],[-99.14539009521677,19.3235400010752],[-99.14539557763497,19.323584131939796],[-99.14540485633353,19.323633210865758],[-99.14540986623786,19.323652536070362],[-99.1454144117132,19.32366646984913],[-99.14541912876679,19.32367941096055],[-99.14576348625279,19.323772658818505],[-99.14562178420327,19.324220614004428],[-99.14555178747632,19.32445627249848],[-99.14547411015373,19.324726632210297],[-99.14545218227761,19.324808243910756],[-99.14546441463688,19.324813581891274],[-99.14558149206779,19.32485745471057],[-99.14599656223815,19.32501281890314],[-99.14620011778658,19.32508119022284],[-99.1463338239318,19.324972808252934],[-99.14643211040364,19.324891774767238],[-99.14654187015829,19.324801215611707],[-99.1468106990919,19.32458234722877],[-99.14681185971524,19.324581399496385],[-99.14702588872156,19.324409923427332],[-99.1472220322706,19.32424764732198],[-99.14732086851143,19.324172970420186],[-99.14761788388375,19.32393031030765],[-99.14767240623156,19.323886763606616],[-99.1477267578995,19.323841718147776],[-99.14774948617449,19.323821231606555],[-99.14776558308614,19.323805773663082],[-99.14778583829914,19.32378438346124],[-99.14780667382381,19.323761196964252],[-99.14783754622519,19.3237259645364],[-99.14786311048152,19.3236955809907],[-99.14789028272226,19.323662163491854],[-99.1479123938547,19.323632628490166],[-99.14797818556778,19.32353235643736],[-99.14826600129322,19.323108732063034],[-99.14844226961658,19.322866752778328],[-99.1484808971738,19.32280958729234],[-99.14850666175444,19.32276860292827],[-99.14853297879901,19.322721694735698],[-99.14855098103735,19.322683399295986],[-99.1485602588376,19.322661295172505],[-99.14856745164802,19.322646188072735],[-99.1485778703087,19.322624083944216],[-99.1485998395073,19.3225859698924],[-99.14867862714763,19.322464460258924],[-99.14885816893188,19.322196267804102],[-99.14902748249833,19.321938863804515],[-99.14908449048458,19.321859594609688],[-99.14921650600039,19.321687458702634],[-99.14964131301006,19.321102693891742],[-99.15001911926569,19.320580574660365],[-99.15008860844453,19.3204833271117],[-99.15017331957581,19.320362007500574],[-99.1501974087985,19.320329275129886],[-99.15025117117158,19.320253689370738],[-99.15028712534256,19.320194726639023],[-99.15029961731487,19.320174256595113],[-99.1503554080839,19.32007604154848],[-99.15051059743915,19.32004957043127],[-99.15113965080167,19.319932984208528],[-99.1511455105123,19.319932090703723],[-99.15194789919875,19.319810188294277],[-99.15238220679089,19.319745467630888],[-99.15298953799154,19.319653543322943],[-99.1535357406337,19.319572023993768],[-99.15420669142114,19.31946465903655],[-99.15446732592274,19.319422424279427],[-99.15490452429337,19.319348434377346],[-99.15563429856226,19.31922763019217],[-99.15630474269982,19.319114044353398],[-99.15654361192037,19.31907410007732],[-99.15662677974602,19.319062546338458],[-99.15670487748018,19.319049556540644],[-99.15677740116803,19.319036556569003],[-99.15686755159837,19.319017354587537],[-99.1569396952988,19.319000941643043],[-99.15701931567737,19.31898120643371],[-99.15712125200425,19.31896291660591],[-99.15736265088063,19.318924407504383],[-99.1575609575729,19.318892549706195],[-99.15760099638345,19.318887215770783],[-99.15785432309019,19.31885343700212],[-99.1580422138167,19.31882767439194],[-99.15814768860749,19.31881432428881],[-99.15824304118163,19.3188084223697],[-99.15836983209574,19.31880168288973],[-99.15853616684872,19.318800733428386],[-99.1586730979458,19.318802662869416],[-99.15880089676968,19.318802668803656],[-99.15890857782281,19.31880280867953],[-99.15925377343699,19.31880316642309],[-99.1593318711712,19.31879884383075],[-99.15940134957019,19.31879210095943],[-99.1594667666858,19.318784400996822],[-99.15954662421962,19.318773757703237],[-99.1596725877854,19.31876453436253],[-99.1598013675696,19.318759481870597],[-99.15976099099252,19.318674841586567],[-99.15973595674218,19.318618078155644],[-99.15967755636726,19.318480963009836],[-99.15961431497128,19.318333021315816],[-99.15955526691097,19.31820208338643],[-99.15948860113711,19.31806607842737],[-99.15942345710937,19.317917052948577],[-99.15938272929101,19.31782384328855],[-99.15933392651658,19.317704364688122],[-99.159294503052,19.317599172108228],[-99.15924973281486,19.317490592738874],[-99.15919868604884,19.317372314295692],[-99.15912020832731,19.31718277969812],[-99.15906763891687,19.317061241462714],[-99.15899221367069,19.316902444827807],[-99.15893963617539,19.316779832292617],[-99.15889460902014,19.31667839547302],[-99.15885239898158,19.31657834973995],[-99.15883487913857,19.316536756827794],[-99.15881849117284,19.316502758007402],[-99.15879183097181,19.316442354450476],[-99.1587080181558,19.316250281469],[-99.15862954133259,19.316070146242822],[-99.15857887455392,19.315969594879597],[-99.15854382498648,19.315897243807765],[-99.15851715580233,19.31583539631097],[-99.15838687403503,19.315495390222424],[-99.15833240468773,19.31535468138306],[-99.15825087628751,19.315159356841555],[-99.15813735169348,19.31490289802538],[-99.15805204677578,19.31471567408672]]]}},{"type":"Feature","properties":{"name":"Ajusco","id":"003-002","alc":"Coyoacán","clasif":"Colonia","fuente":"SGIRPC CDMX"},"geometry":{"type":"Polygon","coordinates":[[[-99.17059760182684,19.312192420056554],[-99.17033774077468,19.31211489338488],[-99.17007714759563,19.31204328070889],[-99.16995904608522,19.31201326716167],[-99.16991461451292,19.312000625236557],[-99.16986417231311,19.311984688033622],[-99.16979783532264,19.311960588511095],[-99.169750835467,19.31194055997148],[-99.16969101395723,19.311907647035166],[-99.16961214906183,19.31185990575927],[-99.1694687438065,19.31175121321559],[-99.16932395065406,19.311633229035014],[-99.1691926735534,19.311522558490676],[-99.16916177779582,19.311489625971422],[-99.16911639580597,19.311437477857147],[-99.1690934330707,19.311410316102734],[-99.16906676119157,19.311376669737022],[-99.16905517561938,19.311361102101777],[-99.16903307885998,19.311329993955685],[-99.16891783129728,19.3113016054569],[-99.16886391621058,19.311231432790354],[-99.16881782006006,19.311171392675817],[-99.16877667093186,19.311119308043075],[-99.16875571593123,19.311092904145134],[-99.16872828228078,19.311060893069143],[-99.16868581083243,19.31101097531084],[-99.16861703850921,19.310940442215568],[-99.16859703482449,19.310920910346574],[-99.16857627026667,19.310902642506953],[-99.16855608512225,19.310886370326],[-99.16853321850667,19.31086954793793],[-99.16846216356433,19.310822348087015],[-99.16840550053116,19.310787447741173],[-99.16832006356113,19.310737711323302],[-99.16808651596033,19.310601801039432],[-99.16763238524484,19.31034083507271],[-99.16739007817166,19.31020175546504],[-99.16698490743578,19.309963218555186],[-99.16592577844449,19.309343971494364],[-99.16570001564386,19.30920586429382],[-99.16537337024032,19.309024403001928],[-99.16511715994147,19.30887447486817],[-99.1646392220743,19.308597581328495],[-99.16415996368374,19.308319421573007],[-99.16403594586889,19.30824377515455],[-99.1631115560853,19.31034050528737],[-99.16307230869054,19.310429540522556],[-99.16303503848775,19.31051407995139],[-99.16298825692266,19.310620208795797],[-99.1629520808679,19.31070227346989],[-99.16295201439253,19.310702418439508],[-99.16290492740029,19.3108092338592],[-99.16279776018355,19.311052326317753],[-99.16258934025781,19.31093102683598],[-99.1625288845375,19.311095894241586],[-99.16228056414184,19.311823512712795],[-99.16216840678365,19.31220425404433],[-99.16216234674879,19.31224759785058],[-99.16216606218076,19.31237743251838],[-99.16213632704657,19.312413100601116],[-99.16210472700983,19.31244840752777],[-99.16208502695567,19.31247622867178],[-99.16207164295619,19.31249976944058],[-99.16205603203319,19.31253365888396],[-99.16202964312345,19.312617475776488],[-99.16201012273228,19.31267900573103],[-99.16200233074552,19.312729294301086],[-99.16199692648078,19.312790825061313],[-99.16198725971003,19.31287713340073],[-99.161864030616,19.31320616810799],[-99.16185845656963,19.31321865649484],[-99.1618502756123,19.313233095581715],[-99.16184302710629,19.313242369252464],[-99.1618321260503,19.313259146464954],[-99.16181972121458,19.31326946796811],[-99.16180169562007,19.313282741377787],[-99.16177901854905,19.31329694478116],[-99.16175207987031,19.313309857041933],[-99.16172338139191,19.313321297587375],[-99.16168693045262,19.313330904423527],[-99.16166715493999,19.313333865655185],[-99.16165358139602,19.31333461507646],[-99.16163641189603,19.313333711362535],[-99.16157677184596,19.313325104037737],[-99.16113628025145,19.313196295915013],[-99.16088435761151,19.31331010289292],[-99.16022082780667,19.313650351747082],[-99.15976955463212,19.313860057779802],[-99.15966175050985,19.313935671928366],[-99.15942979202872,19.314041946909363],[-99.15910193030622,19.314182459351322],[-99.15875844867757,19.314340452412115],[-99.15852952380715,19.31445729186412],[-99.15816574923628,19.31465006634998],[-99.15805204677578,19.31471567408672],[-99.15813735169348,19.31490289802538],[-99.15825087628751,19.315159356841555],[-99.15833240468773,19.31535468138306],[-99.15838687403503,19.315495390222424],[-99.15851715580233,19.31583539631097],[-99.15854382498648,19.315897243807765],[-99.15857887455392,19.315969594879597],[-99.15862954133259,19.316070146242822],[-99.1587080181558,19.316250281469],[-99.15879183097181,19.316442354450476],[-99.15881849117284,19.316502758007402],[-99.15883487913857,19.316536756827794],[-99.15885239898158,19.31657834973995],[-99.15889460902014,19.31667839547302],[-99.15893963617539,19.316779832292617],[-99.15899221367069,19.316902444827807],[-99.15906763891687,19.317061241462714],[-99.15912020832731,19.31718277969812],[-99.15919868604884,19.317372314295692],[-99.15924973281486,19.317490592738874],[-99.159294503052,19.317599172108228],[-99.15933392651658,19.317704364688122],[-99.15938272929101,19.31782384328855],[-99.15942345710937,19.317917052948577],[-99.15948860113711,19.31806607842737],[-99.15955526691097,19.31820208338643],[-99.15961431497128,19.318333021315816],[-99.15967755636726,19.318480963009836],[-99.15973595674218,19.318618078155644],[-99.15976099099252,19.318674841586567],[-99.1598013675696,19.318759481870597],[-99.1596725877854,19.31876453436253],[-99.15954662421962,19.318773757703237],[-99.1594667666858,19.318784400996822],[-99.15940134957019,19.31879210095943],[-99.1593318711712,19.31879884383075],[-99.15925377343699,19.31880316642309],[-99.15890857782281,19.31880280867953],[-99.15880089676968,19.318802668803656],[-99.1586730979458,19.318802662869416],[-99.15853616684872,19.318800733428386],[-99.15836983209574,19.31880168288973],[-99.15824304118163,19.3188084223697],[-99.15814768860749,19.31881432428881],[-99.1580422138167,19.31882767439194],[-99.15785432309019,19.31885343700212],[-99.15760099638345,19.318887215770783],[-99.1575609575729,19.318892549706195],[-99.15736265088063,19.318924407504383],[-99.15712125200425,19.31896291660591],[-99.15701931567737,19.31898120643371],[-99.1569396952988,19.319000941643043],[-99.15686755159837,19.319017354587537],[-99.15677740116803,19.319036556569003],[-99.15670487748018,19.319049556540644],[-99.15662677974602,19.319062546338458],[-99.15654361192037,19.31907410007732],[-99.15630474269982,19.319114044353398],[-99.15563429856226,19.31922763019217],[-99.15490452429337,19.319348434377346],[-99.15446732592274,19.319422424279427],[-99.15420669142114,19.31946465903655],[-99.1535357406337,19.319572023993768],[-99.15298953799154,19.319653543322943],[-99.15238220679089,19.319745467630888],[-99.15194789919875,19.319810188294277],[-99.1511455105123,19.319932090703723],[-99.15113965080167,19.319932984208528],[-99.15051059743915,19.32004957043127],[-99.1503554080839,19.32007604154848],[-99.15029961731487,19.320174256595113],[-99.15028712534256,19.320194726639023],[-99.15025117117158,19.320253689370738],[-99.1501974087985,19.320329275129886],[-99.15017331957581,19.320362007500574],[-99.15008860844453,19.3204833271117],[-99.15001911926569,19.320580574660365],[-99.14964131301006,19.321102693891742],[-99.14921650600039,19.321687458702634],[-99.14908449048458,19.321859594609688],[-99.14902748249833,19.321938863804515],[-99.14885816893188,19.322196267804102],[-99.14867862714763,19.322464460258924],[-99.1485998395073,19.3225859698924],[-99.1485778703087,19.322624083944216],[-99.14856745164802,19.322646188072735],[-99.1485602588376,19.322661295172505],[-99.14855098103735,19.322683399295986],[-99.14853297879901,19.322721694735698],[-99.14850666175444,19.32276860292827],[-99.1484808971738,19.32280958729234],[-99.14844226961658,19.322866752778328],[-99.14826600129322,19.323108732063034],[-99.14797818556778,19.32353235643736],[-99.1479123938547,19.323632628490166],[-99.14789028272226,19.323662163491854],[-99.14786311048152,19.3236955809907],[-99.14783754622519,19.3237259645364],[-99.14780667382381,19.323761196964252],[-99.14778583829914,19.32378438346124],[-99.14776558308614,19.323805773663082],[-99.14774948617449,19.323821231606555],[-99.1477267578995,19.323841718147776],[-99.14767240623156,19.323886763606616],[-99.14761788388375,19.32393031030765],[-99.1476204979812,19.324027040399624],[-99.14762018716411,19.324170166210386],[-99.14783605142854,19.324152363546318],[-99.1478802862698,19.324149641563718],[-99.14791766157549,19.324148146211048],[-99.14796162961704,19.324147455330962],[-99.14796241654129,19.32416810713379],[-99.14796651285894,19.324206458174025],[-99.1480014168993,19.324518703343735],[-99.14804362963282,19.324903874861555],[-99.14807011645897,19.32512038281554],[-99.14814813693806,19.32566247371188],[-99.14821631008496,19.32621596006772],[-99.14823921622637,19.326390214677588],[-99.1482574969424,19.326499182311128],[-99.14826104349117,19.326517577257086],[-99.14826895585219,19.326540640447483],[-99.14827850494366,19.326558258901894],[-99.14828091063197,19.32656113088609],[-99.14829133558088,19.326573547893958],[-99.14832047064048,19.326598167440697],[-99.1483988208012,19.326667263721806],[-99.14842967793126,19.32669269534367],[-99.14891399653185,19.326963166640667],[-99.14938500748983,19.32723620853222],[-99.1494624359791,19.32703303077509],[-99.14951620823368,19.32688571055218],[-99.14957343181563,19.32676270793995],[-99.14976375338325,19.326421615802513],[-99.14977085097236,19.32641078057983],[-99.14977617888027,19.32640476703932],[-99.14978308512822,19.326398825552698],[-99.1497887939218,19.326395222853503],[-99.14979450181715,19.326392966292207],[-99.14979981894527,19.32639200924566],[-99.14980540377144,19.326391648975694],[-99.14980990343271,19.326392064345878],[-99.14981294692487,19.32639260686995],[-99.14981630482743,19.326394114917445],[-99.14985903499053,19.32641277520352],[-99.15071102505374,19.326809569197],[-99.15098234860888,19.326933331305305],[-99.15108557401817,19.326724628761227],[-99.15117763875841,19.32653133023276],[-99.15121771529819,19.32644419327796],[-99.15123039950997,19.326403026723803],[-99.15123800374887,19.326371973149858],[-99.15125322839631,19.326325758557907],[-99.1512776437074,19.326270776248034],[-99.15131891859974,19.326180361965065],[-99.15134022304505,19.32612692410713],[-99.15136305013475,19.326066262169494],[-99.15144704171551,19.32583157830593],[-99.1518271764044,19.32538827886227],[-99.1519558403059,19.32524188538777],[-99.1526842796782,19.325828353667042],[-99.15329556346614,19.326313701801343],[-99.15350025718001,19.326476095379366],[-99.15365935869832,19.32660734032528],[-99.15407319997327,19.326941418278775],[-99.15393580265057,19.327102776203006],[-99.15378851936819,19.327279393224785],[-99.15375345183443,19.327321958245275],[-99.15372192276456,19.32736119183708],[-99.15369912711591,19.327391522144495],[-99.15369151569054,19.32740480457939],[-99.15368604495048,19.327417519061964],[-99.15368177256295,19.327427406501997],[-99.15367675816701,19.327442070666258],[-99.15366781364175,19.3274784704072],[-99.15366269234633,19.327516079791],[-99.1536599210437,19.32756137515246],[-99.15365949973379,19.32759554460045],[-99.15366332835353,19.32765863798546],[-99.15366970190051,19.327775315331998],[-99.15367289541129,19.327817775110095],[-99.15367411981507,19.32784534357033],[-99.15367319634696,19.327862672823073],[-99.1536685511586,19.327894656873024],[-99.15366015819893,19.327925755084845],[-99.15375878064066,19.32790041520518],[-99.15381957502588,19.32782159563338],[-99.15383733741395,19.32779897681161],[-99.15396312940152,19.32763872072111],[-99.15397970242022,19.32761761838728],[-99.15409678973265,19.327465804247748],[-99.15418993604449,19.32752573411084],[-99.15423361752343,19.327553829882298],[-99.15434522690933,19.327627061626934],[-99.15435265597671,19.327631929896498],[-99.15442371451229,19.32767855609492],[-99.1544604133866,19.32770262363067],[-99.1544809794167,19.327716125591284],[-99.15471962855008,19.327872333903894],[-99.15493290836145,19.328009586123454],[-99.155011300743,19.32806004205638],[-99.15507851628581,19.32810329180294],[-99.15509131997361,19.32811153723556],[-99.15509221469563,19.32811042592057],[-99.15525380364895,19.328214625028984],[-99.15546165224607,19.328358567729012],[-99.15563194767111,19.328165488989],[-99.15569213299855,19.328213378932723],[-99.15587148972985,19.328368670423757],[-99.15607468595219,19.328529534434498],[-99.15645459696059,19.3288174250866],[-99.15656310626034,19.328905744985853],[-99.15692162478855,19.32919577366997],[-99.15716226458858,19.329388596040975],[-99.15727945969886,19.329481945752313],[-99.15757660532685,19.32971728386414],[-99.1577410697874,19.329838358331685],[-99.15786978668946,19.329926236039896],[-99.15797863106086,19.330006183699354],[-99.15829087736881,19.330215885697054],[-99.15856686138368,19.33039795243459],[-99.15875900114145,19.330119700085994],[-99.15882471290448,19.330021510514204],[-99.15905638212804,19.329671786505667],[-99.15914221435683,19.329536348017594],[-99.15931096827285,19.32928339657253],[-99.15955804719675,19.328909471391057],[-99.15957596140018,19.328884883556917],[-99.15960148613068,19.328851608682395],[-99.1596323576337,19.32882014021003],[-99.15964681781487,19.32880453693831],[-99.15966381843162,19.32878621599819],[-99.15968989472766,19.328754855168807],[-99.1597188537175,19.328717418149658],[-99.15991083806676,19.3284225483438],[-99.16000139812886,19.328267461195935],[-99.16002273581178,19.32827921857583],[-99.16006605976132,19.3282183395824],[-99.1600885688474,19.328196496447003],[-99.16013888528309,19.32811967077342],[-99.16015372634989,19.328096988416497],[-99.16016725497809,19.328076345587235],[-99.16018334200817,19.328051775429035],[-99.16018118335654,19.328051170181705],[-99.16024070932055,19.327961052726494],[-99.1602502323609,19.327946623417738],[-99.16025825162139,19.327934613403436],[-99.16027189433561,19.32791415195838],[-99.1603539482503,19.32779116537888],[-99.16037575305722,19.327760580839655],[-99.16037835008669,19.327756951044435],[-99.16040337086228,19.32772187036664],[-99.16042831528114,19.32768166965029],[-99.16045649363492,19.327636231062968],[-99.16051279464706,19.327550637489466],[-99.1605120625201,19.32755042048139],[-99.16054553015435,19.327505524378036],[-99.16058886398532,19.32743915461779],[-99.16058969223198,19.327437727958014],[-99.16063339706723,19.327361524978773],[-99.1606624126509,19.327320746049768],[-99.16074017531345,19.327204838928427],[-99.16080255522509,19.327120500558117],[-99.16082159142428,19.32709556914014],[-99.16078349207649,19.32708182384103],[-99.16071566657756,19.327055779399558],[-99.16067642636929,19.32703769053054],[-99.16063527454615,19.327015800614248],[-99.16059850739991,19.32699518392665],[-99.16055507295758,19.326966610809123],[-99.16052915117176,19.32694853210242],[-99.16075930583574,19.326689548709425],[-99.16115253616486,19.326228026156336],[-99.16131600169878,19.32603234925348],[-99.16137696227226,19.325963985113365],[-99.1614653582929,19.325865965973748],[-99.16157662452228,19.325741905515137],[-99.16167835782989,19.325630865602832],[-99.16179114580537,19.325501016032096],[-99.16183114778495,19.32545399842296],[-99.16188106357207,19.325386716552757],[-99.16204186470284,19.32516897893862],[-99.16210816216744,19.325082165926446],[-99.16216836096959,19.325006576431942],[-99.16225637610448,19.324884682046598],[-99.16240345906262,19.3246680186507],[-99.16252386654833,19.324486805946332],[-99.16262064295219,19.32434683302628],[-99.1627155167243,19.324220234232396],[-99.16278448577857,19.324127641058762],[-99.16287135915478,19.324005023771736],[-99.16292699092197,19.323931963335845],[-99.16294635051466,19.323904719734625],[-99.16296069571148,19.323884230658248],[-99.16298585752254,19.323846422074883],[-99.16300133549491,19.323820154170527],[-99.16301840168869,19.32378888394025],[-99.16306392201908,19.323710846514864],[-99.16315529415819,19.323575632813803],[-99.16315161376049,19.32356138283192],[-99.16325385910781,19.323419305952186],[-99.16324327156386,19.32341118743909],[-99.16326680652595,19.323382093201047],[-99.16326803362468,19.32338056732386],[-99.1633709158775,19.323236232834212],[-99.16339299556888,19.323205242236664],[-99.16339510750815,19.323202289660973],[-99.16340046326386,19.323194758600536],[-99.16340692215074,19.323184915832975],[-99.16346354386143,19.32309851714517],[-99.1634507015461,19.323092782379742],[-99.1635149993609,19.323010511150507],[-99.16352853607387,19.323020110635365],[-99.16354393679116,19.32299692996388],[-99.16357179175144,19.322934903743345],[-99.16361999355296,19.322865102282616],[-99.16367709945555,19.32277813461041],[-99.1636916827059,19.322755911819925],[-99.163719964366,19.322712848002432],[-99.1637616596699,19.322649331393936],[-99.16381180183245,19.322604018564107],[-99.16382920040287,19.322574635112005],[-99.16387415838787,19.322501203585407],[-99.16392559502275,19.322415842986388],[-99.16398236765035,19.322331927696936],[-99.16398203437541,19.322315953354003],[-99.16408676176786,19.322156863428763],[-99.16412336721737,19.322099315374373],[-99.16414667400743,19.322062699115033],[-99.16420194285529,19.321994134948202],[-99.16421770559359,19.321970349708945],[-99.16430579439036,19.321837202998665],[-99.16440650631344,19.321678193988237],[-99.16444011498317,19.321628248954248],[-99.16444136094648,19.321626379734578],[-99.16453680245382,19.321484463934365],[-99.16453844816745,19.32148200809119],[-99.16464531444856,19.32132310724335],[-99.1646522395611,19.321312208103507],[-99.16469082310086,19.32125352211058],[-99.1648653154549,19.320993323382172],[-99.16486966240261,19.32098683067946],[-99.16491712129739,19.320916071308012],[-99.16495393515603,19.320853403419314],[-99.16497254196052,19.320830386050837],[-99.1650350117037,19.320752592204514],[-99.16506579517186,19.32070295461127],[-99.16506771666823,19.320699839227466],[-99.1651552709674,19.320561634807046],[-99.16518301004508,19.32052546919256],[-99.16518690064854,19.320520746519886],[-99.16504932186615,19.32043613427517],[-99.16507312272962,19.320408394171974],[-99.16513217707805,19.320341834181562],[-99.16521790420394,19.320250685030555],[-99.16527009991523,19.320197516505665],[-99.16533868538883,19.320115767713745],[-99.16539965135227,19.32003909422217],[-99.16548747155271,19.319927935143543],[-99.16562177058603,19.319763470838932],[-99.16593991613038,19.319378981495653],[-99.16625995442509,19.31895216820506],[-99.16636374487473,19.318822135303115],[-99.16644284063715,19.318723572720735],[-99.16649007944469,19.318662077255222],[-99.16656590264456,19.318569844610288],[-99.16661123882034,19.3185101649351],[-99.16705624714409,19.317885862123852],[-99.16739345763376,19.31742006413456],[-99.16747821188416,19.31729685687344],[-99.16759573577785,19.31712700082522],[-99.16764298356856,19.317059356931445],[-99.1677175401439,19.316932844896005],[-99.16774851225823,19.316875612058045],[-99.16778584713974,19.316810505357036],[-99.16781099727278,19.31677216360177],[-99.16791043807977,19.31662748333008],[-99.16803997514376,19.316446266796273],[-99.16814589280393,19.316291454819584],[-99.1682525614557,19.31613628155609],[-99.16832266598051,19.316045854036147],[-99.16834571405575,19.31601945008611],[-99.16837354655821,19.31599257563172],[-99.16840887550165,19.31596188206784],[-99.16843238890422,19.315942404207018],[-99.1684701145529,19.315915277958673],[-99.16846219949696,19.315815017277927],[-99.16845771870034,19.315808425182944],[-99.16846412997648,19.315807847018228],[-99.16848571289951,19.315805878545316],[-99.1685515378503,19.315799899372355],[-99.16857512850797,19.315797750328855],[-99.1685877983467,19.315796603324532],[-99.16878950246738,19.315515531077462],[-99.16883178347285,19.315457522051354],[-99.16890716649817,19.315354063372343],[-99.16895112106505,19.31529375094813],[-99.16906944086605,19.315125294153223],[-99.16916174545649,19.31499798712406],[-99.16922534258532,19.314910267546995],[-99.16931366135077,19.31478886665363],[-99.1693161820235,19.31478539001385],[-99.16933350333878,19.314763148333768],[-99.16941587705372,19.314657333304687],[-99.16945045320898,19.3146024479517],[-99.1694663569828,19.31458045040032],[-99.16949572021448,19.31453986835204],[-99.16955372443238,19.314459680840162],[-99.16966437711245,19.31430996030422],[-99.16972875308065,19.314222891435303],[-99.16982784803626,19.314087890301575],[-99.16993757724823,19.313936300965164],[-99.16994786924647,19.313922096769605],[-99.16995868406413,19.31390776540893],[-99.16999968047877,19.313853485104357],[-99.17006317250474,19.31376939586677],[-99.17016698451393,19.313621824618505],[-99.17030256634145,19.313434998508207],[-99.17033919604545,19.313384510931268],[-99.17041405445474,19.31329313409142],[-99.17049747201203,19.31316914971243],[-99.17061051960063,19.313015934361786],[-99.17064834855556,19.31296531101338],[-99.17072071413988,19.312868443818708],[-99.17076417283668,19.312810641555675],[-99.17078466251003,19.312831599986215],[-99.17080364840353,19.31281805440759],[-99.17081110621706,19.312822677266684],[-99.17085992156788,19.31280076933882],[-99.17086408795414,19.3128054286522],[-99.17088293101558,19.31279393296599],[-99.17118515481987,19.312687407082954],[-99.17120726954555,19.312642807005265],[-99.17121707555515,19.312623004054746],[-99.1712927388549,19.31243769600031],[-99.17116174741852,19.312397190566948],[-99.17103076496525,19.31235667579806],[-99.17082884165565,19.312285063227975],[-99.1707760871923,19.312264827872966],[-99.17072334261043,19.312244584037597],[-99.17059760182684,19.312192420056554]]]}},{"type":"Feature","properties":{"name":"Alianza Popular Revolucionaria","id":"003-003","alc":"Coyoacán","clasif":"Colonia","fuente":"SGIRPC CDMX"},"geometry":{"type":"Polygon","coordinates":[[[-99.12459533247122,19.31878029033731],[-99.12448059604989,19.318101654561044],[-99.12441562000704,19.317684793783545],[-99.12431211791669,19.31704980287456],[-99.12427328644188,19.31676404645392],[-99.12422028404347,19.316397468011303],[-99.12420992377328,19.31621781192426],[-99.12421303643576,19.316137499768814],[-99.12421701956573,19.316071896841493],[-99.12422077003205,19.31602651267267],[-99.12423313354529,19.315960217090566],[-99.12425492218252,19.315865804207327],[-99.124291943552,19.315756900694073],[-99.12435427944621,19.315564276717478],[-99.12440463361116,19.315431429130875],[-99.12449524936879,19.31523696091045],[-99.12446316693674,19.315188118529093],[-99.12444690922673,19.3151580631716],[-99.12442010799022,19.315105889947116],[-99.12440735999802,19.315073749102968],[-99.12439242909969,19.315023249315853],[-99.1243757366051,19.314946544611832],[-99.12435300204187,19.314835568575628],[-99.1243214496158,19.314655230872614],[-99.12430597613503,19.31449431166345],[-99.12427798373251,19.314191888107825],[-99.12418311355364,19.313369949780185],[-99.12408902940071,19.312635412796183],[-99.12403760893552,19.3122629466774],[-99.12398251166587,19.311873133503806],[-99.12395589458404,19.311627048787727],[-99.12394300735292,19.31147474419407],[-99.1239413382831,19.311456656991446],[-99.12394010759121,19.31143431651706],[-99.12394034025483,19.311416021605975],[-99.12394370893713,19.311373680493443],[-99.12395174616398,19.311230980079767],[-99.12354660147929,19.31134097938599],[-99.1232866236462,19.311400488733202],[-99.12313512636675,19.311435344863987],[-99.12310038671812,19.311442027846912],[-99.1230024460976,19.31146085006889],[-99.12284743281218,19.311483062526175],[-99.122719168661,19.311499927239744],[-99.12255690866616,19.311516909791735],[-99.12245964717202,19.311521572532847],[-99.12227319195334,19.31152364957202],[-99.12204639788682,19.31152274500025],[-99.12182589202735,19.311517254834605],[-99.12140817452185,19.311512239420598],[-99.12102863721263,19.311509507901842],[-99.12099624845509,19.311509291720203],[-99.1206567274985,19.31151005556209],[-99.12039101841387,19.311512380998344],[-99.12035665066774,19.31151551436052],[-99.12031138186559,19.311521463170415],[-99.12026610228374,19.31152995783657],[-99.12019977068316,19.31154611380877],[-99.12012222181959,19.311569075683924],[-99.12007470543264,19.311584802680198],[-99.11991967777419,19.31165536940832],[-99.11966453377558,19.311800867939265],[-99.11943921384447,19.31192912695931],[-99.11927795906446,19.31202048760625],[-99.11920145224664,19.31205861938169],[-99.1191383321232,19.312086885670347],[-99.11910239052867,19.312103274723746],[-99.11905845841974,19.312121557689192],[-99.11902797858212,19.312134535321025],[-99.11899883992928,19.31214537318573],[-99.11897507679502,19.312153457499885],[-99.11894773656938,19.312160683024853],[-99.11890066934008,19.312168752926162],[-99.11885136620404,19.312175548632318],[-99.11878951719673,19.312180209659022],[-99.11874200350469,19.312184035634544],[-99.11864429644618,19.31218400935371],[-99.11858961240158,19.312180591154508],[-99.1185358239773,19.312174616935554],[-99.11847621357168,19.3121677924053],[-99.118277666131,19.312144333822292],[-99.11801899534656,19.312114456784336],[-99.11771461019569,19.31208304104174],[-99.11769363722878,19.31208086821181],[-99.11725376726844,19.31203433420879],[-99.1170293573307,19.312011499564196],[-99.11676149678092,19.31198606989659],[-99.11644256970226,19.31195074676261],[-99.11611872524571,19.31191240641079],[-99.11594154153903,19.311891317306017],[-99.11563092657173,19.311860699271378],[-99.11534335878123,19.311832254912016],[-99.11492014538292,19.311787680881785],[-99.11489564024026,19.31203690294714],[-99.11483586813793,19.312603947135504],[-99.11481327550854,19.31281954308182],[-99.11480291883159,19.31293357158835],[-99.11473422196688,19.31356743570564],[-99.11466217348786,19.31438972909787],[-99.11462263234398,19.314776818371083],[-99.11458262856773,19.31515187966661],[-99.11455533325781,19.315408009164926],[-99.1145473337602,19.315496655066223],[-99.11453039153398,19.315648996605194],[-99.11452522262783,19.31569175285548],[-99.11451863977345,19.315723383233102],[-99.11451065195394,19.31574564851944],[-99.11449609565302,19.315781286196174],[-99.11448295060549,19.315809347533726],[-99.11445197220293,19.315861009341265],[-99.1144108643972,19.31593628092181],[-99.11434808293863,19.316028604066275],[-99.114316708379,19.316009018549405],[-99.11423963472426,19.315966446343445],[-99.1142161042537,19.31595750005799],[-99.11419951596366,19.315953241819273],[-99.11417867594739,19.315947709414985],[-99.11413520736913,19.3159400305121],[-99.11399357538818,19.315923888538016],[-99.11393866317148,19.31591880713488],[-99.11373313851594,19.315896244312427],[-99.11329391534258,19.315853621212106],[-99.11288291184565,19.31581775889767],[-99.11273141546454,19.31580323950302],[-99.11259022994626,19.315790013771966],[-99.11235223029492,19.31577036549306],[-99.11217339638307,19.315753714852825],[-99.11155968804223,19.315689913239073],[-99.1113060918409,19.315660849841052],[-99.11153103537788,19.316118263536765],[-99.11168705387814,19.31643552755506],[-99.11187070545479,19.316811640485756],[-99.11196150806208,19.317017219043176],[-99.11201107709947,19.31713112085147],[-99.11211179351415,19.317359720258498],[-99.11217251603408,19.317488777727256],[-99.11234966740136,19.317479656042863],[-99.11265938315516,19.31746782837122],[-99.11523105230275,19.317352031249033],[-99.11964632402646,19.317193003463142],[-99.12013319833409,19.317176269889096],[-99.12038530692526,19.31716398950137],[-99.12053697308798,19.317158221465764],[-99.12058088184072,19.31715695070064],[-99.12059798486543,19.317156648056816],[-99.12061076968857,19.31715705751616],[-99.12062971785284,19.31715953631333],[-99.12064043744913,19.317162411005988],[-99.12065927961224,19.31716848422841],[-99.1206967456478,19.317179799038065],[-99.12076950649082,19.317207169226098],[-99.12081584518648,19.317227119128308],[-99.12091329622513,19.317272384280006],[-99.12107051307795,19.31735014587339],[-99.12134450912107,19.31747698735674],[-99.12173029151812,19.317652916245578],[-99.12324948100414,19.318299376374892],[-99.12417556231536,19.318690921404354],[-99.1243214433276,19.31873552746159],[-99.12437992185595,19.3187499355427],[-99.12446091575866,19.31876433853612],[-99.12453715577678,19.318774226499876],[-99.12459533247122,19.31878029033731]]]}},{"type":"Feature","properties":{"name":"Atlantida","id":"003-004","alc":"Coyoacán","clasif":"Colonia","fuente":"SGIRPC CDMX"},"geometry":{"type":"Polygon","coordinates":[[[-99.14884559880608,19.34264929644343],[-99.1487771956905,19.342374695290157],[-99.14867500873363,19.34202274902246],[-99.1485764051565,19.341704249714596],[-99.14805669562863,19.3398796145684],[-99.14790009412182,19.339356533118547],[-99.1477459998129,19.338879812771005],[-99.1475383910659,19.338171284808034],[-99.14741837434735,19.337716140097626],[-99.14720870935666,19.336967139104623],[-99.14716601243119,19.337048738755527],[-99.14712680905386,19.337115059685893],[-99.14711073819342,19.337141859464204],[-99.14698533876968,19.337317254356],[-99.14686067237118,19.337489634016897],[-99.14677836692822,19.33759870782822],[-99.14652902963961,19.337968433431577],[-99.14636661423626,19.338199746620678],[-99.14628455493167,19.33832291692674],[-99.14600269234164,19.33873403151123],[-99.14578111838517,19.339054356472236],[-99.14332507678768,19.340548701274],[-99.14369414602892,19.341943076787462],[-99.14369522041402,19.341947275863394],[-99.1443912629439,19.342036524425584],[-99.14487318394103,19.342098962959984],[-99.14534859844052,19.342161398079917],[-99.14580455722758,19.34222075125959],[-99.14624752098575,19.342277790438295],[-99.14661910371316,19.342327117182432],[-99.14711391643291,19.34240168661273],[-99.14761885226758,19.342476410274035],[-99.14815002699342,19.342553689445555],[-99.14884559880608,19.34264929644343]]]}},{"type":"Feature","properties":{"name":"Avante","id":"003-005","alc":"Coyoacán","clasif":"Colonia","fuente":"SGIRPC CDMX"},"geometry":{"type":"Polygon","coordinates":[[[-99.14139777637995,19.334247596156978],[-99.14134964464704,19.334087974505273],[-99.14125689898383,19.333788868488657],[-99.1411196166455,19.33333367172238],[-99.14111143928143,19.333306580572295],[-99.14091473428535,19.332697846500807],[-99.14081388941158,19.3323648492237],[-99.14075451705949,19.332188944652238],[-99.14046706425341,19.331244116258574],[-99.140457347177,19.331212807608967],[-99.14006570506932,19.329951523897204],[-99.14001964664806,19.32981116318534],[-99.13993269691508,19.329521827298805],[-99.13951484196743,19.328168314322337],[-99.13915027957395,19.32820785711575],[-99.13882798381299,19.32824482209144],[-99.13853616788955,19.32827886593927],[-99.13833327170451,19.328299846968925],[-99.13827089358952,19.328306004545826],[-99.13817472624342,19.328312979289898],[-99.1380716239033,19.32831790263855],[-99.13795466055836,19.328327338208485],[-99.1378550293085,19.328336786493352],[-99.13770514001345,19.328354858264866],[-99.13758427438697,19.328371282985007],[-99.13739497061047,19.328397981628424],[-99.13719396537914,19.328428795770595],[-99.13686386595326,19.328480557006053],[-99.13686137133173,19.3277071146772],[-99.13686028167531,19.327470752204835],[-99.13686235858022,19.327247286139375],[-99.13685979927997,19.326986570539855],[-99.13685636052907,19.32685497495433],[-99.13713973318714,19.32683720479511],[-99.13711043822741,19.32575380125141],[-99.1370724457791,19.324846590562206],[-99.13707072011542,19.324818208649642],[-99.13706443999324,19.324775567531326],[-99.1370563030534,19.3247392027917],[-99.13705059156484,19.324710468216086],[-99.13704821731751,19.324685797522807],[-99.13703913804498,19.324447754768304],[-99.1369004956573,19.324359445174597],[-99.13688459996833,19.324358611880974],[-99.13679635127144,19.324353946963026],[-99.13677378738811,19.324352760176666],[-99.1367097671528,19.324349372749193],[-99.13669968356373,19.32434884717244],[-99.13654528382767,19.32434068547259],[-99.13639387098989,19.32433269585638],[-99.13631870266184,19.324328719273822],[-99.1360924826188,19.32431677087605],[-99.13569582431853,19.324295681676343],[-99.13562250023182,19.32429177714774],[-99.13534438900635,19.32427654982453],[-99.13513218627497,19.323991940271462],[-99.13477274517699,19.323519795935503],[-99.13462865450711,19.32333069910408],[-99.13450334940646,19.32330672925857],[-99.13438391299954,19.323281477671873],[-99.13434848973296,19.323271954496345],[-99.13430518105478,19.323258175814843],[-99.13420793932359,19.32322443101043],[-99.13411870786982,19.32318863813025],[-99.13397534573355,19.32312755124612],[-99.13371719417545,19.323016471410057],[-99.13344994897169,19.322904982901242],[-99.13320118570658,19.322798210989387],[-99.13293736577899,19.322685864445983],[-99.13266859972745,19.322574031539787],[-99.13240902254297,19.32246573013505],[-99.13214072451366,19.32234924651406],[-99.13187161800064,19.322232075312776],[-99.13161362185105,19.322119565618674],[-99.13134149160875,19.322001237119274],[-99.13108587419804,19.321890270959354],[-99.13082359847442,19.32177573667944],[-99.13060916702284,19.321682730129382],[-99.13034889993217,19.321569179058006],[-99.12993694961087,19.321389624448162],[-99.12984364968715,19.32135057761625],[-99.12980623844884,19.321430973677515],[-99.12952513224023,19.322018782311783],[-99.12952113473723,19.3220269627773],[-99.12900902854996,19.323084846108344],[-99.12894595873219,19.32321511891138],[-99.12894590124002,19.32321525454504],[-99.12857794680806,19.323969602358012],[-99.12857071447168,19.323984572854712],[-99.12846419224527,19.32422303420277],[-99.1287819200731,19.32441791558282],[-99.12891832206249,19.324505363877996],[-99.12907633482263,19.324603616104575],[-99.12917523394553,19.324667316752585],[-99.12938277172556,19.324801564017374],[-99.1295774788685,19.32492912619752],[-99.12994886845806,19.32517826803833],[-99.13005208308756,19.325260878103595],[-99.13015485125445,19.32534049829137],[-99.13023552356017,19.32540855582532],[-99.13024072570403,19.325413965840717],[-99.1303332126524,19.325482621819347],[-99.13051334912137,19.32560569236357],[-99.13069379461079,19.32574649749158],[-99.13089052835296,19.325884740759076],[-99.13088656318928,19.325962868697463],[-99.13085002241849,19.326101941675763],[-99.13073965540266,19.326792195752727],[-99.13062838198678,19.327492923492628],[-99.130579894521,19.327797741732258],[-99.13055274473815,19.327968531010665],[-99.13053538749024,19.32808047296644],[-99.13047559472662,19.328441843312902],[-99.13029237344294,19.329607722460214],[-99.13028417721428,19.329633411318177],[-99.13027170859813,19.32966247646954],[-99.13025816649527,19.329685129787947],[-99.13024558558966,19.329703855816863],[-99.13023036184059,19.329805810957563],[-99.13019326770755,19.33007455631996],[-99.1300745391731,19.33091008270707],[-99.12999749965434,19.33151407820022],[-99.12996552951168,19.331753322820298],[-99.12995205657899,19.331849354889627],[-99.12994237184193,19.331936853457144],[-99.1299397397782,19.331964928125878],[-99.13202675166029,19.33241404842276],[-99.13255288414241,19.332527926782845],[-99.13277456948991,19.332576613097334],[-99.13298870270081,19.332623743938136],[-99.13325951241964,19.332684123712287],[-99.13361638703091,19.332756185080065],[-99.13379461996976,19.332790278847085],[-99.1339331743226,19.332817547243923],[-99.13407131095876,19.332845204712328],[-99.1343710994303,19.332901686863035],[-99.13466164154268,19.332959340460313],[-99.13489634347866,19.333006084657928],[-99.1352007456975,19.33306607012915],[-99.13537078869597,19.33309801162496],[-99.13560495882923,19.333141296486826],[-99.13573488576209,19.333169565062363],[-99.13587199472555,19.33319728350256],[-99.13596680022567,19.333215692952102],[-99.13603827108803,19.333228952026637],[-99.13620495618392,19.333259050681445],[-99.13643958445802,19.333299634014196],[-99.13657335528197,19.333323396412506],[-99.13668712062447,19.33334438272777],[-99.13675004850842,19.3333546783801],[-99.13680131446338,19.333359039579605],[-99.13688278537144,19.33336300831347],[-99.13695331659599,19.333365367345024],[-99.13703010907807,19.333356305035544],[-99.13716054894886,19.333336550368795],[-99.13722431855425,19.333323503217326],[-99.13728161939132,19.3333094702387],[-99.13733851239316,19.33329345119575],[-99.13742686619297,19.33326814520735],[-99.13755356997049,19.33323256898543],[-99.13777404169406,19.33316495125552],[-99.13829159706185,19.33302063303982],[-99.13830255022012,19.333057613031833],[-99.1383520959013,19.33321681101371],[-99.13845167145564,19.333546604106218],[-99.1384728177974,19.333615894952008],[-99.13851107704534,19.33374121074203],[-99.13851664929504,19.3337594878959],[-99.13851925440936,19.333768734972047],[-99.13860609814118,19.333784776855055],[-99.13880003003796,19.33381957226614],[-99.13885310250492,19.333776136701335],[-99.13932638350563,19.333860738646372],[-99.13934021576439,19.333863351119778],[-99.13978685093713,19.333947847910487],[-99.14017429701414,19.334021129342766],[-99.14046978974196,19.334077032139053],[-99.1408757483003,19.33415324978587],[-99.14139777637995,19.334247596156978]]]}},{"type":"Feature","properties":{"name":"Barrio Del Niño Jesus","id":"003-006","alc":"Coyoacán","clasif":"Pueblos y Barrios Originarios","fuente":"SGIRPC CDMX"},"geometry":{"type":"Polygon","coordinates":[[[-99.16288564865596,19.336313324953245],[-99.16291196929379,19.33605797415344],[-99.16292589946889,19.335943780388398],[-99.16281633464864,19.33590630348255],[-99.16242178828769,19.33577137705668],[-99.16208931730941,19.33565926067137],[-99.16197623199159,19.335621169156763],[-99.16176066057791,19.335548534349023],[-99.16177347684203,19.33549874358926],[-99.16177564627345,19.335485270244366],[-99.16179963398649,19.335332103791302],[-99.16133589578907,19.335307429616346],[-99.16100142605936,19.335278478206675],[-99.16069981490608,19.335253419191485],[-99.16023841771828,19.335215793788795],[-99.15984646748844,19.335195551949134],[-99.15950138057035,19.3351821921641],[-99.15921890982086,19.335171904255887],[-99.15913017783035,19.335391042411334],[-99.15877039896576,19.336229348991672],[-99.15840523290449,19.33722083135078],[-99.15839086614814,19.337258378308828],[-99.15837649849344,19.337295915086507],[-99.15836050488818,19.337332675419947],[-99.15833768049345,19.33736684451888],[-99.15832728159572,19.33737880891474],[-99.15830736864079,19.337394953854755],[-99.15826938966717,19.33741280423847],[-99.15823038391926,19.337427972697686],[-99.15819100626875,19.337441687458753],[-99.15815114442633,19.337454183317263],[-99.15797917184672,19.338114596809934],[-99.15801176542011,19.338121416018275],[-99.15804436797673,19.338128225902327],[-99.15807696065188,19.338135045110008],[-99.1581095632085,19.3381418549936],[-99.15814277482286,19.338148412282198],[-99.15815424810567,19.338152548730847],[-99.15816157296851,19.338158337216033],[-99.15816711826872,19.338170338849828],[-99.15817668802143,19.3382004365937],[-99.15819665307865,19.338260911783472],[-99.15821659118642,19.338321368302985],[-99.15822673047099,19.33835162876431],[-99.15823584298121,19.338382602078397],[-99.15824494561002,19.338413693207315],[-99.15825549452641,19.338444079948683],[-99.15826894589944,19.338472922300127],[-99.15828677296624,19.33849939890808],[-99.15830723479182,19.338524431148635],[-99.15832771638031,19.338549463385245],[-99.15832412940736,19.338560516491267],[-99.15830951471598,19.338588256054837],[-99.15828127707334,19.338626153617337],[-99.1581907026382,19.33873153015544],[-99.15814688012371,19.338785599611462],[-99.15813178034212,19.338809636690858],[-99.15812106703399,19.338835056250492],[-99.15811376912065,19.338860936068706],[-99.15808746824575,19.338963543252213],[-99.15806992863982,19.33906522899935],[-99.15806408330229,19.339150264732186],[-99.15806614403756,19.339226893652928],[-99.15807055476557,19.339280740018978],[-99.15807082156525,19.33928389149638],[-99.15808060421865,19.339403178855424],[-99.1580864531495,19.339450595918883],[-99.1580902664979,19.339475176228763],[-99.15809902686853,19.33951531470821],[-99.15811848797081,19.33958768244443],[-99.1581462530996,19.339680196500634],[-99.15817366608881,19.339785777483392],[-99.15818699978263,19.33986410474442],[-99.15819499748358,19.33992751379124],[-99.15819804007744,19.33996476261099],[-99.1581972774078,19.33999314443432],[-99.15819518343483,19.340014834267276],[-99.1581907969613,19.340037977771004],[-99.15817974858165,19.340088780903447],[-99.15816222155209,19.340152053395784],[-99.15814812878197,19.34020683777457],[-99.158114596469,19.340320731890145],[-99.1580715492006,19.340458121980998],[-99.158000308307,19.340692421197314],[-99.15797059113908,19.340798369392093],[-99.15796372980697,19.34083705387966],[-99.15795992274677,19.34087068146423],[-99.1579572484622,19.340894547865357],[-99.15794810990076,19.34098132619614],[-99.1579359089826,19.34106664996857],[-99.1579145748929,19.341152705190133],[-99.15784497971292,19.34137685490109],[-99.157771529862,19.341628472962036],[-99.157744305519,19.34171601799364],[-99.15771570226205,19.34180932421027],[-99.15768826950989,19.341889951771122],[-99.15764864931434,19.34198902759011],[-99.15762045568913,19.342062061300794],[-99.15758083549349,19.34215751601647],[-99.15755721878469,19.342217898198214],[-99.15753321220706,19.342277920122868],[-99.15745930691031,19.34248184176192],[-99.15741358715393,19.34259681838316],[-99.15738387178266,19.34266479498373],[-99.15736825726634,19.342694449446874],[-99.1573499702621,19.342723371570358],[-99.15734158808223,19.34273529997411],[-99.15730501497205,19.342780863196452],[-99.15734386620974,19.34282786649332],[-99.15665858459866,19.343479383819528],[-99.15668077927434,19.34349748103857],[-99.15669644768957,19.34351110798639],[-99.15672046864024,19.343538010122472],[-99.15673875294954,19.34356490208285],[-99.15675102393631,19.3435882010425],[-99.1567571594297,19.34360356981028],[-99.15675937647185,19.34361057780514],[-99.1567612018485,19.34361919201024],[-99.1567626382546,19.343629351397965],[-99.15676342697544,19.343641126319152],[-99.15676433876547,19.343663936200187],[-99.15676381325102,19.343702603056563],[-99.15676158542911,19.343739634875718],[-99.15781939569365,19.343871446554832],[-99.15896122538662,19.344010524624107],[-99.15931471155264,19.344052691995785],[-99.16077121390315,19.34422536289987],[-99.16078994647177,19.344227665832864],[-99.16081680070884,19.34406604766447],[-99.16083216908677,19.343963412326996],[-99.16085186734429,19.34383032846948],[-99.16087816821918,19.34370600364418],[-99.16089350695266,19.34362881571195],[-99.1608945732529,19.34362459887951],[-99.16089551468731,19.343621997581252],[-99.16089673280284,19.343620146412974],[-99.16089853123003,19.343618476631956],[-99.16090077611999,19.343616860250176],[-99.16090237422287,19.343615975350996],[-99.16090524793347,19.343614918388123],[-99.16090896785704,19.34361379022645],[-99.16091255482995,19.343613040943996],[-99.16091824386064,19.34361243575435],[-99.16094862129032,19.34361217469217],[-99.16096624174463,19.343611741566168],[-99.16097177806168,19.343611426257286],[-99.16097503175966,19.3436107939443],[-99.16097825760981,19.343609638659146],[-99.16098197753347,19.34360773324404],[-99.16098501204247,19.343605791381872],[-99.16098708625245,19.34360426569367],[-99.16098921795464,19.343602179738653],[-99.1609906732254,19.343600392140512],[-99.16099229109123,19.343597303469117],[-99.16099417485839,19.34359345703916],[-99.1610819672111,19.34334870083488],[-99.16109461189701,19.343315687427555],[-99.16110131063408,19.343297654606488],[-99.16110410798791,19.343288299576436],[-99.16110654421895,19.343279287826476],[-99.16110971257694,19.343262762893104],[-99.161112148808,19.343245894677487],[-99.16111409994878,19.343207535394132],[-99.16111420684832,19.343152587586754],[-99.16111218384229,19.343058909190635],[-99.16111364090969,19.342994425745996],[-99.16111462186998,19.342966008844922],[-99.16111640233089,19.342938828599156],[-99.16111741113889,19.34293020418674],[-99.16112168352645,19.342911928059497],[-99.1611431101426,19.34285923818159],[-99.1611616163357,19.34281717730031],[-99.16117720030928,19.34279037591078],[-99.16119813195371,19.342757561578775],[-99.16122394414509,19.342718968240565],[-99.16123611272393,19.34270013181988],[-99.1612404991975,19.34269239314661],[-99.16124463773599,19.342681069932926],[-99.16124682603201,19.342672048825712],[-99.16124821572573,19.34266179105562],[-99.16124699850852,19.342644525248964],[-99.1612426228148,19.342616450721373],[-99.16123567883763,19.34259002818056],[-99.16122638486775,19.34255372758801],[-99.16121956485806,19.342527386407635],[-99.16121469419262,19.342507050542253],[-99.1612086161914,19.34248255205941],[-99.16112413323224,19.342487868271956],[-99.16104866037527,19.34249502718939],[-99.1609953444649,19.342500569713657],[-99.16094470283902,19.342505426520855],[-99.16089698073789,19.3425128202255],[-99.16090903523067,19.342241576232666],[-99.1609232959858,19.341970892061262],[-99.16092451410134,19.34196049862914],[-99.16092792051286,19.341946051062255],[-99.16093254503998,19.341934266695127],[-99.1609391287927,19.34192138127742],[-99.16094567481616,19.341911294678077],[-99.16095688219764,19.341898987330918],[-99.16096564436496,19.341888910053996],[-99.16099999055153,19.341860313266373],[-99.16107132666654,19.34180785953344],[-99.16109883128391,19.3417859088735],[-99.16111588040968,19.341772273305576],[-99.16112293937118,19.341765338974245],[-99.16112962822682,19.341757365467558],[-99.16113243456374,19.341751875470305],[-99.16113401470035,19.34174575315252],[-99.16113492828696,19.34174072340939],[-99.1611355939386,19.341734140836646],[-99.16113535678336,19.341716812208347],[-99.16113432012749,19.341703691136576],[-99.16113480611605,19.341687744116935],[-99.16113711837961,19.34167318803123],[-99.16113967767984,19.34166302004559],[-99.16114369314921,19.341650080359095],[-99.16115336980143,19.341627315967777],[-99.16118295940855,19.341566372446263],[-99.16120782028409,19.341518405895037],[-99.16114444863234,19.340693175578764],[-99.16116701610889,19.340665238029914],[-99.16116677805537,19.34066525583003],[-99.16115316678216,19.34059162392206],[-99.16114389257523,19.34054140834716],[-99.16113676803663,19.34050289500892],[-99.1610847088693,19.340221173609102],[-99.1610516544601,19.340073206680103],[-99.1610417613139,19.34002888701272],[-99.16103103183617,19.339980892038064],[-99.1610138623361,19.339903991384038],[-99.1609929738108,19.33981048488648],[-99.1609911753836,19.33980241211229],[-99.16097674574519,19.33973784685684],[-99.16097652655628,19.339736898364787],[-99.16088482922703,19.339354482709624],[-99.16082915523896,19.339093738123353],[-99.16082576859036,19.339077908668934],[-99.16088683786003,19.339043054196818],[-99.16096181305026,19.33907584469438],[-99.16107491902933,19.339126244655336],[-99.16107526128746,19.339126281103347],[-99.16120902941647,19.33918908014496],[-99.16143972127297,19.339294368166442],[-99.16147859407026,19.339301945103976],[-99.161535808669,19.339313081226557],[-99.16155136299813,19.33931611573089],[-99.16169903255614,19.339344871470374],[-99.16170612026373,19.339343534762996],[-99.16189804891748,19.339307510622533],[-99.16208268055611,19.339278619256046],[-99.16211509626316,19.33914594098304],[-99.16214241313263,19.339039342432443],[-99.16216605679087,19.33894703822504],[-99.16223728870133,19.33881009017265],[-99.16224811609545,19.33878925798091],[-99.16225134104732,19.33878356021439],[-99.16230155597339,19.338694633668393],[-99.16235664246325,19.338597101080538],[-99.16246245412228,19.338507842161548],[-99.16258770262903,19.338402166265247],[-99.16261897478073,19.33837578966199],[-99.16261974553528,19.338375131052114],[-99.16262306660684,19.338325032616268],[-99.16262478238903,19.338182159089175],[-99.16262048664538,19.338039574480145],[-99.16262677934394,19.337862423218155],[-99.16261853999613,19.3378617281579],[-99.16263061784511,19.337679366288263],[-99.16266521286502,19.337486042581624],[-99.16272068383387,19.33720472199424],[-99.16277434649399,19.336926670267015],[-99.1628425097594,19.336564422738064],[-99.16288066300612,19.336361707530894],[-99.16288564865596,19.336313324953245]]]}},{"type":"Feature","properties":{"name":"Barrio La Concepcion","id":"003-007","alc":"Coyoacán","clasif":"Pueblos y Barrios Originarios","fuente":"SGIRPC CDMX"},"geometry":{"type":"Polygon","coordinates":[[[-99.16078994647177,19.344227665832864],[-99.16077121390315,19.34422536289987],[-99.15931471155264,19.344052691995785],[-99.15896122538662,19.344010524624107],[-99.15781939569365,19.343871446554832],[-99.15676158542911,19.343739634875718],[-99.15676381325102,19.343702603056563],[-99.15676433876547,19.343663936200187],[-99.15676342697544,19.343641126319152],[-99.1567626382546,19.343629351397965],[-99.1567612018485,19.34361919201024],[-99.15675937647185,19.34361057780514],[-99.1567571594297,19.34360356981028],[-99.15675102393631,19.3435882010425],[-99.15673875294954,19.34356490208285],[-99.15672046864024,19.343538010122472],[-99.15669644768957,19.34351110798639],[-99.15668077927434,19.34349748103857],[-99.15665858459866,19.343479383819528],[-99.15664421963896,19.343469964381907],[-99.15663038648185,19.343462523254708],[-99.15662058765875,19.34345843186363],[-99.15660439552578,19.343454710875967],[-99.15658533956366,19.343451612030638],[-99.1565692803813,19.343449263315964],[-99.1561071681345,19.343392944163988],[-99.15609117542755,19.34339222115629],[-99.15606660111462,19.343392038921042],[-99.15604317754358,19.343393482393623],[-99.15602394012177,19.343396198969863],[-99.15600107799781,19.343402338177828],[-99.15597860574266,19.343408847789274],[-99.15594499347968,19.343419419973937],[-99.15592556561505,19.34342556765713],[-99.15589861166491,19.343439942198923],[-99.15586680591396,19.343461151829263],[-99.15583566491631,19.343484862739825],[-99.1558158462845,19.343503662623],[-99.15579871092046,19.343521739496747],[-99.1557796630432,19.343542705853864],[-99.1557640395438,19.343562959372573],[-99.1557499485702,19.343581759246625],[-99.15573753115805,19.34360348504977],[-99.15573356240114,19.3436231604947],[-99.15572861358223,19.343651180602482],[-99.15572861268393,19.34366871753599],[-99.1557293726586,19.343684627915238],[-99.15573127439211,19.34370306754361],[-99.15573346178984,19.343716170654865],[-99.15573832257382,19.343729101701573],[-99.15574827231391,19.343743974607786],[-99.15576047772369,19.3437587305432],[-99.15577402431818,19.34377402809621],[-99.15578793293373,19.343788675535727],[-99.15581483657813,19.343815108053608],[-99.1548030559888,19.344072690322907],[-99.15495564382297,19.344279496648973],[-99.15530161558158,19.34471188622142],[-99.15571171627172,19.345237838269345],[-99.15603972082636,19.345649952550772],[-99.15623810657033,19.345935186327402],[-99.15627128854032,19.345988755012876],[-99.15629124641096,19.346024614093515],[-99.1563002457335,19.346045979344886],[-99.15631063295314,19.346073250613205],[-99.1563162734748,19.346093153762517],[-99.15632808632074,19.346143983828316],[-99.1563504921006,19.346291201916937],[-99.15638157740267,19.346557002741974],[-99.15646878495215,19.347132771668367],[-99.15649093471212,19.347272115642824],[-99.15649855242572,19.34731812427609],[-99.15650340063331,19.34738253566291],[-99.15650061585595,19.347495582272284],[-99.15649916058517,19.347637182204664],[-99.15649645755444,19.347659242263408],[-99.15648952884868,19.347690458762845],[-99.15647325676564,19.347746661160485],[-99.15642754239916,19.34788402296304],[-99.15634997736593,19.348126547464947],[-99.15624608361004,19.348415078235345],[-99.15615189255757,19.348732532096612],[-99.15610618447931,19.3489119659519],[-99.15608609365799,19.34901646877831],[-99.15607293064411,19.349088112709595],[-99.15606323243232,19.349146608166023],[-99.15605769252194,19.349187360454433],[-99.15605215261155,19.349230741064076],[-99.15604522300751,19.349270174504497],[-99.15603482860132,19.349347073288115],[-99.15602512589791,19.3494752358692],[-99.15602165660431,19.349559034653726],[-99.156045312839,19.34964678054386],[-99.15604900311821,19.349666828192298],[-99.15605592643408,19.349714154973807],[-99.15606768717781,19.349846264410342],[-99.15612170916401,19.35058682978371],[-99.15639422927512,19.350527030435416],[-99.15685711317477,19.350438110287993],[-99.15721573770413,19.35036342332748],[-99.15740032622371,19.35032338498651],[-99.1576331902066,19.350275266751364],[-99.15784170625203,19.35023369343921],[-99.15831067713597,19.350151207888043],[-99.1588087040278,19.35005339905763],[-99.15906572370872,19.3500038593657],[-99.15911066552403,19.34967546835252],[-99.15921025545141,19.349135621040112],[-99.15939142498293,19.348273622219057],[-99.15948846998307,19.347811902161627],[-99.15951567635977,19.34768317971651],[-99.1595367436498,19.347627979988523],[-99.1597090432163,19.347176566446173],[-99.1598696592941,19.346733035074713],[-99.15961424759759,19.346676561099503],[-99.15964639111506,19.34656785866514],[-99.15977185162428,19.34612142772365],[-99.15985825787656,19.34613092159631],[-99.16029008701675,19.346178371456453],[-99.16049983914405,19.345237115269853],[-99.16053950066217,19.345054511598633],[-99.16055989960559,19.345012124958078],[-99.16059793157977,19.34488341217084],[-99.16073527410528,19.344374068563102],[-99.16078994647177,19.344227665832864]]]}},{"type":"Feature","properties":{"name":"Barrio Oxtopulco Universidad","id":"003-008","alc":"Coyoacán","clasif":"Pueblos y Barrios Originarios","fuente":"SGIRPC CDMX"},"geometry":{"type":"Polygon","coordinates":[[[-99.18693233967949,19.34067498481069],[-99.18680467650123,19.340600455277368],[-99.18670007577124,19.340538467103926],[-99.18667150395525,19.3405236430676],[-99.1866609334793,19.340518587010582],[-99.18664845138848,19.340512439217992],[-99.18660655037031,19.340493191446665],[-99.18655645761515,19.34046824681295],[-99.18650807794721,19.34044438543522],[-99.18644065040202,19.340413293845426],[-99.18641093772564,19.340399562381627],[-99.18640841705297,19.34039791036767],[-99.18640686566246,19.34039642024951],[-99.18640581912516,19.340394704664025],[-99.18640561880085,19.34039411726247],[-99.18640520018594,19.340392871259144],[-99.18640462975571,19.340390586919785],[-99.18640431534536,19.340388130513247],[-99.18640429558242,19.340386180136544],[-99.186404647722,19.340384148388253],[-99.18640619731589,19.34037938051813],[-99.18649984848092,19.340131189165525],[-99.1865913113499,19.33988157936071],[-99.18659238573493,19.3398795925302],[-99.18659345113687,19.339877940511013],[-99.18659405121149,19.339877289535856],[-99.18659538251471,19.339876161348354],[-99.18659695187152,19.339874869569364],[-99.18659816998704,19.33987410162206],[-99.18660111915615,19.339872792042943],[-99.18660353562424,19.339872376707206],[-99.18660632309658,19.339872330935552],[-99.18660850151116,19.33987285476717],[-99.18661011847863,19.33987342352284],[-99.18661283049249,19.339874732254323],[-99.18685002166008,19.340006093576033],[-99.18689026708319,19.34002838437207],[-99.18690849210365,19.340006204614717],[-99.18692689858382,19.3399824889606],[-99.18694529518251,19.339958774150716],[-99.18697081631973,19.339925685466888],[-99.1869963275755,19.33989259677644],[-99.18707371923384,19.33980367846314],[-99.18699824008874,19.33974252574507],[-99.18692275106214,19.339681373851725],[-99.18689911728534,19.339663876328153],[-99.18689195322092,19.339659190656675],[-99.18688760537493,19.33965667151484],[-99.18688326651214,19.33965415322056],[-99.18687455105729,19.339649313281015],[-99.1868700702606,19.339647192522865],[-99.18686558946398,19.339645061593174],[-99.18686179318362,19.339643463819723],[-99.18685800588636,19.33964186604626],[-99.1868510610109,19.339638795947778],[-99.1868441251186,19.339635718220556],[-99.18683755034905,19.339631916621443],[-99.18683098546092,19.339628125193666],[-99.1868208910921,19.339620802558844],[-99.18681078684178,19.339613480771323],[-99.18680678125392,19.339610302176258],[-99.18680277566608,19.33960711510486],[-99.18677356963957,19.339614387730396],[-99.18665904252566,19.33969821361648],[-99.18659335771206,19.339746289198608],[-99.18652011088041,19.339799901448952],[-99.1865024239508,19.33979129806131],[-99.18648096679196,19.339833886096944],[-99.18643970447602,19.339915836926593],[-99.18641969450303,19.339955581152765],[-99.18632783457869,19.340157114549918],[-99.1863069209006,19.34020299889325],[-99.18630199813285,19.340213240712885],[-99.18626856553286,19.340282799968495],[-99.18626313970859,19.340294088596064],[-99.18626051213639,19.34029955575672],[-99.1862467840822,19.340328118065223],[-99.1862241627067,19.340375183097066],[-99.18630021767193,19.340410052541948],[-99.18634049004446,19.340428517121214],[-99.18640006900903,19.3404558325567],[-99.18647851439121,19.340491797958016],[-99.18650455295804,19.3405037358487],[-99.18655277182755,19.34052584349073],[-99.1865773551236,19.340537114301505],[-99.18658661585586,19.34054136003279],[-99.1866232473565,19.34055966524463],[-99.18664755397151,19.340571811644857],[-99.18663462362127,19.34060525280769],[-99.1866215711002,19.340639006735486],[-99.18658069775476,19.34069223472091],[-99.18633088435911,19.340991020405554],[-99.18620119637819,19.341150787032007],[-99.18612773215422,19.34124128965519],[-99.18612622747615,19.34124314339333],[-99.18612587533657,19.34124357652553],[-99.18601803528165,19.34138540480536],[-99.18597595729544,19.341415928307313],[-99.1859722688128,19.341418604230967],[-99.18597372138869,19.34139610087315],[-99.18601161142905,19.34080643533609],[-99.18601186834722,19.34080257019269],[-99.18565460566376,19.340437162008655],[-99.18546085612498,19.340243388937527],[-99.18533682214043,19.340120728654007],[-99.1852345956577,19.340011854871534],[-99.18519284465827,19.339967403805783],[-99.18511982869367,19.339891369416982],[-99.18478598688631,19.339732013503607],[-99.18444539064635,19.339569334742343],[-99.18401969160959,19.339362750460058],[-99.18378450727829,19.33938060740961],[-99.1836563599081,19.339389053160293],[-99.18337570016219,19.339400032466084],[-99.18324826515602,19.33940501057619],[-99.18285184401098,19.33941468199333],[-99.1827626350151,19.33941749780813],[-99.18256488527831,19.339423764309746],[-99.18247093856756,19.339426734392315],[-99.18232181373885,19.339431460756543],[-99.18216182378674,19.339444920213865],[-99.1821345509347,19.33957213784013],[-99.18213306781621,19.33957961474501],[-99.18211930832098,19.33964908357465],[-99.18209511489374,19.339754646777372],[-99.18203171808922,19.34007519181295],[-99.18199669547121,19.340245501211648],[-99.18197651661502,19.340344571247904],[-99.18164087099056,19.341980110701112],[-99.18134906045702,19.343412903582085],[-99.18103465729412,19.344948261031345],[-99.1807264785578,19.346466116565434],[-99.18069828133937,19.346602372494775],[-99.18065869977131,19.34679057953398],[-99.18067279972797,19.346793314700665],[-99.18068866038267,19.346797548402968],[-99.18070501511073,19.34680327216487],[-99.18071853565407,19.346809123064713],[-99.18073564227203,19.346818178694317],[-99.18075079954578,19.34682795731597],[-99.18076208328408,19.346836498458757],[-99.1807736625681,19.346846611028802],[-99.18078806885035,19.346861564171775],[-99.18079989606933,19.34687647154357],[-99.18081120945202,19.346894034405715],[-99.18082024021558,19.346911786278007],[-99.18082850022464,19.346933620128993],[-99.18083325860067,19.34695201446809],[-99.18083638114457,19.34697252099229],[-99.18083730551099,19.346990327949115],[-99.18083642246712,19.34700981482143],[-99.18083438778298,19.3470248416894],[-99.18082916587626,19.347042902069123],[-99.1808257226338,19.347052925629846],[-99.18101383973573,19.347114079846737],[-99.18182005434704,19.347353916105426],[-99.18190390129902,19.34723584067162],[-99.18206643527998,19.34708951340105],[-99.18213026597084,19.34700603458376],[-99.1822919420607,19.34674458346579],[-99.18237317222027,19.346637642366353],[-99.18245013538221,19.346576231998885],[-99.1825526816652,19.346523361072354],[-99.18265462248367,19.346499892166165],[-99.18277650500309,19.346488214924047],[-99.18286402516627,19.34649001266163],[-99.18291615979207,19.346469103471737],[-99.1829679288036,19.346406565746065],[-99.18305728063162,19.346278204961198],[-99.18313970555053,19.346132137042485],[-99.18318335918175,19.345979723917356],[-99.18319113859211,19.34594763068011],[-99.18320025469566,19.345873493447115],[-99.18320735228468,19.345778821538218],[-99.183215117322,19.34570019621974],[-99.18331189462423,19.345238562963996],[-99.18339862696489,19.344897129695823],[-99.1834591779066,19.344666054849093],[-99.18354531107099,19.34442126041605],[-99.1836446458768,19.344242763307932],[-99.18370824300568,19.344118928710763],[-99.18379746996784,19.34389398178039],[-99.18387391120864,19.34377759566029],[-99.18391801130261,19.34372403472499],[-99.18397247436161,19.343688306517453],[-99.18407018950498,19.343673930302373],[-99.18419610546003,19.34367202149753],[-99.18427126390657,19.343657674947085],[-99.18434829534054,19.343636184785233],[-99.18439775568176,19.34361992603575],[-99.18443283219864,19.34360666695751],[-99.18496219232759,19.34326152199734],[-99.18497564370065,19.343252752661346],[-99.1854300564871,19.342948276886045],[-99.1860063194537,19.342480668668966],[-99.18636180167626,19.342159269725926],[-99.18654203156999,19.34200898972281],[-99.18659646947619,19.341931569589615],[-99.18662453104906,19.341819151446053],[-99.18673686088374,19.341440843977193],[-99.18677999618707,19.341363198956305],[-99.18681592610349,19.341334912304095],[-99.18673472828333,19.341272551458243],[-99.18677205777493,19.341253024062954],[-99.186793005589,19.341240361514668],[-99.18680843505234,19.341227528594445],[-99.18682347464681,19.34121324116223],[-99.18683299678887,19.34120311722412],[-99.18684941439898,19.34118410686701],[-99.18700381772835,19.340990494882313],[-99.18714254186273,19.340803151659443],[-99.18703743627952,19.340739068247657],[-99.18693233967949,19.34067498481069]]]}},{"type":"Feature","properties":{"name":"Barrio San Lucas","id":"003-009","alc":"Coyoacán","clasif":"Pueblos y Barrios Originarios","fuente":"SGIRPC CDMX"},"geometry":{"type":"Polygon","coordinates":[[[-99.15612170916401,19.35058682978371],[-99.15606768717781,19.349846264410342],[-99.15605592643408,19.349714154973807],[-99.15604900311821,19.349666828192298],[-99.156045312839,19.34964678054386],[-99.15602165660431,19.349559034653726],[-99.15602512589791,19.3494752358692],[-99.15603482860132,19.349347073288115],[-99.15604522300751,19.349270174504497],[-99.15605215261155,19.349230741064076],[-99.15605769252194,19.349187360454433],[-99.15606323243232,19.349146608166023],[-99.15607293064411,19.349088112709595],[-99.15608609365799,19.34901646877831],[-99.15610618447931,19.3489119659519],[-99.15615189255757,19.348732532096612],[-99.15624608361004,19.348415078235345],[-99.15634997736593,19.348126547464947],[-99.15642754239916,19.34788402296304],[-99.15647325676564,19.347746661160485],[-99.15648952884868,19.347690458762845],[-99.15649645755444,19.347659242263408],[-99.15649916058517,19.347637182204664],[-99.15650061585595,19.347495582272284],[-99.15650340063331,19.34738253566291],[-99.15649855242572,19.34731812427609],[-99.15649093471212,19.347272115642824],[-99.15646878495215,19.347132771668367],[-99.15638157740267,19.346557002741974],[-99.1563504921006,19.346291201916937],[-99.15632808632074,19.346143983828316],[-99.1563162734748,19.346093153762517],[-99.15631063295314,19.346073250613205],[-99.1563002457335,19.346045979344886],[-99.15629124641096,19.346024614093515],[-99.15627128854032,19.345988755012876],[-99.15623810657033,19.345935186327402],[-99.15603972082636,19.345649952550772],[-99.15571171627172,19.345237838269345],[-99.15530161558158,19.34471188622142],[-99.15495564382297,19.344279496648973],[-99.1548030559888,19.344072690322907],[-99.15442234098823,19.34416957546191],[-99.15319888767353,19.34447633832665],[-99.15208216679106,19.34476222511025],[-99.15198886237576,19.34478669782282],[-99.15193544944725,19.34480109597756],[-99.15187412146281,19.344820189825647],[-99.15184355179369,19.344830779718546],[-99.15183118289055,19.34483592548732],[-99.15182265877685,19.344840177887654],[-99.15180873848317,19.344847789319196],[-99.15179896750782,19.34485391067304],[-99.15178826318294,19.34486201879656],[-99.15177039479359,19.34487861476624],[-99.15175647449993,19.344895734549738],[-99.15194166668736,19.344961795469796],[-99.15169274891203,19.345016407019543],[-99.1513563109735,19.345083769799867],[-99.15102142262882,19.34515087064486],[-99.15106629886718,19.345367478046523],[-99.1511088727234,19.345578134200757],[-99.1511239635219,19.34565629085856],[-99.15112720554171,19.34568691188263],[-99.15112962739977,19.345731276631398],[-99.1511360782018,19.346230737330607],[-99.15111950697977,19.346606430751027],[-99.1511194997932,19.346686616891066],[-99.15111302204174,19.34676482556851],[-99.15110772018488,19.346800322558547],[-99.15108693047429,19.346915995397165],[-99.1510086521787,19.34727748764],[-99.15075013410798,19.348475074148467],[-99.15073397251768,19.348542698250455],[-99.15071180658803,19.348619595681686],[-99.15068479784073,19.348698462000893],[-99.15064846458073,19.348781345800393],[-99.1506058988093,19.348870143104556],[-99.15074812547496,19.349371466488723],[-99.15102064648444,19.350297935008633],[-99.15119098502859,19.350852429518415],[-99.15127777396313,19.351165101759207],[-99.15133373720873,19.351359171223503],[-99.15139508495606,19.351570659577494],[-99.15167327972483,19.351509378201225],[-99.15224367489594,19.35137811852316],[-99.15325337049552,19.351153140069055],[-99.1537203677808,19.351060164660087],[-99.15411552140291,19.35097871440527],[-99.15430577110541,19.350941225695312],[-99.1552818553403,19.35073951321742],[-99.15612170916401,19.35058682978371]]]}},{"type":"Feature","properties":{"name":"Barrio Santa Catarina","id":"003-010","alc":"Coyoacán","clasif":"Pueblos y Barrios Originarios","fuente":"SGIRPC CDMX"},"geometry":{"type":"Polygon","coordinates":[[[-99.18057426891436,19.347197967145334],[-99.18057300318814,19.347197606073603],[-99.18056640057077,19.347195556610856],[-99.18055979795346,19.347193308812827],[-99.18055320431928,19.34719086183213],[-99.1805466295497,19.34718822583964],[-99.18054008352625,19.347185390664368],[-99.18053357613033,19.347182357154008],[-99.1805271154468,19.347179125308443],[-99.1805207221369,19.347175694280054],[-99.18051439440406,19.34717206491654],[-99.18050815290948,19.347168245693602],[-99.18050201651779,19.34716422728778],[-99.18049598433065,19.347160010546677],[-99.18049006622954,19.347155622593174],[-99.18048429006228,19.347151035456772],[-99.18047864864224,19.34714628643123],[-99.18047315813924,19.34714135686967],[-99.18046783921447,19.347136263723826],[-99.18046269186785,19.347131008688866],[-99.18045772508266,19.3471256002405],[-99.18045294874034,19.347120056178294],[-99.18044838170543,19.34711436717862],[-99.18044402307966,19.347108561211655],[-99.18043987465965,19.347102638277782],[-99.18043595441176,19.34709660685249],[-99.18043227221742,19.34709047541172],[-99.18042880831365,19.347084262602497],[-99.18042559234499,19.34707797859572],[-99.18042262341292,19.347071630172092],[-99.18041989253447,19.347065219026916],[-99.18041740869269,19.34705877228276],[-99.18041517188766,19.34705229756803],[-99.18041318301759,19.347045796577834],[-99.18041144118428,19.3470392947398],[-99.180409947286,19.347032784425696],[-99.18040869054288,19.347026291910534],[-99.1804076817348,19.347019817194493],[-99.18040691098032,19.347013369601],[-99.18040636749959,19.347006967777002],[-99.18040605308923,19.347000619350595],[-99.18040596685091,19.346994316693745],[-99.18040608992015,19.34698808608146],[-99.18040643217823,19.34698192751397],[-99.1804069738624,19.346975850314426],[-99.1804077158708,19.346969853635613],[-99.18040863844061,19.346963948495862],[-99.18040975055494,19.34695814167609],[-99.1804110441289,19.34695243487134],[-99.18041252814577,19.346946728066552],[-99.18041422057176,19.34694100261441],[-99.18041612320356,19.346935268686273],[-99.18041824412596,19.34692953391049],[-99.18040567579682,19.34692560703826],[-99.1802357414945,19.346873525328952],[-99.17947592307098,19.346652109859956],[-99.17900433090301,19.346523970489034],[-99.17864182205834,19.346443969891347],[-99.17809316971038,19.346346183418717],[-99.17769821102266,19.34628981441105],[-99.17670531212228,19.346170232885136],[-99.17627973795138,19.346116662563958],[-99.17559876915188,19.3460317067437],[-99.17499695720036,19.34595868243761],[-99.17460562501144,19.345909919592554],[-99.17434417933117,19.34588042082317],[-99.17387409094295,19.345830223827253],[-99.17204677033139,19.345594558035966],[-99.1711156162337,19.34548512086361],[-99.17110247747439,19.345483577393363],[-99.17060717876605,19.345424017739496],[-99.17027573096897,19.345385113964337],[-99.16988103369097,19.34534305966705],[-99.16955599806839,19.345302998904305],[-99.16941408760965,19.345286186840838],[-99.16885229740068,19.345215985544385],[-99.1683913745233,19.34515723270478],[-99.16780784598278,19.3450842113979],[-99.16645594346389,19.344926487094142],[-99.1658783725503,19.34485484981178],[-99.16509373098057,19.34475257943783],[-99.16506796550156,19.344913946037394],[-99.16493268820295,19.345740798497328],[-99.16487545833282,19.345995146705814],[-99.16482108330868,19.346287330970295],[-99.16480768583452,19.34637903093302],[-99.1647137930227,19.347139051435093],[-99.16463100428611,19.347664598991436],[-99.16462131775239,19.347741498531747],[-99.16461853926327,19.34779079311158],[-99.16461439084321,19.34784468496445],[-99.1646088527295,19.3478834593208],[-99.16445670506987,19.348443662855882],[-99.1642535771195,19.34920667076861],[-99.1659299942381,19.34930455299812],[-99.16742449173185,19.34935383862995],[-99.16846545858482,19.349366915860216],[-99.16887802245543,19.349382704480792],[-99.16927437443019,19.349395404538164],[-99.16990073194854,19.349413102741114],[-99.17041147359491,19.34943118913118],[-99.17012893547174,19.35014775488533],[-99.16993199152378,19.35062795718511],[-99.16990319243406,19.350692260471785],[-99.16987601121026,19.350745014778344],[-99.16985938069938,19.3507692789397],[-99.16980623546885,19.35084358769954],[-99.16978960495798,19.350871319242327],[-99.16970117390312,19.351060382484484],[-99.17004519182602,19.35107654895539],[-99.17033684245942,19.351089022581007],[-99.17066064289854,19.35110106225182],[-99.1708576649999,19.351107586812255],[-99.17105469698272,19.35111410120171],[-99.17143759938105,19.351128567450864],[-99.17183237660905,19.35112712913222],[-99.1722832868642,19.351122475149705],[-99.17353482510796,19.351109284486267],[-99.17403581823685,19.35110315997689],[-99.17425626480757,19.351101543669103],[-99.17431791708381,19.351101234307666],[-99.17434510908748,19.35110110632524],[-99.17438321382518,19.351102477686474],[-99.17441332625182,19.35110509496921],[-99.17443730228678,19.35110913022939],[-99.17447597835299,19.35111791524693],[-99.17459867654271,19.35114849456301],[-99.17521517235589,19.35129362397472],[-99.17580543736278,19.351432901676063],[-99.17675254374326,19.3516500694531],[-99.17713622318426,19.35173305176554],[-99.1774149210096,19.351799938833235],[-99.17754937994302,19.351832439444248],[-99.17758134559406,19.35179024865609],[-99.17762157754235,19.351736978522098],[-99.1776435539275,19.35170969718207],[-99.17766722363689,19.351683373583366],[-99.1776969731442,19.351654809871935],[-99.17777135185305,19.351590619690555],[-99.17804554822054,19.35136178172153],[-99.17837452385395,19.35108672398256],[-99.1788291163035,19.35070187951851],[-99.17908459717029,19.350494253256972],[-99.17932859217787,19.35028212952525],[-99.17951693296035,19.35011327316575],[-99.17966096793467,19.34998365495795],[-99.17970720332407,19.349938980306597],[-99.17976234371278,19.34988211416765],[-99.17984016207093,19.349789198211987],[-99.17990748720821,19.349703606928955],[-99.17994460739237,19.349649586858803],[-99.17996798155609,19.349613220878265],[-99.18001176903631,19.34954049906373],[-99.18002957723846,19.3495062553841],[-99.18005814366454,19.349451883505317],[-99.18011101401054,19.349340657146875],[-99.18016122983495,19.34922525809865],[-99.18017975938433,19.3491737314379],[-99.18018975583679,19.34913808070531],[-99.18019716514122,19.34910878678534],[-99.18024894044095,19.34886880986556],[-99.18026778979058,19.348771762238776],[-99.18034284403257,19.348401552559018],[-99.18057426891436,19.347197967145334]]]}},{"type":"Feature","properties":{"name":"Bosques De Tetlameya","id":"003-011","alc":"Coyoacán","clasif":"Colonia","fuente":"SGIRPC CDMX"},"geometry":{"type":"Polygon","coordinates":[[[-99.15795999281534,19.298478085585135],[-99.15792694379604,19.298435182397522],[-99.15786703694637,19.298355650847444],[-99.1574669470818,19.297831453835197],[-99.15741628479469,19.297767427334005],[-99.15732390923739,19.297645878060614],[-99.15670666333098,19.29683450215022],[-99.1563851158666,19.29690728473103],[-99.15615201293181,19.296959384063562],[-99.15506169443385,19.297198578364554],[-99.15453774395952,19.297316991792627],[-99.1541004126382,19.29741510096315],[-99.15374896834287,19.297494947520416],[-99.15336901870688,19.297578845882114],[-99.15280203623551,19.297705775615324],[-99.15215884788198,19.29785333070226],[-99.15187093873176,19.297913764017018],[-99.15180214215405,19.297931692475167],[-99.15173323957508,19.29796595629165],[-99.15168238145529,19.29799124485386],[-99.15161251678073,19.298042005948236],[-99.15126248014543,19.29829172205303],[-99.15073316223732,19.298674633131743],[-99.15014725495786,19.29910423192405],[-99.15010610582965,19.299134605626673],[-99.15040468427051,19.299514003855045],[-99.15053396351797,19.29968890075733],[-99.1510876482282,19.300362096127966],[-99.15132921958111,19.30064794564572],[-99.15157985673194,19.300918633839206],[-99.15163968812311,19.300970101111957],[-99.15168683260751,19.30101127322295],[-99.15172337248006,19.30104021798575],[-99.15177670006855,19.301074202216732],[-99.15186044371428,19.30111806784164],[-99.15189981956813,19.301134252820564],[-99.15194658586182,19.301149896885576],[-99.15198439235887,19.301160664261047],[-99.15205052363514,19.30117561395505],[-99.15210084815565,19.30118388024598],[-99.1521402725186,19.301189283432564],[-99.15221978689591,19.301197913439626],[-99.15251930856783,19.301221307462402],[-99.15281902966578,19.301240383512365],[-99.15312466706814,19.301260895774437],[-99.15316096529385,19.301231695007765],[-99.1532283667879,19.301185674243037],[-99.15328062538126,19.301152609925147],[-99.15350859444419,19.301026069474325],[-99.153864145837,19.300826720142418],[-99.1541629605348,19.30064141652629],[-99.15453483162135,19.30043183597859],[-99.15518464594845,19.300052939250772],[-99.15568450450512,19.29976138956644],[-99.15601167811813,19.2995694199283],[-99.15648427370428,19.299289731435312],[-99.15660393019843,19.29921783166247],[-99.15672639302953,19.299135836683504],[-99.15687506870067,19.299044911409617],[-99.15692011651723,19.299015204937163],[-99.15694170752505,19.298999258838432],[-99.15698033508224,19.29896870367374],[-99.15700835623092,19.29894173230752],[-99.1570318417857,19.29891765036341],[-99.15711627803256,19.298990274320026],[-99.1571923895916,19.298945344937945],[-99.15746049268645,19.298782844315657],[-99.15795999281534,19.298478085585135]]]}},{"type":"Feature","properties":{"name":"Cafetales","id":"003-012","alc":"Coyoacán","clasif":"Colonia","fuente":"SGIRPC CDMX"},"geometry":{"type":"Polygon","coordinates":[[[-99.1121777253644,19.311193777270294],[-99.11141639238136,19.311007501133954],[-99.11085638083664,19.310879238847733],[-99.1101500597832,19.310716895050707],[-99.10959970333116,19.31059162094655],[-99.1090601060012,19.310468470426656],[-99.1089086311797,19.310433954896077],[-99.1086410724639,19.31037344990692],[-99.10846045449789,19.310333813781607],[-99.10843400001114,19.309696363733273],[-99.10843169134081,19.309284446986492],[-99.10842998993168,19.309041970782047],[-99.10850256123025,19.3087580349726],[-99.10859956580622,19.307835734236846],[-99.10863370807517,19.30749879747541],[-99.10866864086162,19.307161535314822],[-99.10869017168238,19.30695593673488],[-99.10863201744584,19.30695506944081],[-99.10857830448008,19.306954166539402],[-99.10855036238311,19.306945606355335],[-99.1085357917092,19.306941150345644],[-99.10852922951608,19.306939134289447],[-99.10845965859058,19.30691783683357],[-99.10845377193051,19.306916029334676],[-99.10845185043412,19.306915451138536],[-99.10835095166142,19.30688455409546],[-99.10833489607232,19.30688389874974],[-99.10833046378472,19.30688360795599],[-99.10830904705007,19.306872205110924],[-99.10828182899527,19.306860511471356],[-99.10825287629362,19.3068564657923],[-99.1082463904573,19.306854684574382],[-99.10808229430603,19.306799114974694],[-99.1080706539366,19.306795165095004],[-99.10799864947495,19.30677077910048],[-99.10789672392788,19.306737046152755],[-99.10785414558006,19.30672296341446],[-99.10764237404,19.30665022080799],[-99.10763559265793,19.3066478978459],[-99.10746757895372,19.306591928863693],[-99.10746606708913,19.306591432054883],[-99.10746513463788,19.30659111582677],[-99.10739516575866,19.306567786156638],[-99.10739450010708,19.30656756912059],[-99.10732945758893,19.30654587569507],[-99.10732182011236,19.306543336543424],[-99.1071801989112,19.306496116792253],[-99.107145218514,19.306484249327305],[-99.10713816224745,19.306481862778163],[-99.10697914606912,19.30642791912734],[-99.10696292069846,19.30642242370387],[-99.10687274242038,19.30639182753585],[-99.10687256096067,19.306391773276708],[-99.10685121070134,19.306384523758513],[-99.10677755064467,19.306360335239702],[-99.1067708366362,19.306358075858373],[-99.10676761258269,19.30635698135128],[-99.10660192012517,19.306301843959623],[-99.10659291361608,19.306298689302597],[-99.10648667166406,19.306261377700647],[-99.10636860788294,19.306222401013855],[-99.10635778498036,19.306218821608265],[-99.10633567294963,19.306211527149024],[-99.10622567424313,19.306175208299575],[-99.10606657362315,19.306120667697147],[-99.10601147904845,19.306102905457177],[-99.10592806149116,19.30607599461316],[-99.10592692063076,19.30607563345063],[-99.10584076500845,19.306046672622962],[-99.10572671490004,19.30600835547314],[-99.10555254953273,19.305949078156427],[-99.10539958350786,19.305896634088715],[-99.10526175858703,19.3058496498393],[-99.10510855361031,19.305800013655805],[-99.1049622917124,19.305750271482054],[-99.1047373122427,19.305675236835736],[-99.10470205696106,19.305663395593076],[-99.10469183323485,19.30565996962729],[-99.10450128259676,19.305596008079483],[-99.1044414359342,19.305567967031962],[-99.10438158028852,19.305539935305486],[-99.10418600986465,19.305493146796042],[-99.10419896626603,19.305664306979658],[-99.10420034787492,19.305682674597282],[-99.10420330063727,19.30572162258752],[-99.10420783443448,19.305781583314065],[-99.10421984221489,19.30592101173553],[-99.10423150504221,19.30606556074653],[-99.10424307444478,19.30620908803234],[-99.10425487112109,19.306352571106718],[-99.10426023675824,19.30642546390575],[-99.10426546944475,19.30649675772692],[-99.1042656113786,19.30649859151217],[-99.1042809393323,19.306712121799148],[-99.10430089720299,19.306981341750884],[-99.10430238301642,19.307001488741456],[-99.10430771990755,19.30707342409161],[-99.1043236847668,19.30728886879259],[-99.1043238455652,19.307291117139787],[-99.10434328959957,19.30753631735176],[-99.10435799951235,19.307724978886682],[-99.10437319451533,19.307938003137536],[-99.10437836970969,19.30801045353172],[-99.10438345058093,19.308081755987647],[-99.10438365899009,19.308084582515946],[-99.10440712118867,19.308368722115848],[-99.10441466524044,19.3084398811395],[-99.10441480268268,19.30865538423315],[-99.10493733920872,19.308896736848308],[-99.1058681142173,19.3093759235617],[-99.1062443672859,19.309553074343373],[-99.10654581135249,19.309702811104366],[-99.1068205700653,19.309837784490973],[-99.10691453923394,19.309886306314425],[-99.10700418301442,19.30992951763382],[-99.1071397325026,19.30999411755989],[-99.10719343828183,19.310014696546396],[-99.10731253063399,19.31005873950275],[-99.10740175130805,19.31008837784281],[-99.10753354494001,19.31012558853375],[-99.10762419483363,19.31014664904185],[-99.10802542466037,19.310231687958115],[-99.10782150170097,19.311178262179595],[-99.10762193826564,19.312084545830146],[-99.10747511941224,19.312746185166816],[-99.10744144875873,19.31289788835938],[-99.10717592113382,19.314127372072637],[-99.10693121915207,19.315255697072637],[-99.10699773670392,19.315258482784802],[-99.1070533154706,19.31526190515844],[-99.1071209936458,19.315267028969693],[-99.10731058488314,19.315282839537716],[-99.1077359290853,19.315321057022857],[-99.10773978106123,19.31532141053515],[-99.10787220531056,19.315334528639706],[-99.10806964333187,19.315354106607657],[-99.10835897631188,19.315383357413353],[-99.10874155351999,19.31542099077455],[-99.10906339832674,19.3154525084537],[-99.10952297462943,19.315498037747233],[-99.10972339236261,19.315513371009374],[-99.11005709043948,19.315542976146098],[-99.11042399474088,19.315573267955138],[-99.11111914434541,19.315642109486536],[-99.1113060918409,19.315660849841052],[-99.11126160726802,19.31556290505765],[-99.11107615906077,19.31516303354301],[-99.11109138460651,19.315145556282367],[-99.11111558432194,19.31511510501669],[-99.11114742780215,19.315070217365307],[-99.11118330022637,19.315007253064863],[-99.11120977178118,19.31495448890814],[-99.1112254707391,19.31491492425705],[-99.11124206801229,19.314862166852517],[-99.11137201560634,19.314349893875697],[-99.11138368472183,19.31430083759471],[-99.1118050691503,19.312661493446488],[-99.11192523498922,19.31220649554168],[-99.11203869400623,19.3117487953758],[-99.1121777253644,19.311193777270294]]]}},{"type":"Feature","properties":{"name":"Campestre Churubusco","id":"003-013","alc":"Coyoacán","clasif":"Colonia","fuente":"SGIRPC CDMX"},"geometry":{"type":"Polygon","coordinates":[[[-99.14466793506831,19.345715802114842],[-99.14435222306001,19.344456804533895],[-99.1440060177394,19.343174469406716],[-99.14385701867477,19.342578866005624],[-99.14369522041402,19.341947275863394],[-99.14369414602892,19.341943076787462],[-99.14332507678768,19.340548701274],[-99.14332025642788,19.340530468956377],[-99.14316984521167,19.339928732674153],[-99.1423744750625,19.3398109578609],[-99.14205840103315,19.339762306760775],[-99.14189596766344,19.339745471240803],[-99.14144331916822,19.339684022679787],[-99.14049105555969,19.339545042639344],[-99.14002377620344,19.339477014729695],[-99.13985365774647,19.33939660466474],[-99.138169884324,19.339161405103315],[-99.13777241215014,19.339129520737],[-99.13768070943102,19.33913427423407],[-99.13724030227814,19.339209080763286],[-99.1372266496824,19.33921100148705],[-99.13718324757946,19.33921710779495],[-99.13714199604331,19.339220379636654],[-99.1371077944855,19.339222685183074],[-99.13707544794879,19.33922356502041],[-99.13703154278929,19.339221932490023],[-99.1369871534378,19.33921770791514],[-99.13686912109766,19.339201082550613],[-99.13679786583101,19.339191210232986],[-99.13658971360326,19.339162370551247],[-99.13631495938206,19.339117670899196],[-99.1358430779566,19.339052539157272],[-99.13583871214425,19.339051933950717],[-99.13538017878562,19.338984681415642],[-99.13503912799811,19.338927152004484],[-99.13503290806305,19.33896467398883],[-99.13503213730858,19.338969287631937],[-99.13499183798662,19.33921217968913],[-99.13498993265986,19.339224216845743],[-99.13496735799683,19.33936622827218],[-99.13495547059065,19.339441085552757],[-99.13495231840228,19.33946054450705],[-99.13494125924281,19.339528980979228],[-99.13492935297207,19.33960259217582],[-99.13492887686499,19.339605571579042],[-99.13492533390946,19.339627459807836],[-99.13488695428728,19.339881116557997],[-99.1348823055057,19.339911889542748],[-99.13488183928008,19.339914924035824],[-99.13487547651289,19.33995243307886],[-99.1348544747999,19.340076078426613],[-99.13484736643105,19.340134356731344],[-99.1348374166909,19.340176290313032],[-99.13483019962592,19.34020664790706],[-99.1348299615724,19.340207677768145],[-99.13481986361028,19.34027691832027],[-99.1348059549947,19.340372417308405],[-99.13478666457236,19.340499755421728],[-99.1347700160952,19.340597340272964],[-99.1347337843448,19.34081266448904],[-99.13451462146661,19.340788768409205],[-99.13443335896771,19.340774676738846],[-99.13435303880156,19.34075328791164],[-99.13374906909665,19.340576705804757],[-99.13330506508942,19.34043951330949],[-99.13280377371983,19.340287074525467],[-99.13229706820404,19.340140629986397],[-99.13178775577731,19.340000378052032],[-99.13162854376621,19.340585412560692],[-99.13151021857531,19.341004582296044],[-99.13148670247782,19.34108232665889],[-99.13147066305841,19.34112526103339],[-99.1314546245373,19.34115973448068],[-99.13143770297232,19.34118965706429],[-99.13142470255352,19.341211795975294],[-99.13140760042711,19.341238837499425],[-99.13131034971279,19.34137978680554],[-99.1311268751042,19.34165391242538],[-99.13107522017877,19.341718024296988],[-99.1310312485439,19.34184793980155],[-99.13100629693857,19.34191927241536],[-99.13099565459741,19.34194406849497],[-99.1309858458928,19.341959795957884],[-99.13098045420453,19.341979480077],[-99.13095909765693,19.34205742316449],[-99.13094764413705,19.342099257081458],[-99.1309471294024,19.34210072853666],[-99.13090470466645,19.342246293191668],[-99.13089359430306,19.342284452664522],[-99.130875894797,19.34234515773933],[-99.13084416091128,19.342454090145853],[-99.13084161957732,19.342462785782722],[-99.1307656804948,19.342723385979646],[-99.13074148886422,19.342800742166705],[-99.130733368094,19.342826674755536],[-99.13070201689062,19.34292689258174],[-99.13070113115172,19.342929754954433],[-99.13069011241645,19.342980564815313],[-99.1307972428023,19.343219846033076],[-99.13083245676141,19.343292553712274],[-99.13080851306586,19.34336896115851],[-99.13082038699729,19.34341094391795],[-99.1308317776351,19.343442389235864],[-99.13084868392875,19.343482620824016],[-99.13086230149014,19.343510852009576],[-99.1308732483602,19.34352750490623],[-99.13089364101543,19.34355108697134],[-99.13090574042401,19.343562503361255],[-99.13091313176214,19.34356757034274],[-99.13091962927658,19.343570533569203],[-99.13092470924953,19.343572728865624],[-99.13093111154258,19.34357492416202],[-99.13095219949385,19.34363764181728],[-99.13101770015284,19.343776257293985],[-99.13110420881299,19.343957298568238],[-99.13118359473128,19.3441236388347],[-99.13123929746541,19.344262260679535],[-99.131294215072,19.34437999583418],[-99.13131073059847,19.344378852420984],[-99.13136425851131,19.344502294382124],[-99.13129300504131,19.34451986173783],[-99.13127401375785,19.344525113466567],[-99.1312486956399,19.34453217058265],[-99.13118925860915,19.34454871064422],[-99.13120994052191,19.344601649170922],[-99.13111090216017,19.344593683431125],[-99.13108881079069,19.344591900081877],[-99.13102688632493,19.344586921282403],[-99.13084385099248,19.344572184069023],[-99.1308290099257,19.34457099827716],[-99.13078176482993,19.344567187469373],[-99.13063176144884,19.344555662656955],[-99.130558143613,19.344550013405026],[-99.13053535874415,19.344548257178378],[-99.13052891782354,19.344547768113404],[-99.1302266850361,19.344524545574597],[-99.13010792506057,19.344515428790558],[-99.1300144328974,19.34450831234176],[-99.12996030940154,19.344504202329677],[-99.12982233176714,19.344493699718388],[-99.12941861630209,19.3444629962532],[-99.12940143422563,19.344461683320493],[-99.1292538095834,19.344450456008293],[-99.12917283813866,19.344443748100026],[-99.1291612696344,19.344442797940154],[-99.12908451308495,19.34443643330961],[-99.1290053301859,19.344429879664087],[-99.12892216056366,19.344466234933357],[-99.12893142399086,19.344480775513144],[-99.1289392501136,19.344496155215545],[-99.12894316676825,19.344511706131833],[-99.12894458880139,19.344530642360105],[-99.12894350543314,19.34456816136126],[-99.12893863386935,19.344653332386038],[-99.12893010975564,19.344940106294313],[-99.12890316209369,19.345992813284393],[-99.12889955805281,19.346192935616287],[-99.1280871917784,19.346126169150708],[-99.12801673331745,19.34813776604847],[-99.1279584614016,19.349901915143743],[-99.1279247799683,19.350875958823337],[-99.12791807943464,19.351086086613158],[-99.12811364267199,19.35109697274737],[-99.12825060880336,19.351107296097215],[-99.12835510083723,19.351121955592053],[-99.12845112265623,19.351144677128207],[-99.12855986282308,19.351179438326323],[-99.1287208615832,19.351231593246933],[-99.1288465691291,19.351294486795542],[-99.12901889833998,19.351389518261655],[-99.12909517339246,19.35143904566697],[-99.12919546759899,19.351504642863542],[-99.12927458402265,19.351567571057085],[-99.12936501652403,19.351653275783175],[-99.12955577287626,19.351850133145096],[-99.12975571090907,19.352044978160073],[-99.13021929549457,19.35247824217675],[-99.13017959445062,19.35298135129239],[-99.13100514529836,19.353788871746573],[-99.13152721739542,19.354297779141064],[-99.13201996578665,19.35477978721225],[-99.13246730434025,19.35521548065489],[-99.13297950305405,19.355711035664328],[-99.13343208687056,19.356155233372668],[-99.13342516265638,19.35661149201895],[-99.13348586990493,19.356594571788488],[-99.1335637125176,19.35657648958272],[-99.13362295281729,19.356563434118822],[-99.13370520975123,19.356549362456416],[-99.13382437307033,19.35653526112904],[-99.13391831169618,19.356532560027265],[-99.13398695017042,19.356531045477773],[-99.13404221991658,19.356531904880736],[-99.13408768095822,19.356531569255935],[-99.13413314110147,19.35653310414632],[-99.134165794862,19.356534852616065],[-99.13418201753771,19.356535712866517],[-99.13418715500283,19.356535994248944],[-99.13432497273709,19.356544813723303],[-99.13461076904983,19.35656340275994],[-99.13457954001726,19.356522446362433],[-99.13453793634153,19.35645817249533],[-99.13450944178072,19.35640098910698],[-99.13448693179633,19.356344520173547],[-99.13446629749427,19.35628200148903],[-99.1344565247223,19.356237951503665],[-99.13445012961577,19.356194967710778],[-99.13444673039072,19.356162639171945],[-99.1344418210977,19.356110770601305],[-99.13444102519031,19.356046466908],[-99.1344428685333,19.356008875962807],[-99.13444588148278,19.35597838146427],[-99.1344528955285,19.3559178458846],[-99.1344692565448,19.355845202311723],[-99.1345026118896,19.355712520557272],[-99.13476224476968,19.35468766735014],[-99.13478647772274,19.354590662172082],[-99.13483935166204,19.3543854911231],[-99.13496593057378,19.35390054681725],[-99.13503026791446,19.35360244925056],[-99.1350895109091,19.353373964143547],[-99.13515513194231,19.35312490940151],[-99.13522438935576,19.352862662062467],[-99.13535662316221,19.352351404146926],[-99.13562086978955,19.351320635858766],[-99.1359303259302,19.350136399981185],[-99.1363152701991,19.348654275202747],[-99.13656537285235,19.34769520946764],[-99.13677569900307,19.346870142606665],[-99.13700117973266,19.3460422160367],[-99.13717023727922,19.34533134504805],[-99.14345263576142,19.345664541337936],[-99.14415508597428,19.345697878050935],[-99.14466793506831,19.345715802114842]]]}},{"type":"Feature","properties":{"name":"Campestre Coyoacan","id":"003-014","alc":"Coyoacán","clasif":"Colonia","fuente":"SGIRPC CDMX"},"geometry":{"type":"Polygon","coordinates":[[[-99.11903757977586,19.306628529936763],[-99.11903024233666,19.30662865032395],[-99.11892356829499,19.306627773702346],[-99.11848703198267,19.306616172455143],[-99.11841084406674,19.306612531168962],[-99.11784958745707,19.306577281480244],[-99.11725291746221,19.306547745935088],[-99.11665627531507,19.3065182621002],[-99.11617634139142,19.306463678374406],[-99.11609281064638,19.306460630543086],[-99.11583476688607,19.306431093281184],[-99.11558850093748,19.306396655743576],[-99.11527754101701,19.307834589720084],[-99.11516067828343,19.308323462129067],[-99.11499707620551,19.309105230712863],[-99.11482039286051,19.309891365015133],[-99.11472379701803,19.310319597404217],[-99.11442035330155,19.311705463306115],[-99.11451416257002,19.31172989858317],[-99.1146475013043,19.311761632307476],[-99.1146956770547,19.311770585604613],[-99.11474206515761,19.31177538482941],[-99.11479473248441,19.311778912399465],[-99.11492014538292,19.311787680881785],[-99.11534335878123,19.311832254912016],[-99.11563092657173,19.311860699271378],[-99.11594154153903,19.311891317306017],[-99.11611872524571,19.31191240641079],[-99.11644256970226,19.31195074676261],[-99.11676149678092,19.31198606989659],[-99.1170293573307,19.312011499564196],[-99.11725376726844,19.31203433420879],[-99.11769363722878,19.31208086821181],[-99.11850673293512,19.30877912278585],[-99.11903757977586,19.306628529936763]]]}},{"type":"Feature","properties":{"name":"Cantil Del Pedregal","id":"003-015","alc":"Coyoacán","clasif":"Colonia","fuente":"SGIRPC CDMX"},"geometry":{"type":"Polygon","coordinates":[[[-99.1616133413629,19.301102499229916],[-99.16151999742169,19.301072553196544],[-99.16121678726724,19.300973213480457],[-99.16078038300725,19.30079541584018],[-99.16041646470589,19.300618892291713],[-99.16021259295046,19.30050991927666],[-99.1600030150964,19.300388755259085],[-99.1597962911899,19.300259807229615],[-99.1595304293917,19.30007401207767],[-99.159536319645,19.300441952268844],[-99.15954248478278,19.300629777550064],[-99.15954339657279,19.30065728361708],[-99.15954725304032,19.3007748373893],[-99.15954840198557,19.300809638980304],[-99.15955022556561,19.300864009244844],[-99.1595676762383,19.30138205660259],[-99.15957735738218,19.301637733735433],[-99.15957879199162,19.301675813671103],[-99.15958058682557,19.301723104335196],[-99.15958132793568,19.301742799236486],[-99.15958488885751,19.301893095927273],[-99.15958622734728,19.301949191146925],[-99.1595875281078,19.3020043647665],[-99.15958917022812,19.302073363770024],[-99.15959435440561,19.30229217157221],[-99.159602829112,19.30251866370215],[-99.15960382624198,19.302545519175496],[-99.15960518449468,19.302581648919777],[-99.15960744645257,19.30264229498569],[-99.15961110349409,19.30273996433737],[-99.15961832415236,19.30294310531262],[-99.159624679733,19.3031216297393],[-99.15962497348212,19.303130145189375],[-99.15962931503985,19.303252123621395],[-99.15963589160603,19.303392668225605],[-99.15977492206594,19.303374098571194],[-99.15984506970986,19.303363445796275],[-99.15988850954201,19.303352330962433],[-99.15994828074611,19.303335673122938],[-99.16001007765114,19.30331623360528],[-99.16005758864819,19.303298753382855],[-99.1601243415586,19.303271557212],[-99.16023335481333,19.3032188613326],[-99.16030855458234,19.303179474426454],[-99.16039909667816,19.303121053225343],[-99.16046940781547,19.303069141526368],[-99.16069605455831,19.302886317768284],[-99.16073578524669,19.30285131823001],[-99.1608100157335,19.302780353468407],[-99.16087252769756,19.30271607031986],[-99.16093441173913,19.302650839286425],[-99.16102985414484,19.302529883722077],[-99.16110417086992,19.30240825998742],[-99.16117055547113,19.302299116057004],[-99.1612166219772,19.30221327691374],[-99.16128527123125,19.302056011435653],[-99.16138392331742,19.301788480715974],[-99.1616133413629,19.301102499229916]]]}},{"type":"Feature","properties":{"name":"Cantil Del Pedregal","id":"003-016","alc":"Coyoacán","clasif":"Colonia","fuente":"SGIRPC CDMX"},"geometry":{"type":"Polygon","coordinates":[[[-99.15963589160603,19.303392668225605],[-99.15962931503985,19.303252123621395],[-99.15962497348212,19.303130145189375],[-99.159624679733,19.3031216297393],[-99.15961832415236,19.30294310531262],[-99.15961110349409,19.30273996433737],[-99.15960744645257,19.30264229498569],[-99.15960518449468,19.302581648919777],[-99.15960382624198,19.302545519175496],[-99.159602829112,19.30251866370215],[-99.15959435440561,19.30229217157221],[-99.15958917022812,19.302073363770024],[-99.1595875281078,19.3020043647665],[-99.15958622734728,19.301949191146925],[-99.15958488885751,19.301893095927273],[-99.15958132793568,19.301742799236486],[-99.15958058682557,19.301723104335196],[-99.15957879199162,19.301675813671103],[-99.15957735738218,19.301637733735433],[-99.1595676762383,19.30138205660259],[-99.15955022556561,19.300864009244844],[-99.15954840198557,19.300809638980304],[-99.15954725304032,19.3007748373893],[-99.15954339657279,19.30065728361708],[-99.15954248478278,19.300629777550064],[-99.159536319645,19.300441952268844],[-99.1595304293917,19.30007401207767],[-99.15945426483202,19.3000241808361],[-99.15932408726924,19.299921865443714],[-99.15912459480083,19.299765086114174],[-99.1588189996193,19.299486901164467],[-99.15858275976755,19.29925824964165],[-99.15847823719095,19.299137196611337],[-99.15819866979649,19.298810385454562],[-99.15798421678531,19.298511461600235],[-99.157965470742,19.2984852014953],[-99.15795999281534,19.298478085585135],[-99.15746049268645,19.298782844315657],[-99.1571923895916,19.298945344937945],[-99.15711627803256,19.298990274320026],[-99.1570318417857,19.29891765036341],[-99.15700835623092,19.29894173230752],[-99.15698033508224,19.29896870367374],[-99.15694170752505,19.298999258838432],[-99.15692011651723,19.299015204937163],[-99.15687506870067,19.299044911409617],[-99.15672639302953,19.299135836683504],[-99.15660393019843,19.29921783166247],[-99.15648427370428,19.299289731435312],[-99.15601167811813,19.2995694199283],[-99.15568450450512,19.29976138956644],[-99.15518464594845,19.300052939250772],[-99.15453483162135,19.30043183597859],[-99.1541629605348,19.30064141652629],[-99.153864145837,19.300826720142418],[-99.15350859444419,19.301026069474325],[-99.15328062538126,19.301152609925147],[-99.1532283667879,19.301185674243037],[-99.15316096529385,19.301231695007765],[-99.15312466706814,19.301260895774437],[-99.1533822913152,19.30128464587447],[-99.1536761347362,19.301307504060066],[-99.15438121162292,19.30135213435953],[-99.15460689716842,19.301366173473433],[-99.15475230746343,19.301375890380953],[-99.15483390503398,19.301383263903514],[-99.15490926290654,19.301392976570998],[-99.15501016886574,19.30140808139551],[-99.15543532442176,19.30146820309391],[-99.15545440463836,19.3014709042587],[-99.15567273657489,19.301507850693852],[-99.15598839019272,19.30153398398806],[-99.1562377113116,19.30155677261746],[-99.15641492645926,19.301581235693337],[-99.156567088492,19.301612226998614],[-99.15675131229554,19.3016597533757],[-99.15697655766648,19.301722352317242],[-99.1571482266156,19.301776253433054],[-99.1572118749484,19.30180799671906],[-99.15729311049789,19.301845277119668],[-99.1574514143122,19.30192700791623],[-99.15764072258023,19.302050837189086],[-99.15778145894086,19.302146888406128],[-99.1579691304784,19.302304102079923],[-99.15806890006886,19.3024096775396],[-99.15823056717558,19.302571738781335],[-99.15840738616623,19.302755183492813],[-99.15871407908904,19.30306569600643],[-99.1589914797471,19.303309917393644],[-99.15902157330913,19.30333523904245],[-99.15918920343273,19.30334826739253],[-99.15940329711776,19.30337830118183],[-99.15952295181529,19.30339196877962],[-99.1595941927089,19.30339303702442],[-99.15963589160603,19.303392668225605]]]}},{"type":"Feature","properties":{"name":"Carmen Serdan","id":"003-017","alc":"Coyoacán","clasif":"Colonia","fuente":"SGIRPC CDMX"},"geometry":{"type":"Polygon","coordinates":[[[-99.11280013838038,19.320827241846814],[-99.11277335780511,19.320807133012227],[-99.11254793097451,19.32063007750273],[-99.11226290002642,19.320422535919988],[-99.11206221369699,19.320281173487107],[-99.11195636430872,19.320206598195156],[-99.11177465219475,19.320079039110112],[-99.11166729992505,19.32000366940565],[-99.11161906398753,19.319969313565412],[-99.11133727685598,19.319768607225004],[-99.11103432361963,19.319543982799914],[-99.11091251745704,19.31945756353709],[-99.11053040827113,19.319188377692715],[-99.11037009582382,19.319075452209802],[-99.11007920965677,19.318870533234257],[-99.10972167747873,19.31861867326521],[-99.10935001480127,19.31835683845062],[-99.1090084995848,19.318116241570483],[-99.10878608929684,19.317959553436555],[-99.10859548925143,19.317825288682556],[-99.10848248208703,19.317745661442192],[-99.10807757365922,19.317441688298025],[-99.10791601884188,19.317328353844967],[-99.10790046002116,19.317317440874938],[-99.10779859106798,19.31724387558614],[-99.10778309872255,19.317232691333217],[-99.10753106828473,19.31705208075846],[-99.10751240039484,19.317038602501135],[-99.10734592191145,19.3169184298728],[-99.10700416864138,19.316668158959722],[-99.10667202734487,19.31643417116214],[-99.10663422713601,19.316613270043135],[-99.1065872596197,19.316834490567018],[-99.10654842275501,19.317011719736847],[-99.10650405945472,19.317215053222917],[-99.10639450271933,19.317714858001494],[-99.10632898858566,19.31800660711154],[-99.10621223454815,19.318546655677906],[-99.10605892626512,19.31923481301792],[-99.10591462179623,19.319903458705543],[-99.10584756884843,19.320209989099308],[-99.10569772087592,19.320896349893406],[-99.10557924476805,19.32145067468216],[-99.10550957233289,19.32176470786894],[-99.10542337179488,19.32216551352197],[-99.10597099557188,19.322056442120008],[-99.1064999837983,19.32194962981096],[-99.10651342618819,19.321947133284382],[-99.10780657709084,19.32171145506494],[-99.1081682684686,19.32164860522164],[-99.10879344110911,19.32154974509909],[-99.10879351746593,19.321549727297043],[-99.10922757712302,19.321465451281995],[-99.10935106762676,19.321444043819383],[-99.10992168108854,19.321329252367466],[-99.11048456364895,19.321230123324213],[-99.11184173299027,19.320994039707273],[-99.11264413335488,19.320854466463572],[-99.11280013838038,19.320827241846814]]]}},{"type":"Feature","properties":{"name":"Churubusco Country Club","id":"003-018","alc":"Coyoacán","clasif":"Colonia","fuente":"SGIRPC CDMX"},"geometry":{"type":"Polygon","coordinates":[[[-99.14559116512683,19.350431068683598],[-99.14558647861594,19.350099530652116],[-99.14556930013278,19.349776795683216],[-99.14555416441856,19.34961226651062],[-99.14552603367542,19.349375378045718],[-99.14550401596787,19.349241000116248],[-99.14547097054182,19.349039563541297],[-99.1454484066585,19.348933015526537],[-99.14540316570412,19.348726032868466],[-99.14537270832447,19.34860078282682],[-99.14533140109272,19.3484290268527],[-99.1453265133593,19.348408681551692],[-99.14512449392998,19.347578815887395],[-99.14505395551889,19.347301160702454],[-99.14493135614387,19.346808530600693],[-99.14488701530146,19.346630398871696],[-99.14484646894277,19.346472494678324],[-99.14477676326999,19.34615778092098],[-99.14475320046012,19.34606247517836],[-99.14473479218327,19.345982322635297],[-99.14466793506831,19.345715802114842],[-99.14415508597428,19.345697878050935],[-99.14345263576142,19.345664541337936],[-99.13717023727922,19.34533134504805],[-99.13700117973266,19.3460422160367],[-99.13677569900307,19.346870142606665],[-99.13656537285235,19.34769520946764],[-99.1363152701991,19.348654275202747],[-99.1359303259302,19.350136399981185],[-99.13562086978955,19.351320635858766],[-99.13535662316221,19.352351404146926],[-99.13522438935576,19.352862662062467],[-99.13515513194231,19.35312490940151],[-99.1350895109091,19.353373964143547],[-99.13503026791446,19.35360244925056],[-99.13496593057378,19.35390054681725],[-99.13483935166204,19.3543854911231],[-99.13478647772274,19.354590662172082],[-99.13476224476968,19.35468766735014],[-99.1345026118896,19.355712520557272],[-99.1344692565448,19.355845202311723],[-99.1344528955285,19.3559178458846],[-99.13444588148278,19.35597838146427],[-99.1344428685333,19.356008875962807],[-99.13444102519031,19.356046466908],[-99.1344418210977,19.356110770601305],[-99.13444673039072,19.356162639171945],[-99.13445012961577,19.356194967710778],[-99.1344565247223,19.356237951503665],[-99.13446629749427,19.35628200148903],[-99.13448693179633,19.356344520173547],[-99.13450944178072,19.35640098910698],[-99.13453793634153,19.35645817249533],[-99.13457954001726,19.356522446362433],[-99.13461076904983,19.35656340275994],[-99.13472194544765,19.356570637338137],[-99.13650340975899,19.356690434990476],[-99.1372153704357,19.35673795042993],[-99.13813966769281,19.35679383951253],[-99.13853008719339,19.35681589748548],[-99.13913621824481,19.356859641354312],[-99.1395834858315,19.356891160358593],[-99.13983683769108,19.356910512985163],[-99.13995821445904,19.356920951231963],[-99.1404497618027,19.356963219513773],[-99.14088221527206,19.356996918358178],[-99.14119337821175,19.357024711572386],[-99.1416400079946,19.35706389141095],[-99.14218910500864,19.357142057822116],[-99.1427755521756,19.357183637848994],[-99.14298979228602,19.35719554909244],[-99.1436223095523,19.357243001667328],[-99.14387208432044,19.357268651427077],[-99.14388388279335,19.35726918537327],[-99.14392198573445,19.357083587268555],[-99.14403465064078,19.3565858387656],[-99.14411517472449,19.356225768130304],[-99.14418215670536,19.35595491137565],[-99.14440711641204,19.355199152713052],[-99.14494141547846,19.353466617011],[-99.14518715770924,19.352638231482796],[-99.1452379008447,19.352473917933043],[-99.1453373488382,19.352148505980743],[-99.14542031005135,19.351814060911504],[-99.14548505702379,19.351500176203384],[-99.14552889840286,19.35121268322312],[-99.1455582751093,19.350945360972307],[-99.14556643181209,19.350848469685484],[-99.14559083814002,19.35045441158405],[-99.14559116512683,19.350431068683598]]]}},{"type":"Feature","properties":{"name":"Ciudad Jardin","id":"003-019","alc":"Coyoacán","clasif":"Colonia","fuente":"SGIRPC CDMX"},"geometry":{"type":"Polygon","coordinates":[[[-99.14720870935666,19.336967139104623],[-99.14715972063092,19.33676078802123],[-99.14692415631231,19.33589830341281],[-99.14649002209505,19.33442385706786],[-99.14642187499926,19.334221404518736],[-99.1464004672477,19.334165940008763],[-99.1463527595196,19.334077196584012],[-99.14626611251892,19.333923738912095],[-99.14612592143568,19.333644549976594],[-99.14600235277845,19.333424655062203],[-99.14596554430969,19.333359173509532],[-99.1458689556537,19.333216605032707],[-99.14579149392674,19.333104000336874],[-99.1457388948719,19.33303045402324],[-99.14565282369126,19.332918760433685],[-99.1449948445766,19.332097852122953],[-99.14479975205646,19.331850856953086],[-99.14456019652297,19.331532754006993],[-99.14428687062305,19.33120948983265],[-99.14384821069345,19.33065999258644],[-99.14367333296214,19.33044147959885],[-99.14304983298467,19.330591217566607],[-99.14243767244105,19.330731762400593],[-99.14199407986217,19.3308349612806],[-99.14180631310316,19.330879228344905],[-99.14144880607797,19.330965686493002],[-99.1412587270554,19.331010602837175],[-99.14098451002674,19.33108140530613],[-99.14076659401016,19.33113435413344],[-99.140457347177,19.331212807608967],[-99.14046706425341,19.331244116258574],[-99.14075451705949,19.332188944652238],[-99.14081388941158,19.3323648492237],[-99.14091473428535,19.332697846500807],[-99.14111143928143,19.333306580572295],[-99.1411196166455,19.33333367172238],[-99.14125689898383,19.333788868488657],[-99.14134964464704,19.334087974505273],[-99.14139777637995,19.334247596156978],[-99.14142762380355,19.334346542684816],[-99.14191248498658,19.33595424625344],[-99.1419882336263,19.33618402551906],[-99.14205986528707,19.3364069148273],[-99.14209709237072,19.33652329009745],[-99.14219512012778,19.336839725338944],[-99.14239220600953,19.337447437825475],[-99.14295432949358,19.339227323400035],[-99.14316984521167,19.339928732674153],[-99.14332025642788,19.340530468956377],[-99.14332507678768,19.340548701274],[-99.14578111838517,19.339054356472236],[-99.14600269234164,19.33873403151123],[-99.14628455493167,19.33832291692674],[-99.14636661423626,19.338199746620678],[-99.14652902963961,19.337968433431577],[-99.14677836692822,19.33759870782822],[-99.14686067237118,19.337489634016897],[-99.14698533876968,19.337317254356],[-99.14711073819342,19.337141859464204],[-99.14712680905386,19.337115059685893],[-99.14716601243119,19.337048738755527],[-99.14720870935666,19.336967139104623]]]}},{"type":"Feature","properties":{"name":"Ciudad Universitaria","id":"003-020","alc":"Coyoacán","clasif":"Colonia","fuente":"SGIRPC CDMX"},"geometry":{"type":"Polygon","coordinates":[[[-99.20156116782448,19.311383601967343],[-99.20138015280313,19.311375563394765],[-99.20126553226447,19.31137046574248],[-99.20099139428753,19.31135829089004],[-99.20098102593248,19.311357822919867],[-99.20096193493607,19.311356977691325],[-99.20042968582521,19.31132607724852],[-99.20035889678418,19.311321972335872],[-99.2003359358455,19.311328099185054],[-99.20029904113849,19.311293502449697],[-99.20047765316642,19.31113323949916],[-99.20077895619755,19.310819939558947],[-99.20070549377024,19.31081610676934],[-99.20065428081593,19.310813443060976],[-99.20041260974993,19.310806850764322],[-99.20022592635915,19.310797223433372],[-99.2000689781026,19.310795374436367],[-99.20000506656343,19.31079215289183],[-99.19993384094117,19.310788581216197],[-99.19974775672672,19.31077922347662],[-99.19954018481064,19.31077118826547],[-99.19942527052284,19.310766874786307],[-99.19942434346147,19.310793043903207],[-99.19942318014316,19.310826329237003],[-99.19941556602282,19.311042754106644],[-99.1990641343039,19.311030472410287],[-99.19857250521353,19.31101327616875],[-99.19764250455272,19.31098038678349],[-99.19763774797326,19.310980224858692],[-99.19716352643651,19.31096344571671],[-99.19680632124525,19.310950818122617],[-99.1964492013939,19.31093818035422],[-99.19631912444248,19.31093358711399],[-99.1958041634092,19.31091536590316],[-99.19547407386483,19.31083217973012],[-99.19532272211246,19.31079339233875],[-99.19531710045543,19.310791957055866],[-99.19531353324541,19.310791037220053],[-99.19431711294911,19.31053568552958],[-99.19429342707002,19.310529864697987],[-99.19408125488138,19.31047778409969],[-99.19406213603719,19.310307118121386],[-99.19406654946019,19.310249632021748],[-99.19408051826282,19.310224237686697],[-99.19408748918949,19.31021429494813],[-99.1941016987406,19.310206119825867],[-99.19412445037183,19.310202387059604],[-99.19392050585287,19.31015202989015],[-99.19376787220463,19.31011434360148],[-99.19377690117156,19.3101279775731],[-99.19378649517881,19.310165540930672],[-99.19379629130697,19.31027408108073],[-99.1938102646012,19.310393465921855],[-99.19380029599648,19.3103911464041],[-99.19379987738158,19.310391055691944],[-99.19366659164791,19.31036012115555],[-99.19357335191133,19.310338471469773],[-99.19352697907973,19.310327714871942],[-99.19352461291726,19.31033725999619],[-99.19330061710286,19.310285739717493],[-99.19318628941497,19.310259451830515],[-99.19307934318373,19.310234851864745],[-99.19308020736307,19.310231329348056],[-99.19296626056085,19.310205132164583],[-99.19296589943812,19.31020653184586],[-99.1927465937278,19.310157412433814],[-99.19274709319106,19.3101553184217],[-99.1927432259438,19.31015438756132],[-99.19263257416206,19.310127752064037],[-99.19263327305133,19.31012459493755],[-99.1924160891617,19.31007594517018],[-99.19241059147217,19.310074726912305],[-99.19240688143006,19.310073896937034],[-99.19219267545563,19.310026239055894],[-99.192192656591,19.310026338246082],[-99.19219115460785,19.310032397321436],[-99.19218392496643,19.31003078230269],[-99.19218389711862,19.31003078230269],[-99.19207833968291,19.31000729204523],[-99.19207824446148,19.310007264916322],[-99.19185998618677,19.309958704130946],[-99.19186149805141,19.309952536537114],[-99.19174966229009,19.30992765591032],[-99.19174952933946,19.309927619455806],[-99.19163211054861,19.309902686262753],[-99.19163048459798,19.309908826729504],[-99.19152223580961,19.309885832405698],[-99.19141456733293,19.30986297457107],[-99.19141605943462,19.309856806125882],[-99.19130113346876,19.309832396002346],[-99.19129937456744,19.30983946648615],[-99.1911907350119,19.309811812753814],[-99.19119253164244,19.309804787201223],[-99.19097017345682,19.309748180920767],[-99.19096160802057,19.309781936137437],[-99.19092599431114,19.30977409417118],[-99.19088999073284,19.309766152166436],[-99.19085434827734,19.309758300873785],[-99.19085448122803,19.309757767620106],[-99.19086208636523,19.30972607165701],[-99.19063356573673,19.30967933521209],[-99.19041206454384,19.3096279105254],[-99.19034025681331,19.309611232130504],[-99.1903059842886,19.30960328164012],[-99.19030287432106,19.309602839098414],[-99.19024583938533,19.30959483689288],[-99.19018902363854,19.309586852490355],[-99.18999554808595,19.30955968788526],[-99.18996466310817,19.30955535741841],[-99.18985777526744,19.309540344906658],[-99.18974081551575,19.30952393440187],[-99.18940039893886,19.30948728819651],[-99.18940039893886,19.309487315325537],[-99.18928628325337,19.309475319214798],[-99.18906872476627,19.30945271650517],[-99.1890673737001,19.309452581707856],[-99.18872633998055,19.309417152901556],[-99.18872549107266,19.309401007740163],[-99.18849400600371,19.30937158800329],[-99.18835566365334,19.30935401432425],[-99.18819800123612,19.309332685814837],[-99.18800545813473,19.309305022671282],[-99.1878086660021,19.309367163427776],[-99.18780884656347,19.309368680110236],[-99.18781002784804,19.30937818883568],[-99.18781863550511,19.309447945189017],[-99.18749129839873,19.30948706438223],[-99.18701854740407,19.30955268521177],[-99.18687064697902,19.309710340243047],[-99.18659342867899,19.309441229061],[-99.18593218328992,19.30880161028983],[-99.18547470724832,19.30835401978535],[-99.18514378406732,19.308033052201825],[-99.18483458843814,19.30772945691744],[-99.18444511845682,19.307368500278105],[-99.18407392020836,19.30699096167637],[-99.18375871664651,19.306678704219603],[-99.18346433693132,19.306385678459016],[-99.18339656892456,19.3063198198229],[-99.18334247956467,19.306356848247077],[-99.18328609770418,19.306390860198604],[-99.18324218445984,19.306415200468674],[-99.18314847041277,19.306462599128402],[-99.18289780092262,19.30657366393161],[-99.1824355036229,19.306779030696088],[-99.1810185298398,19.307398511286642],[-99.18081357920774,19.307491843885604],[-99.18061852980674,19.307590963456086],[-99.18054005118685,19.307627505808103],[-99.18047985328307,19.30765499798158],[-99.18043514952123,19.30767464130123],[-99.18008641903639,19.30778904218454],[-99.17974888515322,19.307917835915458],[-99.17924946407604,19.30810806202824],[-99.17830616924738,19.30850786771429],[-99.17727095969708,19.308940896252157],[-99.17674534913617,19.309173143253894],[-99.1765487627177,19.309252365190513],[-99.17646876055514,19.309284562284905],[-99.1763453275435,19.309326530914102],[-99.17583558662035,19.309501253703004],[-99.17556738560916,19.30959820427935],[-99.1753449923892,19.30968652947854],[-99.17448298521224,19.310054417526963],[-99.17342297766854,19.31050812093155],[-99.17290941800718,19.310737999566822],[-99.17191395890819,19.311177741647114],[-99.17175738524911,19.31126722489789],[-99.1717034818405,19.31130104338392],[-99.1716585193639,19.311333779257957],[-99.17158366185296,19.31138876489751],[-99.17146061781185,19.31148948948027],[-99.17143431783529,19.31151102710783],[-99.17077694777832,19.31203822716136],[-99.17059760182684,19.312192420056554],[-99.17072334261043,19.312244584037597],[-99.1707760871923,19.312264827872966],[-99.17082884165565,19.312285063227975],[-99.17103076496525,19.31235667579806],[-99.17116174741852,19.312397190566948],[-99.1712927388549,19.31243769600031],[-99.17121707555515,19.312623004054746],[-99.17120726954555,19.312642807005265],[-99.17118515481987,19.312687407082954],[-99.17088293101558,19.31279393296599],[-99.17086408795414,19.3128054286522],[-99.17085992156788,19.31280076933882],[-99.17081110621706,19.312822677266684],[-99.17080364840353,19.31281805440759],[-99.17078466251003,19.312831599986215],[-99.17076417283668,19.312810641555675],[-99.17072071413988,19.312868443818708],[-99.17064834855556,19.31296531101338],[-99.17061051960063,19.313015934361786],[-99.17049747201203,19.31316914971243],[-99.17041405445474,19.31329313409142],[-99.17033919604545,19.313384510931268],[-99.17030256634145,19.313434998508207],[-99.17016698451393,19.313621824618505],[-99.17006317250474,19.31376939586677],[-99.16999968047877,19.313853485104357],[-99.16995868406413,19.31390776540893],[-99.16994786924647,19.313922096769605],[-99.16993757724823,19.313936300965164],[-99.16982784803626,19.314087890301575],[-99.16972875308065,19.314222891435303],[-99.16966437711245,19.31430996030422],[-99.16955372443238,19.314459680840162],[-99.16949572021448,19.31453986835204],[-99.1694663569828,19.31458045040032],[-99.16945045320898,19.3146024479517],[-99.16941587705372,19.314657333304687],[-99.16933350333878,19.314763148333768],[-99.1693161820235,19.31478539001385],[-99.16931366135077,19.31478886665363],[-99.16922534258532,19.314910267546995],[-99.16916174545649,19.31499798712406],[-99.16917296182113,19.315065937909644],[-99.16949027013567,19.315079468890197],[-99.1695344187386,19.31521373674732],[-99.16966416870329,19.315407438628515],[-99.16973418878644,19.315476471821437],[-99.17000157951728,19.31554938513787],[-99.17001431852634,19.315644616282437],[-99.17001463203833,19.31564680093344],[-99.17012486879848,19.315634572143477],[-99.1701923583274,19.315627076339844],[-99.17044034185488,19.315599556683196],[-99.17091576174428,19.315545744898476],[-99.17095353410535,19.31554019976408],[-99.17111750539077,19.315516094831406],[-99.17112430743408,19.315550155742837],[-99.17113659908212,19.315611785475884],[-99.17114923298828,19.315675068297327],[-99.17116336079275,19.315745890128],[-99.17114418445638,19.31574513224015],[-99.17114544928427,19.31575132674342],[-99.1712246779974,19.31614383498322],[-99.17125098066894,19.316164585288362],[-99.17127150178332,19.316281577726457],[-99.17134944590555,19.316633992313115],[-99.1713642294802,19.316703604845053],[-99.17140932400913,19.316915837474266],[-99.17141583140507,19.31694693608012],[-99.17146506447253,19.31718193365182],[-99.17146688176432,19.317190638263817],[-99.17148199861391,19.317262806498753],[-99.17149548951288,19.317330658004956],[-99.17150969367415,19.317402157310845],[-99.17150985537086,19.317402943166293],[-99.17156155161888,19.317609946877976],[-99.17158689578797,19.317726334691447],[-99.17159825498474,19.317778455367467],[-99.17160989984578,19.31783195868823],[-99.17163071560752,19.317927504709225],[-99.17166966565992,19.318124675704713],[-99.17167117842286,19.318132296858927],[-99.17167434588254,19.318148369948126],[-99.1716760392069,19.318156912590926],[-99.1716985204452,19.31827236157106],[-99.17170036648307,19.31828180619867],[-99.17178671434482,19.318698171224703],[-99.17181566435151,19.318814838862977],[-99.17183147559882,19.31887860873846],[-99.17183884897068,19.3189082988867],[-99.17183947689303,19.318911505012075],[-99.17185181615179,19.318973911696094],[-99.17185806662953,19.319005579586516],[-99.17186471685757,19.31903919810235],[-99.17188147133594,19.31912398061661],[-99.17189065211814,19.319169229983775],[-99.17193569095157,19.319391016722964],[-99.171998064575,19.31969045089308],[-99.17199882544804,19.319694135122155],[-99.17202492240534,19.319819372580394],[-99.17202549283556,19.319821991212322],[-99.1720958488886,19.320141598786762],[-99.17210270842415,19.32017272560149],[-99.17214000288148,19.320342128342222],[-99.17214288557521,19.32035524858705],[-99.17216226582913,19.320447228450114],[-99.17219537503554,19.320626094895996],[-99.17224324895203,19.320829567998267],[-99.17228551019454,19.321019902007205],[-99.17229501437025,19.32106275857899],[-99.1723110744509,19.321138303273347],[-99.17260032298923,19.321152182164635],[-99.17257627688572,19.32118650639049],[-99.17255550244646,19.32121875369317],[-99.17254178607034,19.321249140242625],[-99.17252979266304,19.321284041745756],[-99.172523125367,19.321311718968953],[-99.17251511688625,19.321363804592767],[-99.17251093343191,19.32140974084063],[-99.17251017345724,19.3214495268699],[-99.17251283875868,19.321482441275897],[-99.17251703478932,19.32152258926346],[-99.17253246694762,19.32159981392405],[-99.17255304555411,19.321679024752314],[-99.17269213440454,19.322341302577172],[-99.17277291989801,19.322711685787894],[-99.17284151794807,19.32301986140821],[-99.17289982130495,19.32329294634155],[-99.17290706352277,19.32336239582],[-99.17290896795117,19.323421353170303],[-99.17291202401978,19.32348031049935],[-99.17291850446627,19.32355156636546],[-99.1729234523868,19.32358773131017],[-99.17294174927255,19.323689012101504],[-99.17302201464148,19.324091478776594],[-99.17308999644722,19.32444063235865],[-99.17315882266936,19.324724724879335],[-99.17380860645373,19.325283434546954],[-99.17372407049392,19.32604188159288],[-99.17365398932532,19.326716095043125],[-99.17356181319403,19.327472790047707],[-99.17379045509506,19.328103972494006],[-99.1737937653869,19.32810474897356],[-99.17386111298204,19.328430839535265],[-99.1738674784442,19.32846173081035],[-99.17387462364397,19.3284963425605],[-99.17396181053215,19.328919180727812],[-99.17402909883853,19.329210487688645],[-99.17406912058107,19.329418818316803],[-99.17407443950586,19.329446477208407],[-99.1740811948368,19.329480519958043],[-99.174088817042,19.329518924002567],[-99.17409078614905,19.32952879436185],[-99.1740910340841,19.329530067573753],[-99.17409144281754,19.329533146339106],[-99.17431498138946,19.329557482315415],[-99.1743663048366,19.329563060881256],[-99.17451157948602,19.32957892007903],[-99.17451613574119,19.329579426142466],[-99.17465457960114,19.329593542514043],[-99.1749296509277,19.32962161419481],[-99.17506650656627,19.32964408357313],[-99.17534235852881,19.329679287598907],[-99.17539614515643,19.32968378198182],[-99.17545505038457,19.329688691726172],[-99.17548387552537,19.329691101671486],[-99.17557825522405,19.329708127260034],[-99.17562621088719,19.329719159772736],[-99.17574996819062,19.329761007870843],[-99.17596433047191,19.329830357116936],[-99.17601333626561,19.3299136658575],[-99.17606179049378,19.32998573183829],[-99.17606395273864,19.329989366669928],[-99.17610979466593,19.33006642372718],[-99.17615855881277,19.330148393869365],[-99.17616966917622,19.33016706983229],[-99.17617346545661,19.330164431021945],[-99.17619286457517,19.330194978661176],[-99.17624670420342,19.330281971206084],[-99.17630083847908,19.330369433315706],[-99.17630302677509,19.330372973199466],[-99.176337952375,19.33042696235114],[-99.17637449584079,19.33048345211966],[-99.17639540772228,19.330515778116208],[-99.17639763374751,19.33051927307021],[-99.1764052065454,19.330531128618023],[-99.17642824024759,19.330567203012155],[-99.1764524723024,19.330605154991936],[-99.17645789543174,19.330613642732484],[-99.17647704661532,19.330643639300845],[-99.17648998594863,19.33066165402322],[-99.17651439856482,19.33069562361986],[-99.17651473183975,19.330696155957554],[-99.17662291505111,19.3308652655128],[-99.17662324832611,19.330865788525664],[-99.176681283985,19.33096336472425],[-99.17670839963188,19.331008964291048],[-99.17672638120897,19.331039196439075],[-99.17672671358561,19.331039755901216],[-99.17674949126791,19.33108023636978],[-99.1767813733757,19.331136907313482],[-99.17678449322467,19.331142451918634],[-99.17679703190937,19.331147056458228],[-99.17685956363633,19.33116999777837],[-99.1769272418115,19.331194826854254],[-99.17695541028387,19.331202807658073],[-99.17699118030018,19.331212937302304],[-99.17705429233878,19.331235256424158],[-99.17706369141158,19.33123857928598],[-99.17716582626615,19.331273690572235],[-99.17718160876737,19.331279541180983],[-99.17729318222061,19.3313208565435],[-99.17731055294324,19.331323898825346],[-99.17745508019438,19.33137596599926],[-99.17760529647617,19.331430092989315],[-99.17760821689913,19.331431067807355],[-99.17780912960403,19.33149788690463],[-99.17802236270302,19.33156979791096],[-99.178048524339,19.331578628058903],[-99.17815939351311,19.33161601440983],[-99.17816006904619,19.331616222088282],[-99.17813850678438,19.33168471609892],[-99.17810893783849,19.331782495248092],[-99.17801620385343,19.332069096802467],[-99.17795110923302,19.332269143807988],[-99.17792526739721,19.332342857454062],[-99.17781432905291,19.33269356411611],[-99.17779844504203,19.332735365678364],[-99.17776797059432,19.33282871093391],[-99.17758111203207,19.33340107322963],[-99.1774471310024,19.333464572095277],[-99.17725863121814,19.333551379804767],[-99.17731689774408,19.333658571907016],[-99.1772807675034,19.33367732036705],[-99.17725901120552,19.333688636576312],[-99.17736924616894,19.333754891906565],[-99.17745217504277,19.333782077072],[-99.17765261523375,19.333847758501737],[-99.17767308783905,19.333854475322006],[-99.1778562704952,19.33391450540725],[-99.17789462855781,19.333927082062942],[-99.17806756502979,19.333983752866548],[-99.17814452010695,19.33400897736924],[-99.17815941866589,19.33401385307742],[-99.17825301233876,19.33404453138301],[-99.17843030653817,19.334102627899767],[-99.17862935793373,19.33416786587766],[-99.17862369854747,19.33418321773162],[-99.17877450771738,19.334233342867776],[-99.18524689628893,19.336392883808898],[-99.18531331143282,19.336414837736843],[-99.18547985100162,19.336470012437093],[-99.1854992213741,19.336476421455583],[-99.18555930070028,19.336496326622665],[-99.18562487951267,19.33652116166986],[-99.18569266099412,19.336583525178323],[-99.18574742229389,19.336684519885527],[-99.1857489862608,19.336719809700593],[-99.18575042176862,19.33678939502621],[-99.18572755964465,19.336856445031902],[-99.18569439204771,19.33690990650392],[-99.18563763109813,19.336959234869997],[-99.18564309824495,19.33701913921093],[-99.18564844232257,19.337076109005505],[-99.18570452324745,19.337069972102487],[-99.18580892275486,19.33705945884129],[-99.18600194914981,19.33703901294936],[-99.18615497087029,19.337022363628986],[-99.18633395569906,19.337002821315433],[-99.1867398136461,19.336959829912633],[-99.18776688356158,19.336851046414914],[-99.18846761619562,19.336772113340913],[-99.1890536456459,19.336705491358998],[-99.18916330568763,19.336694036345722],[-99.18914933149503,19.33656558570166],[-99.18905843366639,19.33574975023339],[-99.18923954750241,19.335595847423814],[-99.18925198467751,19.33561985615294],[-99.1892856634158,19.335630959468492],[-99.18970417772691,19.335565972130777],[-99.18970034012402,19.335542837317174],[-99.18972244856145,19.33553953827711],[-99.1897157363497,19.335499021617448],[-99.18972747553383,19.335497268684023],[-99.18997993716293,19.335462596539266],[-99.18998529830854,19.3355708757649],[-99.1900157763495,19.336013687301815],[-99.19005466531651,19.33633561201539],[-99.19010083602711,19.33661457087729],[-99.1902742728607,19.336598502147755],[-99.19036319529404,19.336597849464194],[-99.190365354844,19.33659803001169],[-99.1904463631197,19.33660457549529],[-99.19051369095196,19.33661369611187],[-99.19056791865236,19.336622826899543],[-99.19062408851045,19.336638396366304],[-99.19097856641649,19.3367464756166],[-99.19122844898249,19.336825246803787],[-99.19133401450307,19.336854544623815],[-99.19145892793826,19.336867277866368],[-99.19155187482413,19.336865351181544],[-99.19160124892703,19.33686345670702],[-99.1918374546428,19.336836560252063],[-99.19236599101664,19.336756037845806],[-99.19269898301775,19.336708817499996],[-99.19317141870377,19.336630820152664],[-99.19304988652729,19.335878300693626],[-99.19323436545235,19.335845233221566],[-99.19442800278443,19.335617696350734],[-99.19467319344963,19.335572915201954],[-99.19508153344182,19.335499554787237],[-99.19521905563037,19.33548273747584],[-99.19524239026816,19.33547062460279],[-99.19526414656607,19.335466982264254],[-99.19527712991686,19.335454690536544],[-99.1952873069307,19.335440999342687],[-99.19529440362143,19.33543933625928],[-99.19530570532602,19.335439984709218],[-99.1953613909922,19.33545931868877],[-99.19536065706859,19.335449466488445],[-99.1953843025235,19.335422138348207],[-99.19547713083173,19.335404749714613],[-99.19549159640272,19.335380637540933],[-99.19553120761516,19.33531063881041],[-99.19556924947084,19.335247774703546],[-99.19560157354972,19.335234486125202],[-99.19567661072367,19.335206734124785],[-99.19572379653063,19.33520399028754],[-99.19573942092838,19.335223510777574],[-99.19574453952885,19.33522673438333],[-99.19583639675824,19.335205552503265],[-99.19588494710611,19.335228345762417],[-99.19610659831761,19.335188779239306],[-99.19624957687319,19.335163256546622],[-99.19633967969281,19.33513979617892],[-99.19640790134873,19.33516252333073],[-99.19648331761174,19.335190220241408],[-99.19648872726644,19.335178667642253],[-99.19658647115584,19.335126449951655],[-99.19667068282385,19.335109446119183],[-99.19744497669983,19.335014890029004],[-99.19737906281584,19.334478506896644],[-99.19737182149638,19.334419515392778],[-99.19729229274594,19.333772318012706],[-99.19728282450284,19.33365506430539],[-99.19774500412326,19.33358323304928],[-99.19780594403548,19.333573678263374],[-99.1977690870577,19.333458389283038],[-99.19759657009897,19.33288589495313],[-99.19759670304967,19.3328857686517],[-99.19751270518071,19.332805695252627],[-99.19743727095131,19.332733801743714],[-99.19717693199543,19.33247779010346],[-99.19692639545596,19.33223713603232],[-99.196656440035,19.331979327411318],[-99.19642313408102,19.331745496318646],[-99.19642224924043,19.33174462067949],[-99.19633190657062,19.331659111482477],[-99.19617132552709,19.331507162081827],[-99.19613212484472,19.33147005458855],[-99.19591336081848,19.331263031138878],[-99.19583097183221,19.331177286037782],[-99.19581124752357,19.331158027841575],[-99.19541349327866,19.330776075267032],[-99.19540555845978,19.330768464027077],[-99.1953455303375,19.33071081643779],[-99.195329117219,19.330694601327806],[-99.1951888893048,19.330555994240985],[-99.1951248358318,19.330494807543268],[-99.19500813838818,19.33038331311811],[-99.1948704715709,19.330256155298994],[-99.19481783299017,19.330184031795735],[-99.19477388650813,19.330092834731946],[-99.1947487507482,19.329968784264754],[-99.1947599302819,19.32981224651547],[-99.19478145571276,19.32957375941881],[-99.1948081949655,19.329289109928666],[-99.1948130099354,19.329237800762442],[-99.19483559358167,19.329015440794148],[-99.19484227704734,19.32887885145867],[-99.19484549571102,19.32868101190336],[-99.19484543732055,19.328560523174414],[-99.19484540318457,19.328473438163044],[-99.1948474612249,19.32827173352442],[-99.19484524957264,19.32807862586043],[-99.19484811430009,19.327919786527698],[-99.19484856525438,19.327882122137133],[-99.19484876198541,19.327864820860217],[-99.1948490153103,19.32784406102084],[-99.19484938990777,19.327812039662653],[-99.19485139045592,19.327661499778017],[-99.19484209648598,19.327661573526747],[-99.19484679018335,19.327520514047592],[-99.19485430459069,19.327237393602303],[-99.19485764812022,19.32703979788932],[-99.19486046164369,19.326916555496535],[-99.19486078234223,19.326902838156126],[-99.19486403963344,19.326760244546776],[-99.19486592879049,19.326682360277537],[-99.19486918787835,19.32654876897728],[-99.19487824199811,19.32636773298402],[-99.19488584084705,19.32607845372804],[-99.19489016893012,19.325858842778267],[-99.19489137626583,19.325798024764786],[-99.1948938654975,19.325671377928966],[-99.19490219288022,19.32524951044849],[-99.19490703300298,19.325073279479184],[-99.19492222531102,19.324521404975403],[-99.19492763316907,19.32432952459335],[-99.19493671064502,19.32400798989627],[-99.19495526444888,19.323204844660406],[-99.19496488720216,19.322850043521214],[-99.19497049987605,19.322466301494522],[-99.19498211868596,19.321878252870448],[-99.19518297839026,19.321561050280483],[-99.19525427587769,19.321452994043025],[-99.19541546777569,19.321187783058193],[-99.1955838668571,19.320912863526548],[-99.19580558005238,19.320561730599895],[-99.19595963932701,19.32031794867014],[-99.19598726611528,19.320274563769917],[-99.19605700143245,19.320165658955535],[-99.19621591969441,19.319916457760485],[-99.19644577881267,19.319544463462524],[-99.19671563362236,19.319107653303742],[-99.1970103546974,19.318630681421002],[-99.19739730759932,19.318006503687574],[-99.19771960515693,19.317500106926236],[-99.19816788873818,19.316783900615235],[-99.19850098224897,19.31625087065295],[-99.19883416109958,19.31572547039191],[-99.19909828735273,19.31529448170989],[-99.19933694097763,19.314916846961935],[-99.19969394314961,19.314351563955928],[-99.20006209790587,19.313771007457518],[-99.2003946290712,19.31324405121254],[-99.20053719799503,19.313021451605618],[-99.20087250225964,19.31249266092233],[-99.20109572462461,19.31214213471246],[-99.20142183553062,19.311606742986324],[-99.20156116782448,19.311383601967343]]]}},{"type":"Feature","properties":{"name":"Copilco El Alto","id":"003-021","alc":"Coyoacán","clasif":"Colonia","fuente":"SGIRPC CDMX"},"geometry":{"type":"Polygon","coordinates":[[[-99.17776797059432,19.33282871093391],[-99.17779844504203,19.332735365678364],[-99.17781432905291,19.33269356411611],[-99.17792526739721,19.332342857454062],[-99.17795110923302,19.332269143807988],[-99.17801620385343,19.332069096802467],[-99.17810893783849,19.331782495248092],[-99.17813850678438,19.33168471609892],[-99.17816006904619,19.331616222088282],[-99.17815939351311,19.33161601440983],[-99.178048524339,19.331578628058903],[-99.17802236270302,19.33156979791096],[-99.17780912960403,19.33149788690463],[-99.17760821689913,19.331431067807355],[-99.17760529647617,19.331430092989315],[-99.17745508019438,19.33137596599926],[-99.17731055294324,19.331323898825346],[-99.17729318222061,19.3313208565435],[-99.17718160876737,19.331279541180983],[-99.17716582626615,19.331273690572235],[-99.17706369141158,19.33123857928598],[-99.17705429233878,19.331235256424158],[-99.17699118030018,19.331212937302304],[-99.17695541028387,19.331202807658073],[-99.1769272418115,19.331194826854254],[-99.17685956363633,19.33116999777837],[-99.17679703190937,19.331147056458228],[-99.17678449322467,19.331142451918634],[-99.1767813733757,19.331136907313482],[-99.17674949126791,19.33108023636978],[-99.17672671358561,19.331039755901216],[-99.17672638120897,19.331039196439075],[-99.17670839963188,19.331008964291048],[-99.176681283985,19.33096336472425],[-99.17662324832611,19.330865788525664],[-99.17662291505111,19.3308652655128],[-99.17651473183975,19.330696155957554],[-99.17651439856482,19.33069562361986],[-99.17648998594863,19.33066165402322],[-99.17647704661532,19.330643639300845],[-99.17645789543174,19.330613642732484],[-99.1764524723024,19.330605154991936],[-99.17642824024759,19.330567203012155],[-99.1764052065454,19.330531128618023],[-99.17639763374751,19.33051927307021],[-99.17639540772228,19.330515778116208],[-99.17637449584079,19.33048345211966],[-99.176337952375,19.33042696235114],[-99.17630302677509,19.330372973199466],[-99.17630083847908,19.330369433315706],[-99.17624670420342,19.330281971206084],[-99.17619286457517,19.330194978661176],[-99.17617346545661,19.330164431021945],[-99.17616966917622,19.33016706983229],[-99.17615855881277,19.33014839471716],[-99.17610979466593,19.33006642372718],[-99.17606395273864,19.329989366669928],[-99.17606179049378,19.32998573183829],[-99.17601333626561,19.3299136658575],[-99.17596433047191,19.329830357116936],[-99.17574996819062,19.329761007870843],[-99.17562621088719,19.329719159772736],[-99.17557825522405,19.329708127260034],[-99.17548387552537,19.329691101671486],[-99.17545505038457,19.329688691726172],[-99.17539614515643,19.32968378198182],[-99.17534235852881,19.329679287598907],[-99.17506650656627,19.32964408357313],[-99.1749296509277,19.32962161419481],[-99.17465457960114,19.329593542514043],[-99.17451613574119,19.329579426142466],[-99.17451157948602,19.32957892007903],[-99.1743663048366,19.329563060881256],[-99.17431498138946,19.329557482315415],[-99.17409144281754,19.329533146339106],[-99.1740910340841,19.329530067573753],[-99.17409078614905,19.32952879436185],[-99.174088817042,19.329518924002567],[-99.1740811948368,19.329480519958043],[-99.17407443950586,19.329446477208407],[-99.17406912058107,19.329418818316803],[-99.17402909883853,19.329210487688645],[-99.17396181053215,19.328919180727812],[-99.17387462364397,19.3284963425605],[-99.1738674784442,19.32846173081035],[-99.17386111298204,19.328430839535265],[-99.1737937653869,19.32810474897356],[-99.17379045509506,19.328103972494006],[-99.17356181319403,19.327472790047707],[-99.17353602346054,19.32793044278843],[-99.17351583741775,19.328167355590857],[-99.1734701302378,19.328457448314577],[-99.17345184323358,19.328611537559972],[-99.17343667697666,19.32877229113286],[-99.17342442126122,19.328932728362677],[-99.17341909964148,19.329071619952202],[-99.17341643254339,19.329210519900453],[-99.17341834775159,19.329297325632616],[-99.17343281332258,19.329441391139586],[-99.17344704982324,19.329561173951063],[-99.17347590371011,19.329817454638164],[-99.17350233034914,19.3300243137758],[-99.17359562757795,19.330755681144055],[-99.17362957221758,19.33101620593573],[-99.17366971163942,19.33132416499317],[-99.17368395712322,19.331441257621815],[-99.17370192253055,19.331537155943057],[-99.17373079528213,19.33177000319388],[-99.17377956661554,19.33214407101546],[-99.17381839359874,19.332437844008755],[-99.17385480321548,19.332714018181196],[-99.17388457158738,19.332968871547845],[-99.17390038912289,19.333127646634303],[-99.17390177252844,19.33320564819788],[-99.17389467853265,19.333276236105394],[-99.17388365530583,19.333335058490757],[-99.17387066207353,19.333385211860076],[-99.17385896241527,19.333419273284914],[-99.17383685667274,19.333487387636477],[-99.17372625699329,19.333738843239257],[-99.1736078464624,19.334002804749495],[-99.17350355205798,19.33423138648409],[-99.17350245790995,19.334233932834525],[-99.17344715312949,19.334361294383807],[-99.17328188377847,19.334735352031693],[-99.1731785020623,19.33495853321356],[-99.17308471614996,19.335140375122876],[-99.17303719167823,19.335232085585808],[-99.1729302400571,19.335419046979155],[-99.17291807327491,19.33544206568264],[-99.17290835080857,19.335464857213502],[-99.17290337593853,19.33547855603416],[-99.17289666013345,19.33550004811758],[-99.17289317916175,19.33551633819096],[-99.17288945115332,19.335538065067517],[-99.17288795815332,19.335554599259233],[-99.17288720716174,19.335580099851907],[-99.17288745509677,19.335601591074298],[-99.17288870285667,19.335622369423536],[-99.1728911956816,19.3356445743582],[-99.17289517342167,19.335665821450142],[-99.17289915026342,19.33568754745917],[-99.17290885566179,19.335716362325304],[-99.17292254598668,19.335744228671192],[-99.17295339054027,19.335802317802],[-99.1729927044104,19.33591000853703],[-99.17300812758549,19.335962427716343],[-99.17312356379446,19.335967624623436],[-99.17359851206835,19.335993821915203],[-99.17400715299613,19.33601736522923],[-99.17478898643228,19.33605868024074],[-99.1754410465476,19.336089171680527],[-99.1760840705094,19.336129124510933],[-99.17610871668754,19.33606355588784],[-99.17616499883508,19.33591811540954],[-99.17623205807101,19.335744816089502],[-99.17623337050964,19.335741429745948],[-99.17624490936947,19.335711612119482],[-99.17636250692503,19.335430915733713],[-99.17648147351301,19.335146978305083],[-99.17655688348785,19.33494953202322],[-99.1766298967575,19.334758659880304],[-99.17663365351203,19.334748834762557],[-99.17676783756096,19.33441329786303],[-99.17690201172846,19.334077761121552],[-99.17691560413702,19.334046209738407],[-99.17692918756244,19.334014657501427],[-99.17693820485127,19.334000895831604],[-99.17694420739397,19.33399173862002],[-99.17695020993669,19.33398257293137],[-99.17695868554141,19.33397100498895],[-99.17696715126465,19.333959437045756],[-99.17698239028513,19.33394009356449],[-99.17699762930563,19.33392075092869],[-99.17701453290431,19.333900946318494],[-99.17703144638445,19.333881151877844],[-99.17704739956558,19.333862865413327],[-99.17705773917449,19.333851478012996],[-99.17706807968175,19.333840099088437],[-99.17708132174738,19.333826634930944],[-99.17709455393151,19.333813169924564],[-99.17712369078777,19.333786954482324],[-99.17714245030582,19.33377131269298],[-99.17716120982388,19.333755681074038],[-99.1771918693245,19.33373434133909],[-99.1772225297235,19.33371301007796],[-99.17724077540525,19.333700827565842],[-99.17725901120552,19.333688636576312],[-99.1772807675034,19.33367732036705],[-99.17731689774408,19.333658571907016],[-99.17725863121814,19.333551379804767],[-99.1774471310024,19.333464572095277],[-99.17758111203207,19.33340107322963],[-99.17776797059432,19.33282871093391]]]}},{"type":"Feature","properties":{"name":"Copilco El Bajo","id":"003-022","alc":"Coyoacán","clasif":"Colonia","fuente":"SGIRPC CDMX"},"geometry":{"type":"Polygon","coordinates":[[[-99.19035430646429,19.33868303215467],[-99.19033034300581,19.338563550162004],[-99.1903107166135,19.33843196644759],[-99.19028905913031,19.33833216035386],[-99.19026671982577,19.33812195256995],[-99.19024708984023,19.33796438089395],[-99.19023066773852,19.33781948713792],[-99.19022305631313,19.337749045292394],[-99.19021932830469,19.337695768032113],[-99.19021390697195,19.337635113781907],[-99.19018883319575,19.337267332751782],[-99.19010083602711,19.33661457087729],[-99.19005466531651,19.33633561201539],[-99.1900157763495,19.336013687301815],[-99.18998529830854,19.3355708757649],[-99.18997993716293,19.335462596539266],[-99.18972747553383,19.335497268684023],[-99.1897157363497,19.335499021617448],[-99.18972244856145,19.33553953827711],[-99.18970034012402,19.335542837317174],[-99.18970417772691,19.335565972130777],[-99.1892856634158,19.335630959468492],[-99.18925198467751,19.33561985615294],[-99.18923954750241,19.335595847423814],[-99.18905843366639,19.33574975023339],[-99.18914933149503,19.33656558570166],[-99.18916330568763,19.336694036345722],[-99.1890536456459,19.336705491358998],[-99.18846761619562,19.336772113340913],[-99.18776688356158,19.336851046414914],[-99.1867398136461,19.336959829912633],[-99.18633395569906,19.337002821315433],[-99.18615497087029,19.337022363628986],[-99.18600194914981,19.33703901294936],[-99.18580892275486,19.33705945884129],[-99.18570452324745,19.337069972102487],[-99.18564844232257,19.337076109005505],[-99.18552026890124,19.337090146746252],[-99.18503826436081,19.337141983219382],[-99.1847986701998,19.337168311706474],[-99.18466802371643,19.33718640284408],[-99.18459222207613,19.337199422562374],[-99.18453775811878,19.337208827951915],[-99.18442920210663,19.337230510526105],[-99.18432749574843,19.33725585912997],[-99.18425017326035,19.337277195014085],[-99.18413552936546,19.33731337132974],[-99.18408772641595,19.337329278090174],[-99.18403878080939,19.33734827279105],[-99.18401802343813,19.337357313688173],[-99.18400183220346,19.33736527130468],[-99.18399145396695,19.337371051341318],[-99.18398145571786,19.337377021248436],[-99.1839388001149,19.33740630964541],[-99.1838900476461,19.33744210958173],[-99.18384738216172,19.337471406443456],[-99.1838207273506,19.33748804215578],[-99.18377346698345,19.337514631659086],[-99.1837315048799,19.337533697539936],[-99.18367110665181,19.337559547049587],[-99.18360214658067,19.337591330853687],[-99.18348465143315,19.337653404909776],[-99.18336749045882,19.33772959291517],[-99.18325514445445,19.337809591850764],[-99.18316767459687,19.337876638894624],[-99.18310951317383,19.337925343109912],[-99.1830379111575,19.337988261282174],[-99.1829796365467,19.33804033395981],[-99.1829076734076,19.338111298669318],[-99.18280014416979,19.33822824741944],[-99.1827343371853,19.338306344871754],[-99.18268138149934,19.33837338832117],[-99.18259632272002,19.338486524238448],[-99.1825401438788,19.338576802021247],[-99.1824992229226,19.338640034413306],[-99.18245830196652,19.338700981570234],[-99.18242780595925,19.33875583255093],[-99.18239009198868,19.338828970271425],[-99.18235720107285,19.33890134933098],[-99.18231226734233,19.338994290133275],[-99.18228338201436,19.339069332367316],[-99.18223845097879,19.33918436987861],[-99.18220274743787,19.339294836904187],[-99.18216182378674,19.339444920213865],[-99.18232181373885,19.339431460756543],[-99.18247093856756,19.339426734392315],[-99.18256488527831,19.339423764309746],[-99.1827626350151,19.33941749780813],[-99.18285184401098,19.33941468199333],[-99.18324826515602,19.33940501057619],[-99.18337570016219,19.339400032466084],[-99.1836563599081,19.339389053160293],[-99.18378450727829,19.33938060740961],[-99.18401969160959,19.339362750460058],[-99.18444539064635,19.339569334742343],[-99.18478598688631,19.339732013503607],[-99.18511982869367,19.339891369416982],[-99.18519284465827,19.339967403805783],[-99.1852345956577,19.340011854871534],[-99.18533682214043,19.340120728654007],[-99.18546085612498,19.340243388937527],[-99.18565460566376,19.340437162008655],[-99.18601186834722,19.34080257019269],[-99.18601161142905,19.34080643533609],[-99.18597372138869,19.34139610087315],[-99.1859722688128,19.341418604230967],[-99.18597595729544,19.341415928307313],[-99.18601803528165,19.34138540480536],[-99.18612587533657,19.34124357652553],[-99.18612622747615,19.34124314339333],[-99.18612773215422,19.34124128965519],[-99.18620119637819,19.341150787032007],[-99.18633088435911,19.340991020405554],[-99.18658069775476,19.34069223472091],[-99.1866215711002,19.340639006735486],[-99.18663462362127,19.34060525280769],[-99.18664755397151,19.340571811644857],[-99.1866232473565,19.34055966524463],[-99.18658661585586,19.34054136003279],[-99.1865773551236,19.340537114301505],[-99.18655277182755,19.34052584349073],[-99.18650455295804,19.3405037358487],[-99.18647851439121,19.340491797958016],[-99.18640006900903,19.3404558325567],[-99.18634049004446,19.340428517121214],[-99.18630021767193,19.340410052541948],[-99.1862241627067,19.340375183097066],[-99.1862467840822,19.340328118065223],[-99.18626051213639,19.34029955575672],[-99.18626313970859,19.340294088596064],[-99.18626856553286,19.340282799968495],[-99.18630199813285,19.340213240712885],[-99.1863069209006,19.34020299889325],[-99.18632783457869,19.340157114549918],[-99.18641969450303,19.339955581152765],[-99.18643970447602,19.339915836926593],[-99.18648096679196,19.339833886096944],[-99.1865024239508,19.33979129806131],[-99.18652011088041,19.339799901448952],[-99.18659335771206,19.339746289198608],[-99.18665904252566,19.33969821361648],[-99.18677356963957,19.33961438688279],[-99.18680277566608,19.33960711510486],[-99.18680678125392,19.339610302176258],[-99.18681078684178,19.339613480771323],[-99.1868208910921,19.339620802558844],[-99.18683098546092,19.339628125193666],[-99.18683755034905,19.339631916621443],[-99.1868441251186,19.339635718220556],[-99.1868510610109,19.339638795947778],[-99.18685800588636,19.33964186604626],[-99.18686179318362,19.339643463819723],[-99.18686558946398,19.339645061593174],[-99.1868700702606,19.339647192522865],[-99.18687455105729,19.339649313281015],[-99.18688326651214,19.33965415322056],[-99.18688760537493,19.33965667151484],[-99.18689195322092,19.339659190656675],[-99.18689911728534,19.339663876328153],[-99.18692275106214,19.339681373851725],[-99.18699824008874,19.33974252574507],[-99.18707371923384,19.33980367846314],[-99.1869963275755,19.33989259677644],[-99.18697081631973,19.339925685466888],[-99.18694529518251,19.339958774150716],[-99.18692689858382,19.3399824889606],[-99.18690849210365,19.340006204614717],[-99.18689026708319,19.34002838437207],[-99.18685002166008,19.340006093576033],[-99.18661283049249,19.339874732254323],[-99.18661011847863,19.33987342352284],[-99.18660850151116,19.33987285476717],[-99.18660632309658,19.339872330935552],[-99.18660353562424,19.339872376707206],[-99.18660111915615,19.339872792042943],[-99.18659816998704,19.33987410162206],[-99.18659695187152,19.339874869569364],[-99.18659538251471,19.339876161348354],[-99.18659405121149,19.339877289535856],[-99.18659345113687,19.339877940511013],[-99.18659238573493,19.3398795925302],[-99.1865913113499,19.33988157936071],[-99.18649984848092,19.340131189165525],[-99.18640619731589,19.34037938051813],[-99.186404647722,19.340384148388253],[-99.18640429558242,19.340386180136544],[-99.18640431534536,19.340388130513247],[-99.18640462975571,19.340390586919785],[-99.18640520018594,19.340392871259144],[-99.18640561880085,19.34039411726247],[-99.18640581912516,19.340394704664025],[-99.18640686566246,19.34039642024951],[-99.18640841705297,19.34039791036767],[-99.18641093772564,19.340399562381627],[-99.18644065040202,19.340413293845426],[-99.18650807794721,19.34044438543522],[-99.18655645761515,19.34046824681295],[-99.18660655037031,19.340493191446665],[-99.18664845138848,19.340512439217992],[-99.1866609334793,19.340518587010582],[-99.18667150395525,19.3405236430676],[-99.18670007577124,19.340538467103926],[-99.18680467650123,19.340600455277368],[-99.18693233967949,19.34067498481069],[-99.18703743627952,19.340739068247657],[-99.18714254186273,19.340803151659443],[-99.18700381772835,19.340990494882313],[-99.18684941439898,19.34118410686701],[-99.18683299678887,19.34120311722412],[-99.18682347464681,19.34121324116223],[-99.18680843505234,19.341227528594445],[-99.186793005589,19.341240361514668],[-99.18677205777493,19.341253024062954],[-99.18673472828333,19.341272551458243],[-99.18681592610349,19.341334912304095],[-99.18683389600243,19.341320778300073],[-99.18685406318058,19.341309190534794],[-99.1868900990982,19.341292328050564],[-99.18746558592036,19.341078738693078],[-99.18760865610409,19.3410290843911],[-99.18769905896102,19.340986054210568],[-99.18780576085047,19.34087640882441],[-99.18802068996871,19.340629710038872],[-99.1881639407138,19.34043415634433],[-99.18823559842572,19.34036747058994],[-99.18860495692445,19.34015095826746],[-99.1887601965853,19.34004850270719],[-99.18899101779928,19.339916608264243],[-99.18912888494087,19.339817442186785],[-99.18924899059267,19.339714304079266],[-99.1892896546306,19.33967071072905],[-99.18934434047186,19.339608072073972],[-99.18938073212233,19.339558663983752],[-99.18939647419936,19.339537278387773],[-99.18957087492525,19.339306909654972],[-99.18987728757371,19.33882642738306],[-99.18991391907441,19.338793101981157],[-99.18994669051429,19.33876746118374],[-99.1899916188549,19.33873979708982],[-99.19006457283575,19.3386995583993],[-99.19013223843447,19.338666843265255],[-99.19020425098093,19.33863192343788],[-99.19035430646429,19.33868303215467]]]}},{"type":"Feature","properties":{"name":"Copilco Universidad","id":"003-023","alc":"Coyoacán","clasif":"Colonia","fuente":"SGIRPC CDMX"},"geometry":{"type":"Polygon","coordinates":[[[-99.18564844232257,19.337076109005505],[-99.18564309824495,19.33701913921093],[-99.18563763109813,19.336959234869997],[-99.18569439204771,19.33690990650392],[-99.18572755964465,19.336856445031902],[-99.18575042176862,19.33678939502621],[-99.1857489862608,19.336719809700593],[-99.18574742229389,19.336684519885527],[-99.18569266099412,19.336583525178323],[-99.18562487951267,19.33652116166986],[-99.18555930070028,19.336496326622665],[-99.1854992213741,19.336476421455583],[-99.18547985100162,19.336470012437093],[-99.18531331143282,19.336414837736843],[-99.18524689628893,19.336392883808898],[-99.17877450771738,19.334233342867776],[-99.17862369854747,19.33418321773162],[-99.17862935793373,19.33416786587766],[-99.17843030653817,19.334102627899767],[-99.17825301233876,19.33404453138301],[-99.17815941866589,19.33401385307742],[-99.17814452010695,19.33400897736924],[-99.17806756502979,19.333983752866548],[-99.17789462855781,19.333927082062942],[-99.1778562704952,19.33391450540725],[-99.17767308783905,19.333854475322006],[-99.17765261523375,19.333847758501737],[-99.17745217504277,19.333782077072],[-99.17736924616894,19.333754891906565],[-99.17725901120552,19.333688636576312],[-99.17724077540525,19.333700827565842],[-99.1772225297235,19.33371301007796],[-99.1771918693245,19.33373434133909],[-99.17716120982388,19.333755681074038],[-99.17714245030582,19.33377131269298],[-99.17712369078777,19.333786954482324],[-99.17709455393151,19.333813169924564],[-99.17708132174738,19.333826634930944],[-99.17706807968175,19.333840099088437],[-99.17705773917449,19.333851478012996],[-99.17704739956558,19.333862865413327],[-99.17703144638445,19.333881151877844],[-99.17701453290431,19.333900946318494],[-99.17699762930563,19.33392075092869],[-99.17698239028513,19.33394009356449],[-99.17696715126465,19.333959437045756],[-99.17695868554141,19.33397100498895],[-99.17695020993669,19.33398257293137],[-99.17694420739397,19.33399173862002],[-99.17693820485127,19.334000895831604],[-99.17692918756244,19.334014657501427],[-99.17691560413702,19.334046209738407],[-99.17690201172846,19.334077761121552],[-99.17676783756096,19.33441329786303],[-99.17663365351203,19.334748834762557],[-99.1766298967575,19.334758659880304],[-99.17655688348785,19.33494953202322],[-99.17648147351301,19.335146978305083],[-99.17636250692503,19.335430915733713],[-99.17624490936947,19.335711612119482],[-99.17623337050964,19.335741429745948],[-99.17623205807101,19.335744816089502],[-99.17616499883508,19.33591811540954],[-99.17610871668754,19.33606355588784],[-99.1760840705094,19.336129124510933],[-99.17665999660775,19.33616470857816],[-99.17677502408327,19.33617235940607],[-99.17686461216822,19.336176869715413],[-99.1769848813134,19.336185161360834],[-99.17709857658735,19.33619206287113],[-99.17721226287809,19.336198964381122],[-99.17732595815203,19.336205865890832],[-99.17745895642479,19.336213957491044],[-99.17770948398112,19.336229429517743],[-99.17791892259636,19.336242365395766],[-99.17797931453632,19.336246091633722],[-99.1781426318482,19.3362537568675],[-99.17830595904157,19.336261422101046],[-99.17834833167521,19.336261084739206],[-99.17837179207719,19.336260902495965],[-99.17842754960857,19.336248744755636],[-99.17850744127833,19.336229144709836],[-99.17867552954276,19.3361584639903],[-99.17879472699781,19.336087570481684],[-99.17883918102794,19.336057596951946],[-99.17891343936257,19.336009407547067],[-99.17906324960586,19.33591347116507],[-99.17912731924855,19.3358722722441],[-99.17918179039245,19.335841168764237],[-99.17920121556216,19.335831405589634],[-99.17922365727456,19.335823575045154],[-99.17924882896715,19.335815491902103],[-99.1792693967939,19.335810785776683],[-99.17929739458634,19.33580626867598],[-99.17931663021152,19.335804280948143],[-99.17934026219173,19.33580411650502],[-99.17936043026819,19.335804999751275],[-99.17938619305224,19.335807797827705],[-99.17940810206365,19.335810812053715],[-99.17943585371776,19.335816923574686],[-99.17946079813653,19.335823432640858],[-99.17947984421723,19.335830302803544],[-99.17963261530771,19.335884689391857],[-99.17988433762338,19.33597973915496],[-99.1801211245491,19.33607088037746],[-99.18039557603804,19.336173549497065],[-99.18107639392049,19.336426705571256],[-99.18107931883512,19.336424612743425],[-99.18173916375066,19.3366547532897],[-99.18230245504446,19.33685876671698],[-99.18241585028112,19.33689995267439],[-99.1828467873943,19.33705649549676],[-99.1829331828667,19.337087704699982],[-99.18335113483244,19.33723868514401],[-99.18345969713286,19.337277838370895],[-99.18350349898611,19.337293628160822],[-99.18369120735458,19.337364560137182],[-99.1838900476461,19.33744210958173],[-99.1839388001149,19.33740630964541],[-99.18398145571786,19.337377021248436],[-99.18399145396695,19.337371051341318],[-99.18400183220346,19.33736527130468],[-99.18401802343813,19.337357313688173],[-99.18403878080939,19.33734827279105],[-99.18408772641595,19.337329278090174],[-99.18413552936546,19.33731337132974],[-99.18425017326035,19.337277195014085],[-99.18432749574843,19.33725585912997],[-99.18442920210663,19.337230510526105],[-99.18453775811878,19.337208827951915],[-99.18459222207613,19.337199422562374],[-99.18466802371643,19.33718640284408],[-99.1847986701998,19.337168311706474],[-99.18503826436081,19.337141983219382],[-99.18552026890124,19.337090146746252],[-99.18564844232257,19.337076109005505]]]}},{"type":"Feature","properties":{"name":"Cuadrante De San Francisco","id":"003-024","alc":"Coyoacán","clasif":"Colonia","fuente":"SGIRPC CDMX"},"geometry":{"type":"Polygon","coordinates":[[[-99.16889838277135,19.341321264831887],[-99.16880794038859,19.341318351574063],[-99.1686917819341,19.340891845656937],[-99.1679300105732,19.340850450497104],[-99.16780883412956,19.34083660803205],[-99.16723829792296,19.340751710491933],[-99.1665863051813,19.340827301175263],[-99.16643376316121,19.340801782754472],[-99.16637336044154,19.340804789259725],[-99.16633331713945,19.340823797118162],[-99.1663056229775,19.340835924851092],[-99.16627963202143,19.340844422231303],[-99.16622807680893,19.340859791257305],[-99.16617397217767,19.340871114597423],[-99.16608748328045,19.340885670754613],[-99.16601164930081,19.340896588083528],[-99.16589144393599,19.3409103669722],[-99.16582333546782,19.340918837224745],[-99.16577093404234,19.34092310837468],[-99.16575422807294,19.34092318889845],[-99.16573081438338,19.340921725908856],[-99.16569114298383,19.340915197550647],[-99.16562653525027,19.34090175092884],[-99.1654564590142,19.340860871123834],[-99.16524517975093,19.34080733974566],[-99.16512380388131,19.340775498929546],[-99.16510592740714,19.34084075882216],[-99.16508516823927,19.34083375070835],[-99.16507465525551,19.340831918156134],[-99.16490036502236,19.340801638659265],[-99.16485973242547,19.340794585620014],[-99.16464003325304,19.340755700236592],[-99.16463444842692,19.340754706826573],[-99.16447551309696,19.340726576031074],[-99.16452034352123,19.340553552205975],[-99.164539714792,19.34047882851204],[-99.16455477594607,19.34042067577819],[-99.16441843594045,19.340386531051774],[-99.16413629936419,19.340315786017722],[-99.16368291784364,19.340204547499116],[-99.16366734195498,19.34034339305389],[-99.16360012820877,19.340324672483316],[-99.1635860291504,19.340324753854983],[-99.16358584858904,19.340293934328972],[-99.16355921982905,19.340291161757996],[-99.16356022863712,19.340266003492733],[-99.1635554433116,19.3402660492644],[-99.16354253362265,19.34026221970835],[-99.16348131433436,19.340213005073895],[-99.16340375918264,19.340196009399815],[-99.16323720434244,19.34016007529527],[-99.1630674335335,19.340123148616858],[-99.16281609390016,19.340066208704854],[-99.16277964745247,19.34005794607566],[-99.16265605274407,19.340556004371866],[-99.16263218360868,19.340549601447],[-99.16225748013402,19.34044921433212],[-99.1622549495798,19.34043207543451],[-99.162198934232,19.340051629588753],[-99.16219677558038,19.34003752429262],[-99.16219051611944,19.339996762938483],[-99.16219006965675,19.339993809818626],[-99.1621862643932,19.33996905836688],[-99.16217136852914,19.339871903733076],[-99.16212474147434,19.33956796921755],[-99.16209376127517,19.339354896351473],[-99.16208268055611,19.339278619256046],[-99.16189804891748,19.339307510622533],[-99.16170612026373,19.339343534762996],[-99.16169903255614,19.339344871470374],[-99.16155136299813,19.33931611573089],[-99.161535808669,19.339313081226557],[-99.16147859407026,19.339301945103976],[-99.16143972127297,19.339294368166442],[-99.16120902941647,19.33918908014496],[-99.16107526128746,19.339126281103347],[-99.16107491902933,19.339126244655336],[-99.16096181305026,19.33907584469438],[-99.16088683786003,19.339043054196818],[-99.16082576859036,19.339077908668934],[-99.16082915523896,19.339093738123353],[-99.16088482922703,19.339354482709624],[-99.16097652655628,19.339736898364787],[-99.16097674574519,19.33973784685684],[-99.1609911753836,19.33980241211229],[-99.1609929738108,19.33981048488648],[-99.1610138623361,19.339903991384038],[-99.16103103183617,19.339980892038064],[-99.1610417613139,19.34002888701272],[-99.1610516544601,19.340073206680103],[-99.1610847088693,19.340221173609102],[-99.16113676803663,19.34050289500892],[-99.16114389257523,19.34054140834716],[-99.16115316678216,19.34059162392206],[-99.16116677805537,19.34066525583003],[-99.16116701610889,19.340665238029914],[-99.16114444863234,19.340693175578764],[-99.16120782028409,19.341518405895037],[-99.16118295940855,19.341566372446263],[-99.16115336980143,19.341627315967777],[-99.16114369314921,19.341650080359095],[-99.16113967767984,19.34166302004559],[-99.16113711837961,19.34167318803123],[-99.16113480611605,19.341687744116935],[-99.16113432012749,19.341703691136576],[-99.16113535678336,19.341716812208347],[-99.1611355939386,19.341734140836646],[-99.16113492828696,19.34174072340939],[-99.16113401470035,19.34174575315252],[-99.16113243456374,19.341751875470305],[-99.16112962822682,19.341757365467558],[-99.16112293937118,19.341765338974245],[-99.16111588040968,19.341772273305576],[-99.16109883128391,19.3417859088735],[-99.16107132666654,19.34180785953344],[-99.16099999055153,19.341860313266373],[-99.16096564436496,19.341888910053996],[-99.16095688219764,19.341898987330918],[-99.16094567481616,19.341911294678077],[-99.1609391287927,19.34192138127742],[-99.16093254503998,19.341934266695127],[-99.16092792051286,19.341946051062255],[-99.16092451410134,19.34196049862914],[-99.1609232959858,19.341970892061262],[-99.16090903523067,19.342241576232666],[-99.16089698073789,19.3425128202255],[-99.16094470283902,19.342505426520855],[-99.1609953444649,19.342500569713657],[-99.16104866037527,19.34249502718939],[-99.16112413323224,19.342487868271956],[-99.1612086161914,19.34248255205941],[-99.16121469419262,19.342507050542253],[-99.16121956485806,19.342527386407635],[-99.16122638486775,19.34255372758801],[-99.16123567883763,19.34259002818056],[-99.1612426228148,19.342616450721373],[-99.16124699850852,19.342644525248964],[-99.16124821572573,19.34266179105562],[-99.16124682603201,19.342672048825712],[-99.16124463773599,19.342681069932926],[-99.1612404991975,19.34269239314661],[-99.16123611272393,19.34270013181988],[-99.16122394414509,19.342718968240565],[-99.16119813195371,19.342757561578775],[-99.16117720030928,19.34279037591078],[-99.1611616163357,19.34281717730031],[-99.1611431101426,19.34285923818159],[-99.16112168352645,19.342911928059497],[-99.16111741113889,19.34293020418674],[-99.16111640233089,19.342938828599156],[-99.16111462186998,19.342966008844922],[-99.16111364090969,19.342994425745996],[-99.16111218384229,19.343058909190635],[-99.16111420684832,19.343152587586754],[-99.16111409994878,19.343207535394132],[-99.161112148808,19.343245894677487],[-99.16110971257694,19.343262762893104],[-99.16110654421895,19.343279287826476],[-99.16110410798791,19.343288299576436],[-99.16110131063408,19.343297654606488],[-99.16109461189701,19.343315687427555],[-99.1610819672111,19.34334870083488],[-99.16099417485839,19.34359345703916],[-99.16099229109123,19.343597303469117],[-99.1609906732254,19.343600392140512],[-99.16098921795464,19.343602179738653],[-99.16098708625245,19.34360426569367],[-99.16098501204247,19.343605791381872],[-99.16098197753347,19.34360773324404],[-99.16097825760981,19.343609638659146],[-99.16097503175966,19.3436107939443],[-99.16097177806168,19.343611426257286],[-99.16096624174463,19.343611741566168],[-99.16094862129032,19.34361217469217],[-99.16091824386064,19.34361243575435],[-99.16091255482995,19.343613040943996],[-99.16090896785704,19.34361379022645],[-99.16090524793347,19.343614918388123],[-99.16090237422287,19.343615975350996],[-99.16090077611999,19.343616860250176],[-99.16089853123003,19.343618476631956],[-99.16089673280284,19.343620146412974],[-99.16089551468731,19.343621997581252],[-99.1608945732529,19.34362459887951],[-99.16089350695266,19.34362881571195],[-99.16087816821918,19.34370600364418],[-99.16085186734429,19.34383032846948],[-99.16083216908677,19.343963412326996],[-99.16081680070884,19.34406604766447],[-99.16078994647177,19.344227665832864],[-99.16158516211074,19.344325484936025],[-99.16198779869916,19.34437507975072],[-99.16357594017141,19.344570794853233],[-99.16407897786594,19.344631005774815],[-99.16434864941925,19.344663120460933],[-99.16459839903455,19.344692696581927],[-99.16509373098057,19.34475257943783],[-99.1658783725503,19.34485484981178],[-99.16645594346389,19.344926487094142],[-99.16780784598278,19.3450842113979],[-99.16786818043047,19.344623390095084],[-99.16797842078381,19.343820330138975],[-99.16809054400599,19.342984129853953],[-99.16813094663428,19.34268349240063],[-99.16814475014688,19.34260425361659],[-99.16815634739723,19.34254565749227],[-99.16817276770232,19.34247844708195],[-99.16818763661686,19.342432772738103],[-99.16823614654054,19.342311011720277],[-99.16828014692145,19.342219067054963],[-99.16832919942757,19.342131972375306],[-99.16838397869361,19.342046303333767],[-99.168469496512,19.341921742360704],[-99.16854202828469,19.341840859683845],[-99.16862977302668,19.34175659922433],[-99.16868962328248,19.34170460401736],[-99.1687535258385,19.34165501008654],[-99.16881691545659,19.341607962375974],[-99.1688654253802,19.34157481299818],[-99.16889838277135,19.341321264831887]]]}},{"type":"Feature","properties":{"name":"Culhuacan C.t.m. Secciën X","id":"003-025","alc":"Coyoacán","clasif":"Colonia","fuente":"SGIRPC CDMX"},"geometry":{"type":"Polygon","coordinates":[[[-99.1125483742931,19.30603851763946],[-99.11249543522592,19.306032283769422],[-99.11197330294176,19.305970714858557],[-99.11139038256061,19.305906452463166],[-99.11100933069181,19.305864265071616],[-99.1110088644662,19.30586421081238],[-99.11068029576953,19.3058287930979],[-99.11061360663948,19.30582160120511],[-99.11033978127628,19.305792071458054],[-99.11003792218797,19.305756715617456],[-99.11002764995268,19.305755520218014],[-99.10994469233282,19.305745244869673],[-99.10991470387373,19.30574153319675],[-99.10986863107941,19.305735839364715],[-99.10979331273275,19.305724121905325],[-99.10974210427001,19.3057156990006],[-99.10947084898679,19.30566606616768],[-99.10902532143677,19.305563551679302],[-99.1088146638077,19.305516871695257],[-99.10868603673715,19.305494950919403],[-99.10856100113102,19.305481049503797],[-99.10852066318154,19.305478905411505],[-99.10847181099972,19.305478465401983],[-99.10841735692387,19.30548036278386],[-99.1083765401723,19.3054857497203],[-99.10831034511567,19.305494478693543],[-99.10831803469446,19.305564084946774],[-99.10832783980581,19.305622439994615],[-99.10835355228419,19.305775336717176],[-99.10835401761146,19.305778136155695],[-99.10841345374398,19.306131646695047],[-99.10841411849724,19.306135628807116],[-99.10842525221686,19.30620182324565],[-99.10842586935946,19.306205534060474],[-99.10843740103276,19.306274094675743],[-99.1085008723975,19.30665164425796],[-99.10851004419656,19.306706099056044],[-99.10852134230791,19.306704397529376],[-99.10853404268934,19.30677622449235],[-99.10852213372364,19.30677795399563],[-99.10855036238311,19.306945606355335],[-99.10857830448008,19.306954166539402],[-99.10863201744584,19.30695506944081],[-99.10869017168238,19.30695593673488],[-99.10866864086162,19.307161535314822],[-99.10863370807517,19.30749879747541],[-99.10859956580622,19.307835734236846],[-99.10850256123025,19.3087580349726],[-99.10842998993168,19.309041970782047],[-99.10843169134081,19.309284446986492],[-99.10843400001114,19.309696363733273],[-99.10846045449789,19.310333813781607],[-99.1086410724639,19.31037344990692],[-99.1089086311797,19.310433954896077],[-99.1090601060012,19.310468470426656],[-99.10959970333116,19.31059162094655],[-99.1101500597832,19.310716895050707],[-99.11085638083664,19.310879238847733],[-99.11141639238136,19.311007501133954],[-99.11145930400417,19.310827562749235],[-99.11146835363233,19.310787427394672],[-99.11146909743738,19.310784158374567],[-99.11147817581163,19.310743905168593],[-99.11148653912697,19.31070687519445],[-99.11155685206087,19.310395277621208],[-99.11157226535451,19.310327015455627],[-99.11165197915786,19.309973756449935],[-99.11165858087688,19.30994453689212],[-99.1116996949708,19.30976232274327],[-99.11172350212247,19.30965295736283],[-99.1117618440154,19.309483754642574],[-99.11176204344143,19.309482842429507],[-99.11190290376955,19.308861155320308],[-99.1119190213424,19.308790057520465],[-99.11197286097061,19.308552384141283],[-99.11199771376128,19.308443118838316],[-99.11200271558076,19.308420726237266],[-99.11202421496048,19.308324625293803],[-99.1120436949274,19.30824108512295],[-99.11204450430947,19.308237581214698],[-99.1120654422421,19.3081444245334],[-99.11207515842025,19.308101146614923],[-99.11208620859652,19.30805199944119],[-99.1121131481736,19.307932069457525],[-99.11215969168512,19.307723570706173],[-99.11225899504988,19.30729360626007],[-99.11229021150598,19.30718175095441],[-99.11231191121001,19.30708465736389],[-99.11235310884724,19.306905133473297],[-99.1123914201975,19.306738133874926],[-99.1124399804268,19.306526519643118],[-99.11248241863744,19.306335428632433],[-99.1125483742931,19.30603851763946]]]}},{"type":"Feature","properties":{"name":"Culhuacan Ctm Canal Nacional","id":"003-026","alc":"Coyoacán","clasif":"Colonia","fuente":"SGIRPC CDMX"},"geometry":{"type":"Polygon","coordinates":[[[-99.10950985563306,19.328126334425082],[-99.10935638655161,19.328007225319197],[-99.10931315333194,19.3279705493505],[-99.1092681333631,19.327928952556505],[-99.1092154202223,19.327881139668804],[-99.10917638303327,19.32784196384456],[-99.10914332952237,19.327803332225763],[-99.10906838667154,19.327722552754697],[-99.10900911493074,19.327657435964703],[-99.10893837350041,19.327584965457305],[-99.10886485717425,19.32750662467729],[-99.10880872324871,19.327447992618218],[-99.10870329247543,19.327336149408573],[-99.10865428129183,19.327285627979983],[-99.10859984967382,19.327227267949997],[-99.10859229933384,19.327218894471564],[-99.10859066440007,19.32721632936252],[-99.10858930524901,19.327213493840542],[-99.10858466724721,19.327199432363113],[-99.10856690665572,19.327145381958562],[-99.10856191651433,19.327135519084425],[-99.10855593553117,19.327126876035816],[-99.10854795759309,19.327117419204264],[-99.10852814974109,19.327097700233605],[-99.10849111040528,19.327059870353946],[-99.10844408719346,19.327007191466915],[-99.10827532070104,19.326815836182437],[-99.1079368067559,19.326464458242263],[-99.10754186244122,19.32603937580404],[-99.10715129022704,19.325628724317852],[-99.10705324001208,19.32552732096494],[-99.10767217924284,19.325004149463485],[-99.108153285468,19.324584822522613],[-99.10863875121719,19.324177858289904],[-99.10877682676792,19.324046623260337],[-99.10884281341549,19.323975640571586],[-99.10889794482107,19.323905494538764],[-99.10892717240716,19.323865464967714],[-99.10895590681815,19.323821723276787],[-99.10897953430675,19.323773464988356],[-99.10899948948247,19.323728077024256],[-99.10901249618945,19.323691365338874],[-99.10902479232908,19.32364732012181],[-99.109035713148,19.323592565791795],[-99.10904158723163,19.32355358475986],[-99.10908106998502,19.323211953560605],[-99.10908314150004,19.323193307320064],[-99.10912538118303,19.322666155112945],[-99.10915210965597,19.322401970984117],[-99.10918335755316,19.322051425333886],[-99.10919837199481,19.32187729410206],[-99.10922757712302,19.321465451281995],[-99.10879351746593,19.321549727297043],[-99.10879344110911,19.32154974509909],[-99.1081682684686,19.32164860522164],[-99.10780657709084,19.32171145506494],[-99.10651342618819,19.321947133284382],[-99.1064999837983,19.32194962981096],[-99.10597099557188,19.322056442120008],[-99.10542337179488,19.32216551352197],[-99.1051022402505,19.322228155476058],[-99.10469719168552,19.322307229517612],[-99.10315035474997,19.32259937055031],[-99.10100708766984,19.32298748984739],[-99.10100820068246,19.322988419787126],[-99.10109682218017,19.32305544578849],[-99.10135948956925,19.3232364846041],[-99.10170971485076,19.323460528359213],[-99.10218652173894,19.323744557310544],[-99.10307844011996,19.324218036980415],[-99.10322128302988,19.3242938582632],[-99.10388705772462,19.324622502931902],[-99.10390430178481,19.324631014718943],[-99.10415682360109,19.324790500655364],[-99.1042216900494,19.324842635184687],[-99.10433359228605,19.324934725266246],[-99.10477839040406,19.325338250192452],[-99.10492454809736,19.325480658549147],[-99.1051469143679,19.32569730137042],[-99.10564147286442,19.326142595450158],[-99.10573223235247,19.326252656775008],[-99.10581666410773,19.3263647211269],[-99.10594334363078,19.3265808795908],[-99.10604887771039,19.326712951800168],[-99.10620505611071,19.32687903922075],[-99.10658491771177,19.32726121791619],[-99.10682606685654,19.32750476484938],[-99.10687615332351,19.327555349786813],[-99.10756864571138,19.32827164112685],[-99.10759884976618,19.32824457880604],[-99.10763892989925,19.328212092995358],[-99.10766658184029,19.328191413730142],[-99.10768491735357,19.328180782069108],[-99.10772686598239,19.328163051895274],[-99.10774411543247,19.32815625770165],[-99.1077592619265,19.328151007141845],[-99.10778342840425,19.32814309569905],[-99.10780258857098,19.328138749618684],[-99.10784015881107,19.328130083735562],[-99.10787104917874,19.32812438644501],[-99.1079140209887,19.328119316441054],[-99.10796465991956,19.32811561205759],[-99.10803133737151,19.32811157029524],[-99.10817940847643,19.328107644665828],[-99.10849639699077,19.328113498778784],[-99.10888567742752,19.328111843249896],[-99.10950985563306,19.328126334425082]]]}},{"type":"Feature","properties":{"name":"Culhuacan Ctm Croc","id":"003-027","alc":"Coyoacán","clasif":"Colonia","fuente":"SGIRPC CDMX"},"geometry":{"type":"Polygon","coordinates":[[[-99.12308350917057,19.322344775665446],[-99.12299577610668,19.322337837965996],[-99.12183913139796,19.322251293023232],[-99.12118731382783,19.322194575763454],[-99.11985034490222,19.322092928680057],[-99.11917867636095,19.32203743716356],[-99.11916651856191,19.32220274689528],[-99.1191487588687,19.32239848687674],[-99.11911998672848,19.322713799984164],[-99.11910356642342,19.322916132009837],[-99.11899723104659,19.32404162857566],[-99.11895346512591,19.324655805794308],[-99.11895405711574,19.324712695131115],[-99.11895453951102,19.3247559127034],[-99.11895713294724,19.32479905058027],[-99.11896224795446,19.324842089264614],[-99.11896937069639,19.324884848196067],[-99.11897901321262,19.324927084084525],[-99.11899104434922,19.324968769803778],[-99.11900324706403,19.325010410584262],[-99.11901544888056,19.32505205135415],[-99.11904923451841,19.325132761786413],[-99.11933261526126,19.325643593786573],[-99.11989128292639,19.32658265635527],[-99.1200309988008,19.32681504443831],[-99.12008948361739,19.326917532036727],[-99.1202251013775,19.32714520563912],[-99.12026073934149,19.327204957604973],[-99.12051592466256,19.327637453428427],[-99.1205724143209,19.327733764263435],[-99.12060413293521,19.32779216056303],[-99.12062212169879,19.327826524082994],[-99.12064724847565,19.327881370239503],[-99.1206655965653,19.32792621792144],[-99.12068376858521,19.32798605606572],[-99.1206923205467,19.32801923448049],[-99.12070104408642,19.32805410147763],[-99.12070887919229,19.32810013841443],[-99.12071580430487,19.328167667538885],[-99.12071971736621,19.328225044766622],[-99.12072041895043,19.328268199528882],[-99.12071885228862,19.328324294175502],[-99.12068034959721,19.328746484311797],[-99.12066249468262,19.32897928383232],[-99.1212114111353,19.329026657300258],[-99.12186304814408,19.32907623133172],[-99.12250862242304,19.329137531302134],[-99.1225123989405,19.32910339862702],[-99.12256994322092,19.328536813487183],[-99.12260148576547,19.328086917069353],[-99.12264128831914,19.32762435326516],[-99.12268103427887,19.327158429603426],[-99.12271961781863,19.32676956915922],[-99.1227432309342,19.326479366628774],[-99.12223358882571,19.326441018665065],[-99.12143077972769,19.32637266232514],[-99.12088795834423,19.32633358955784],[-99.1209391757901,19.325821507666774],[-99.12100522262477,19.325002326906063],[-99.12114868177902,19.325013912437623],[-99.12135986043093,19.325030652838386],[-99.12150416669648,19.325042102735814],[-99.12154010469776,19.325044946772547],[-99.1216452668748,19.325053288997463],[-99.12179617396106,19.32506554420907],[-99.1218298580893,19.32506828906444],[-99.12187853330293,19.325072237654783],[-99.12209747519559,19.32509002665546],[-99.12211844995915,19.32509173816319],[-99.12219438904168,19.325097906033477],[-99.12227100365733,19.325104173932218],[-99.1224145292869,19.32511592984435],[-99.12245034421893,19.32511885525916],[-99.12269908861947,19.32513921448252],[-99.12276929106059,19.325144126058948],[-99.12277853741982,19.325144994951895],[-99.12284816943074,19.325150538064946],[-99.12285634769306,19.32505506577852],[-99.12286722090127,19.324910190239084],[-99.12288893497833,19.324640142785615],[-99.12291011365943,19.324376884998596],[-99.12292447502588,19.324208568112525],[-99.12295572561806,19.323849008429523],[-99.12297539602777,19.323604641398845],[-99.12299457685572,19.323377522350906],[-99.12301467037203,19.32315250700557],[-99.12303349816206,19.32296520096402],[-99.12306362496173,19.322607338210588],[-99.12308350917057,19.322344775665446]]]}},{"type":"Feature","properties":{"name":"Culhuacan Ctm Seccion  I","id":"003-028","alc":"Coyoacán","clasif":"Colonia","fuente":"SGIRPC CDMX"},"geometry":{"type":"Polygon","coordinates":[[[-99.12026851156529,19.331276275113858],[-99.11976517383353,19.331200492674018],[-99.11972291708254,19.331196083947322],[-99.11969778491584,19.33119336801574],[-99.11964822216666,19.33119031216884],[-99.11961791300898,19.33118996123384],[-99.11955437427062,19.3311916972601],[-99.11938166956398,19.33120344510516],[-99.11917821462684,19.33122874887042],[-99.11912696573994,19.33123466814201],[-99.11904648208036,19.3312412663961],[-99.11896010187927,19.33124385348131],[-99.1188444878039,19.33124711022473],[-99.11866601411649,19.331239134509048],[-99.11863004197929,19.33170540085549],[-99.11852802121076,19.33284638380799],[-99.11864676771155,19.332871265183858],[-99.11874696579834,19.332886859590417],[-99.11883146941881,19.332896363557076],[-99.11887568539542,19.332899418524438],[-99.11897027440156,19.332904310371273],[-99.11916844634649,19.332899828791973],[-99.11925901359508,19.33289308904564],[-99.11932391507774,19.332885655912868],[-99.11936483333896,19.33287881275141],[-99.11942090797561,19.3328680813716],[-99.11951434354494,19.332845765863595],[-99.11956819305462,19.332829191557426],[-99.11963630601441,19.332803148032273],[-99.11977195162237,19.332749328350566],[-99.1198788062254,19.332707410662263],[-99.11991839497993,19.3326925308171],[-99.11996207466234,19.332676973688994],[-99.12000094925624,19.33266564215166],[-99.12002464771176,19.33266069943792],[-99.12004389411675,19.332657968272777],[-99.1200408416414,19.332619707373432],[-99.12003921299576,19.33259397151622],[-99.12004136446089,19.332554709513026],[-99.12005172203614,19.332494463621703],[-99.12007887271727,19.332359887004536],[-99.12012172325463,19.332082530589044],[-99.12026851156529,19.331276275113858]]]}},{"type":"Feature","properties":{"name":"Culhuacan Ctm Seccion  Ii","id":"003-029","alc":"Coyoacán","clasif":"Colonia","fuente":"SGIRPC CDMX"},"geometry":{"type":"Polygon","coordinates":[[[-99.12066249468262,19.32897928383232],[-99.12065660622596,19.328978713343286],[-99.1196530910355,19.328903318075323],[-99.1188269338249,19.32884162638824],[-99.11849061985392,19.32881030286749],[-99.11824598973739,19.328791545371896],[-99.11822939336255,19.328969560088556],[-99.11820965288415,19.329198249741545],[-99.11819729745575,19.32932172352467],[-99.11819501663324,19.329346510497565],[-99.11818961506344,19.329404987597727],[-99.1181874294624,19.329428735304482],[-99.11818173504179,19.32947954597616],[-99.11818143859772,19.32948531611976],[-99.11817866370184,19.32954034481768],[-99.11817534083355,19.32958160213039],[-99.11817183650568,19.329624963367465],[-99.1181713397373,19.329631212443584],[-99.1181657504196,19.329680668464466],[-99.11816268896109,19.329707829725503],[-99.11816200174992,19.32971487307163],[-99.11816130555556,19.329721907092896],[-99.11815955653573,19.329750144048564],[-99.1181554332686,19.329794074031767],[-99.11815518533355,19.329796818807594],[-99.1181516154286,19.329837489463713],[-99.11814921962173,19.329864615096252],[-99.11814773111334,19.329881636428322],[-99.11814452322946,19.329918017824387],[-99.11814222354229,19.329943563376457],[-99.11813462559165,19.330028199518463],[-99.118128486505,19.330104863236354],[-99.11811753693998,19.33023298752164],[-99.1181127372414,19.330284051397467],[-99.11811175358618,19.330294607478663],[-99.11809643731057,19.33045757775504],[-99.11809395436717,19.330488043962788],[-99.11808297515776,19.330622381383552],[-99.118080970118,19.33064699692932],[-99.1180768648172,19.330697193507735],[-99.11805945456865,19.33089188576293],[-99.11805458659816,19.330946245175202],[-99.11804623945251,19.33102460549729],[-99.11803699578823,19.33111127379062],[-99.11802960085684,19.33118746739142],[-99.1181885613396,19.33119974587754],[-99.11837647991388,19.331215029349295],[-99.11853799879862,19.331228951463316],[-99.11866601411649,19.331239134509048],[-99.1188444878039,19.33124711022473],[-99.11896010187927,19.33124385348131],[-99.11904648208036,19.3312412663961],[-99.11912696573994,19.33123466814201],[-99.11917821462684,19.33122874887042],[-99.11938166956398,19.33120344510516],[-99.11955437427062,19.3311916972601],[-99.11961791300898,19.33118996123384],[-99.11964822216666,19.33119031216884],[-99.11969778491584,19.33119336801574],[-99.11972291708254,19.331196083947322],[-99.11976517383353,19.331200492674018],[-99.12026851156529,19.331276275113858],[-99.12030457712737,19.33106912596346],[-99.12036664173031,19.330728447157536],[-99.12043528110286,19.330348624629472],[-99.12046201496574,19.330170540211263],[-99.12062207588473,19.329277562845824],[-99.1206356449371,19.32919632296625],[-99.12064957870548,19.32910459978937],[-99.12066249468262,19.32897928383232]]]}},{"type":"Feature","properties":{"name":"Culhuacan Ctm Seccion Iii","id":"003-030","alc":"Coyoacán","clasif":"Colonia","fuente":"SGIRPC CDMX"},"geometry":{"type":"Polygon","coordinates":[[[-99.12066249468262,19.32897928383232],[-99.12068034959721,19.328746484311797],[-99.12071885228862,19.328324294175502],[-99.12072041895043,19.328268199528882],[-99.12071971736621,19.328225044766622],[-99.12071580430487,19.328167667538885],[-99.12070887919229,19.32810013841443],[-99.12070104408642,19.32805410147763],[-99.1206923205467,19.32801923448049],[-99.12068376858521,19.32798605606572],[-99.1206655965653,19.32792621792144],[-99.12064724847565,19.327881370239503],[-99.12062212169879,19.327826524082994],[-99.12060413293521,19.32779216056303],[-99.1205724143209,19.327733764263435],[-99.12051592466256,19.327637453428427],[-99.12026073934149,19.327204957604973],[-99.1202251013775,19.32714520563912],[-99.12008948361739,19.326917532036727],[-99.1200309988008,19.32681504443831],[-99.11989128292639,19.32658265635527],[-99.11958728584769,19.32672686921178],[-99.11953691820803,19.32675126409692],[-99.119484543732,19.326771785026057],[-99.11943062954359,19.326788865171153],[-99.11937565983479,19.326802937704052],[-99.11932011071255,19.32681444512022],[-99.1192642777227,19.326822900845446],[-99.11920807372861,19.326828936410532],[-99.11915165144394,19.326833364751813],[-99.11909512585297,19.326833791988513],[-99.11903869638179,19.32683025541875],[-99.11898225702913,19.326826710372043],[-99.11892582755792,19.32682315600061],[-99.11885717471063,19.326818541166805],[-99.11851099094962,19.326788597300588],[-99.11824798399735,19.326769040199302],[-99.11797711229474,19.326745904987394],[-99.11769666904284,19.32672404978744],[-99.11735962653816,19.326698033262637],[-99.11672109325443,19.326647053035092],[-99.11663484420738,19.327622233198515],[-99.11655957257308,19.328668713731172],[-99.11661615385951,19.328673651479633],[-99.11736298533901,19.328723105247438],[-99.11773317477935,19.32875068287944],[-99.11824598973739,19.328791545371896],[-99.11849061985392,19.32881030286749],[-99.1188269338249,19.32884162638824],[-99.1196530910355,19.328903318075323],[-99.12065660622596,19.328978713343286],[-99.12066249468262,19.32897928383232]]]}},{"type":"Feature","properties":{"name":"Culhuacan Ctm Seccion Ix-A","id":"003-031","alc":"Coyoacán","clasif":"Colonia","fuente":"SGIRPC CDMX"},"geometry":{"type":"Polygon","coordinates":[[[-99.10693121915207,19.315255697072637],[-99.10717592113382,19.314127372072637],[-99.10744144875873,19.31289788835938],[-99.10747511941224,19.312746185166816],[-99.10762193826564,19.312084545830146],[-99.10782150170097,19.311178262179595],[-99.10802542466037,19.310231687958115],[-99.10762419483363,19.31014664904185],[-99.10753354494001,19.31012558853375],[-99.10740175130805,19.31008837784281],[-99.10731253063399,19.31005873950275],[-99.10719343828183,19.310014696546396],[-99.1071397325026,19.30999411755989],[-99.10700418301442,19.30992951763382],[-99.10691453923394,19.309886306314425],[-99.1068205700653,19.309837784490973],[-99.10654581135249,19.309702811104366],[-99.1062443672859,19.309553074343373],[-99.1058681142173,19.3093759235617],[-99.10493733920872,19.308896736848308],[-99.10489033486147,19.309116639336715],[-99.10482828552986,19.30940201405746],[-99.10470241449053,19.309957672383664],[-99.10456579600721,19.31058337378222],[-99.10452869289102,19.310753613889084],[-99.10452023435434,19.31078424060871],[-99.10450549120388,19.310833178408664],[-99.10448988387411,19.310879226978795],[-99.10447947599326,19.310908011461443],[-99.10445910310091,19.310955086664954],[-99.10443569390293,19.311005042590093],[-99.10441055365139,19.311056026849233],[-99.1043776115316,19.311111938350585],[-99.10434727003457,19.311157574824563],[-99.10432885457125,19.311182862195118],[-99.1042545324562,19.311272071612848],[-99.10420925287428,19.311327988126866],[-99.10413558652944,19.311417198313002],[-99.1040731769734,19.311495105964813],[-99.10393819611879,19.311659343755966],[-99.10378739233877,19.31183385210972],[-99.10369270451793,19.31194876298339],[-99.10365781574896,19.311995012160477],[-99.10363939938726,19.312021120889316],[-99.10362293326813,19.31204887343684],[-99.10360277507317,19.312079704226036],[-99.1035886876929,19.312104369192355],[-99.1035694026604,19.312139732986058],[-99.10355596116875,19.3121660426127],[-99.10354599256408,19.312191124667624],[-99.10351780882033,19.312263490943995],[-99.10350653406523,19.312297828057353],[-99.10349786442437,19.312331958308352],[-99.10348592401763,19.31238911474257],[-99.10347985410125,19.312417891329442],[-99.10347463578778,19.31245654777949],[-99.10347115840932,19.31249520422044],[-99.10345592298208,19.312686419436645],[-99.10344199101034,19.312873933091367],[-99.10343763597785,19.312945069808073],[-99.10343327555546,19.313004287788484],[-99.10341325659934,19.31326581835255],[-99.10338887542426,19.31358986320786],[-99.10338495427801,19.313645992564776],[-99.10337582739474,19.31373275909074],[-99.10336973052891,19.313805539238928],[-99.10335535838267,19.31400087302774],[-99.10335274069192,19.31405473618651],[-99.10335250623163,19.314096482326583],[-99.10335311169615,19.314128421596575],[-99.10335421931892,19.314166592724916],[-99.10335701936764,19.31420668655771],[-99.10337143822626,19.31431115140218],[-99.10338056151629,19.31435597059383],[-99.10338531809573,19.314379206747258],[-99.10339246060056,19.31440881887153],[-99.10339959412222,19.314434115064575],[-99.1034093327582,19.31446434180187],[-99.10342577102958,19.314510608070165],[-99.10344178349955,19.314550500052743],[-99.10349825429324,19.314680471075746],[-99.1036038539498,19.31491510906728],[-99.10367581080075,19.315072022230726],[-99.10373581377011,19.315048392818444],[-99.10378930934361,19.315026206278088],[-99.1038397802895,19.31500340511386],[-99.10403690479882,19.314919989584087],[-99.10410837925443,19.314893700746616],[-99.10421862948925,19.314858981841574],[-99.10426324701277,19.31484625620893],[-99.10431220070419,19.314835165892468],[-99.10437089392987,19.314825731238898],[-99.10443088971276,19.314819990249077],[-99.10446814015266,19.314817944618554],[-99.10449543097097,19.314818369343335],[-99.10451665187294,19.314819613846282],[-99.1045578001029,19.314824151873328],[-99.10460544405056,19.314830741464835],[-99.10484799995707,19.31486824439921],[-99.10520358009599,19.31493269486487],[-99.10547914639427,19.314987275763652],[-99.10573955272376,19.315038987848496],[-99.10602157790886,19.31509453514958],[-99.10628582633285,19.315148379297526],[-99.10652071332179,19.31519532272618],[-99.10676380821744,19.31524474327207],[-99.10679184912905,19.315248662428544],[-99.10684339356172,19.315254639078475],[-99.10687566733495,19.315256293042072],[-99.10693121915207,19.315255697072637]]]}},{"type":"Feature","properties":{"name":"Culhuacan Ctm Seccion Ix-B","id":"003-032","alc":"Coyoacán","clasif":"Colonia","fuente":"SGIRPC CDMX"},"geometry":{"type":"Polygon","coordinates":[[[-99.10493733920872,19.308896736848308],[-99.10441480268268,19.30865538423315],[-99.10342416843514,19.308150361597015],[-99.10317539618687,19.308028558919034],[-99.10293527740971,19.307914270959433],[-99.10277009968685,19.30783254569784],[-99.1027026649551,19.30779761165018],[-99.10257363454096,19.30773329062727],[-99.10244835010157,19.30767127302741],[-99.10219710748628,19.307547156369125],[-99.10202748579769,19.307471243386775],[-99.10193660863028,19.30742677414189],[-99.1018489546181,19.307385827462976],[-99.10136945008912,19.307142322612812],[-99.10083562443491,19.306875409776765],[-99.1000095552592,19.306463816565408],[-99.10000931720566,19.306465956405756],[-99.0996712209771,19.31052738664804],[-99.09943323120719,19.31385195235605],[-99.09943285840637,19.313856530254622],[-99.09995518293002,19.313892490491597],[-99.09993891803344,19.314218009202115],[-99.09993349759904,19.31430821816416],[-99.09992787773864,19.31434992524271],[-99.09992136674941,19.314385664106755],[-99.09990026262847,19.314471189125555],[-99.09989600012244,19.314497356801816],[-99.09989284973074,19.314524166224842],[-99.09988856925841,19.31457267394125],[-99.09988922682518,19.314615440646243],[-99.09989345789019,19.314689696342384],[-99.09989454754663,19.31474650522071],[-99.09989431398469,19.314783311320582],[-99.0998875326026,19.314922886357706],[-99.09986569096473,19.31518351353977],[-99.0998607385526,19.315222232069534],[-99.09985400478122,19.31526521308556],[-99.0998445706741,19.315307334470425],[-99.09983087945088,19.315362647701058],[-99.09982615431247,19.31540392215749],[-99.09981309190991,19.315572852557573],[-99.0998723510743,19.315577054854757],[-99.10019912583532,19.3155976187268],[-99.100326320093,19.315605629116078],[-99.1006015971337,19.315623157192466],[-99.10073306198227,19.31563230695607],[-99.10076486413998,19.315198821398795],[-99.10078147219296,19.31519988447983],[-99.10116594484631,19.315227401660458],[-99.10155609664896,19.315253241135867],[-99.10193150440284,19.31528106095482],[-99.10220496415177,19.31529763788884],[-99.10242403450344,19.31531205559829],[-99.10269865397734,19.315332650022754],[-99.1027963143235,19.315336576806924],[-99.10288056372073,19.315336525094068],[-99.10293566009202,19.315332688171548],[-99.10299674103979,19.31532572050322],[-99.10304915683832,19.31531545338599],[-99.10309638037447,19.315303342408694],[-99.10314251066096,19.31528854914461],[-99.10318734827172,19.315272121413987],[-99.10324704671224,19.315248519158565],[-99.10329258860222,19.315230854553864],[-99.1033478251107,19.31520770244886],[-99.1035876483421,19.31510550167645],[-99.10367581080075,19.315072022230726],[-99.1036038539498,19.31491510906728],[-99.10349825429324,19.314680471075746],[-99.10344178349955,19.314550500052743],[-99.10342577102958,19.314510608070165],[-99.1034093327582,19.31446434180187],[-99.10339959412222,19.314434115064575],[-99.10339246060056,19.31440881887153],[-99.10338531809573,19.314379206747258],[-99.10338056151629,19.31435597059383],[-99.10337143822626,19.31431115140218],[-99.10335701936764,19.31420668655771],[-99.10335421931892,19.314166592724916],[-99.10335311169615,19.314128421596575],[-99.10335250623163,19.314096482326583],[-99.10335274069192,19.31405473618651],[-99.10335535838267,19.31400087302774],[-99.10336973052891,19.313805539238928],[-99.10337582739474,19.31373275909074],[-99.10338495427801,19.313645992564776],[-99.10338887542426,19.31358986320786],[-99.10341325659934,19.31326581835255],[-99.10343327555546,19.313004287788484],[-99.10343763597785,19.312945069808073],[-99.10344199101034,19.312873933091367],[-99.10345592298208,19.312686419436645],[-99.10347115840932,19.31249520422044],[-99.10347463578778,19.31245654777949],[-99.10347985410125,19.312417891329442],[-99.10348592401763,19.31238911474257],[-99.10349786442437,19.312331958308352],[-99.10350653406523,19.312297828057353],[-99.10351780882033,19.312263490943995],[-99.10354599256408,19.312191124667624],[-99.10355596116875,19.3121660426127],[-99.1035694026604,19.312139732986058],[-99.1035886876929,19.312104369192355],[-99.10360277507317,19.312079704226036],[-99.10362293326813,19.31204887343684],[-99.10363939938726,19.312021120889316],[-99.10365781574896,19.311995012160477],[-99.10369270451793,19.31194876298339],[-99.10378739233877,19.31183385210972],[-99.10393819611879,19.311659343755966],[-99.1040731769734,19.311495105964813],[-99.10413558652944,19.311417198313002],[-99.10420925287428,19.311327988126866],[-99.1042545324562,19.311272071612848],[-99.10432885457125,19.311182862195118],[-99.10434727003457,19.311157574824563],[-99.1043776115316,19.311111938350585],[-99.10441055365139,19.311056026849233],[-99.10443569390293,19.311005042590093],[-99.10445910310091,19.310955086664954],[-99.10447947599326,19.310908011461443],[-99.10448988387411,19.310879226978795],[-99.10450549120388,19.310833178408664],[-99.10452023435434,19.31078424060871],[-99.10452869289102,19.310753613889084],[-99.10456579600721,19.31058337378222],[-99.10470241449053,19.309957672383664],[-99.10482828552986,19.30940201405746],[-99.10489033486147,19.309116639336715],[-99.10493733920872,19.308896736848308]]]}},{"type":"Feature","properties":{"name":"Culhuacan Ctm Seccion Piloto","id":"003-033","alc":"Coyoacán","clasif":"Colonia","fuente":"SGIRPC CDMX"},"geometry":{"type":"Polygon","coordinates":[[[-99.11403544047369,19.323603948820978],[-99.11409997364707,19.322864586025823],[-99.11415053442452,19.32232647265061],[-99.11416292848051,19.322209518448147],[-99.11417222963694,19.322126616921217],[-99.11417217753467,19.32205259687806],[-99.11416941072358,19.322017414944863],[-99.1141649326219,19.321980201026868],[-99.11415985534391,19.321943275324134],[-99.1141502361838,19.321889769958393],[-99.11414193036069,19.321833609523715],[-99.11412998276747,19.32177310451525],[-99.11411892270964,19.321734462136547],[-99.11411384992324,19.321713727797523],[-99.11408693370238,19.321639284555665],[-99.11405704226131,19.3215591708874],[-99.11396613904277,19.321354604286768],[-99.11382785508286,19.321058215638878],[-99.11364480537743,19.320675767269243],[-99.11319595855242,19.320758161746003],[-99.11280013838038,19.320827241846814],[-99.11264413335488,19.320854466463572],[-99.11184173299027,19.320994039707273],[-99.11048456364895,19.321230123324213],[-99.10992168108854,19.321329252367466],[-99.10935106762676,19.321444043819383],[-99.10922757712302,19.321465451281995],[-99.10919837199481,19.32187729410206],[-99.10918335755316,19.322051425333886],[-99.10915210965597,19.322401970984117],[-99.10912538118303,19.322666155112945],[-99.10908314150004,19.323193307320064],[-99.10908106998502,19.323211953560605],[-99.10943902257456,19.323240087373023],[-99.10976842760272,19.323268291540714],[-99.11013380925975,19.323295784474762],[-99.11038954075653,19.32331680429129],[-99.1106584945559,19.32333983317746],[-99.11093580089086,19.323360081572524],[-99.11106408570333,19.323371507851203],[-99.11126950705263,19.32338535094895],[-99.11163356638949,19.323416515292887],[-99.11193924870761,19.323439074533937],[-99.1123133817521,19.323471098444596],[-99.11255041391792,19.32348749568123],[-99.1130675470775,19.323531209487296],[-99.1133613581592,19.32355313886505],[-99.1136136284472,19.32357317784971],[-99.11389891721176,19.323593677985308],[-99.11403544047369,19.323603948820978]]]}},{"type":"Feature","properties":{"name":"Culhuacan Ctm Seccion V","id":"003-034","alc":"Coyoacán","clasif":"Colonia","fuente":"SGIRPC CDMX"},"geometry":{"type":"Polygon","coordinates":[[[-99.11866601411649,19.331239134509048],[-99.11853799879862,19.331228951463316],[-99.11837647991388,19.331215029349295],[-99.1181885613396,19.33119974587754],[-99.11802960085684,19.33118746739142],[-99.11803699578823,19.33111127379062],[-99.11804623945251,19.33102460549729],[-99.11805458659816,19.330946245175202],[-99.11805945456865,19.33089188576293],[-99.1180768648172,19.330697193507735],[-99.118080970118,19.33064699692932],[-99.11808297515776,19.330622381383552],[-99.11809395436717,19.330488043962788],[-99.11809643731057,19.33045757775504],[-99.11811175358618,19.330294607478663],[-99.1181127372414,19.330284051397467],[-99.11811753693998,19.33023298752164],[-99.118128486505,19.330104863236354],[-99.11813462559165,19.330028199518463],[-99.11814222354229,19.329943563376457],[-99.11814452322946,19.329918017824387],[-99.11814773111334,19.329881636428322],[-99.11814921962173,19.329864615096252],[-99.1181516154286,19.329837489463713],[-99.11815518533355,19.329796818807594],[-99.1181554332686,19.329794074031767],[-99.11815955653573,19.329750144048564],[-99.11816130555556,19.329721907092896],[-99.11816200174992,19.32971487307163],[-99.11816268896109,19.329707829725503],[-99.1181657504196,19.329680668464466],[-99.1181713397373,19.329631212443584],[-99.11817183650568,19.329624963367465],[-99.11817534083355,19.32958160213039],[-99.11817866370184,19.32954034481768],[-99.11818143859772,19.32948531611976],[-99.11818173504179,19.32947954597616],[-99.1181874294624,19.329428735304482],[-99.11818961506344,19.329404987597727],[-99.11819501663324,19.329346510497565],[-99.11819729745575,19.32932172352467],[-99.11820965288415,19.329198249741545],[-99.11822939336255,19.328969560088556],[-99.11824598973739,19.328791545371896],[-99.11773317477935,19.32875068287944],[-99.11736298533901,19.328723105247438],[-99.11661615385951,19.328673651479633],[-99.11655957257308,19.328668713731172],[-99.11623873657442,19.328640713939578],[-99.11600318213725,19.32861965411919],[-99.11572763739855,19.32859218920687],[-99.11545654291383,19.32857018760474],[-99.11517979892422,19.328547642635066],[-99.1149012843552,19.328525088337845],[-99.11486269093398,19.328521826453976],[-99.11438745519924,19.32848110037088],[-99.113607564819,19.3284134476143],[-99.1124078279261,19.328322785298173],[-99.1100614203192,19.32814287869174],[-99.10993969500495,19.328136546485513],[-99.10965797075539,19.32812984892689],[-99.10950985563306,19.328126334425082],[-99.10888567742752,19.328111843249896],[-99.10849639699077,19.328113498778784],[-99.10817940847643,19.328107644665828],[-99.10803133737151,19.32811157029524],[-99.10796465991956,19.32811561205759],[-99.1079140209887,19.328119316441054],[-99.10787104917874,19.32812438644501],[-99.10784015881107,19.328130083735562],[-99.10780258857098,19.328138749618684],[-99.10778342840425,19.32814309569905],[-99.1077592619265,19.328151007141845],[-99.10774411543247,19.32815625770165],[-99.10772686598239,19.328163051895274],[-99.10768491735357,19.328180782069108],[-99.10766658184029,19.328191413730142],[-99.10763892989925,19.328212092995358],[-99.10759884976618,19.32824457880604],[-99.10756864571138,19.32827164112685],[-99.10761164447077,19.328324724798968],[-99.10796207277158,19.32883204674211],[-99.10833804736238,19.329415526782086],[-99.1084502074155,19.32957280323853],[-99.10859963587477,19.329794674186584],[-99.10860785096801,19.329807047717168],[-99.10919076056942,19.33068524218502],[-99.10957074613796,19.331221575048676],[-99.10967824842635,19.331401920746828],[-99.10973062739387,19.331485528760155],[-99.10977150163762,19.331578713673174],[-99.1098410824446,19.33179401163784],[-99.10984522547469,19.33180845162634],[-99.1099656599099,19.332228088918068],[-99.11001858684983,19.332379240844944],[-99.11006318820365,19.332479226891166],[-99.11015169561533,19.33265472596768],[-99.11023825727611,19.332790808635043],[-99.11029103150241,19.332860852523996],[-99.11034379225403,19.332914878150333],[-99.1104239839611,19.332984903337486],[-99.11071094359211,19.333172925181835],[-99.11135659692279,19.333573947818092],[-99.11155916252777,19.333717975646532],[-99.11168366812784,19.333816007027366],[-99.11174803331626,19.333876021869063],[-99.11200776501097,19.33413399872184],[-99.11208545670668,19.334230128566634],[-99.11216313941918,19.334326267678943],[-99.11225864111363,19.334448120264913],[-99.11234694460775,19.33459065037004],[-99.11270616741515,19.335198189830592],[-99.11297949421336,19.335699717955954],[-99.11299936494747,19.335475372272732],[-99.11303529576219,19.335011600302355],[-99.11307800706072,19.334557003691195],[-99.11315138863965,19.333723660874934],[-99.11320698177931,19.333059561800713],[-99.11337165734392,19.333232499477436],[-99.11340658653712,19.33327211563874],[-99.11345256410999,19.333329668233866],[-99.1135320497413,19.333440716475188],[-99.11356590993931,19.333492522743434],[-99.11358550578892,19.333525695801335],[-99.11381705014664,19.333936611398595],[-99.11386152932961,19.33401320886009],[-99.11390803780684,19.334078888501498],[-99.11394813949946,19.33412814991059],[-99.11397487156562,19.33415828230579],[-99.11400017890384,19.334180295869796],[-99.11402335813311,19.3341968903825],[-99.11405391792073,19.334215365836297],[-99.1140912420225,19.33423672330906],[-99.11414797961584,19.334264308486535],[-99.11418028303348,19.334277745483174],[-99.11422390612196,19.334292061494743],[-99.11425781752394,19.334302338439052],[-99.11430305039343,19.33431350372279],[-99.11476089115105,19.33439410192702],[-99.11514883309809,19.334460726547384],[-99.11518609521603,19.334465983685515],[-99.1152310253533,19.33447056609251],[-99.11528807556039,19.33447370664327],[-99.11531981214105,19.334474139793546],[-99.1153381728071,19.334473042931734],[-99.11537757830538,19.334469839654787],[-99.11541288389266,19.33446409765973],[-99.11544676295532,19.334457334243634],[-99.11549561783202,19.334444994971403],[-99.11552672918529,19.334435107108575],[-99.1155512478026,19.334426390700433],[-99.11561098936225,19.33440237840519],[-99.11563541455484,19.334389355073252],[-99.11565974452603,19.334374543193483],[-99.11569013632874,19.334354821708306],[-99.11576095860738,19.33430696408089],[-99.11581232427534,19.334265683379908],[-99.11584477411833,19.334233870955792],[-99.11588249707206,19.33419449237079],[-99.11589953182478,19.334175498150675],[-99.11590738399872,19.33416483551605],[-99.11592057575866,19.334145208095087],[-99.11593234907873,19.334126257099587],[-99.11594377205594,19.334104931823198],[-99.11601137656926,19.333969779280373],[-99.1162231481093,19.33355022105786],[-99.1163198337833,19.33335663477442],[-99.11646662209397,19.33304938225915],[-99.11662463754911,19.33273735683414],[-99.11667538876937,19.33264791924603],[-99.11670250441622,19.332607651929077],[-99.1167173032622,19.33258751063792],[-99.11673068456672,19.332570086100773],[-99.11674352239045,19.332556038647095],[-99.11675850000115,19.33254318385262],[-99.11677508559625,19.332528966016554],[-99.11678748414383,19.33252101409796],[-99.11681565710772,19.33250444314958],[-99.11683972926244,19.332492086776547],[-99.11686736952538,19.332479660046747],[-99.11688163117883,19.332474841933706],[-99.11690008886299,19.332469257533734],[-99.11692005841178,19.3324643597401],[-99.1169391332385,19.332461313241183],[-99.11695687586368,19.332459962914896],[-99.11701054032041,19.332457358895816],[-99.11702854884693,19.332457788660605],[-99.11705261651004,19.332459736589005],[-99.11706563040357,19.332461943054415],[-99.11709629888735,19.332468724354047],[-99.11722474539656,19.332500824479485],[-99.11733416738467,19.332530247681685],[-99.1174671988951,19.332566557284196],[-99.11768184773896,19.33262145440413],[-99.11828841177841,19.33277998570208],[-99.11852802121076,19.33284638380799],[-99.11863004197929,19.33170540085549],[-99.11866601411649,19.331239134509048]]]}},{"type":"Feature","properties":{"name":"Culhuacan Ctm Seccion Vi","id":"003-035","alc":"Coyoacán","clasif":"Colonia","fuente":"SGIRPC CDMX"},"geometry":{"type":"Polygon","coordinates":[[[-99.11989128292639,19.32658265635527],[-99.11933261526126,19.325643593786573],[-99.11904923451841,19.325132761786413],[-99.11901544888056,19.32505205135415],[-99.11900324706403,19.325010410584262],[-99.11899104434922,19.324968769803778],[-99.11897901321262,19.324927084084525],[-99.11896937069639,19.324884848196067],[-99.11896224795446,19.324842089264614],[-99.11895713294724,19.32479905058027],[-99.11895453951102,19.3247559127034],[-99.11895405711574,19.324712695131115],[-99.11895346512591,19.324655805794308],[-99.11899723104659,19.32404162857566],[-99.11897257768192,19.32402800508935],[-99.11894793330043,19.32401629572273],[-99.11891678331965,19.324003952270992],[-99.1188840612871,19.323996069449375],[-99.11882982280684,19.323988397706252],[-99.1186021214419,19.32397258967587],[-99.11842170649521,19.323961371975102],[-99.11837463746924,19.32395944513804],[-99.11834729814191,19.323959229820545],[-99.11831323312799,19.323959852884858],[-99.11827244242755,19.3239615491458],[-99.11825322566702,19.32396250112023],[-99.11822990989381,19.32396483316096],[-99.11812216416205,19.32397868383788],[-99.11804864693748,19.323990222818168],[-99.11791866610575,19.324019689090996],[-99.11787337304915,19.32402776773159],[-99.11779257767417,19.324040731702574],[-99.11775203311211,19.324046689381397],[-99.11771099357837,19.324052620781092],[-99.11765641733163,19.324059098103255],[-99.11763432775878,19.324060934234698],[-99.11762425405115,19.324061211434543],[-99.11756812821054,19.324063534996757],[-99.11753288370868,19.32406265931644],[-99.11747979417369,19.32406043239271],[-99.11743597884575,19.32405797319736],[-99.11733804720838,19.32405145433751],[-99.1171655095884,19.324038259791376],[-99.11709391835181,19.324032316523187],[-99.11696389260436,19.324021570998955],[-99.1169823143559,19.32384657381444],[-99.11699705750635,19.323663177350806],[-99.11699840677586,19.32363594302948],[-99.1169984148607,19.32360955725994],[-99.11699618434385,19.32356253741113],[-99.11699038302376,19.323495938863086],[-99.11698121302136,19.323431895283864],[-99.11697159116636,19.323382534857732],[-99.11696241128246,19.323352742101818],[-99.1169503226537,19.32331422555768],[-99.11693195839435,19.32326720053771],[-99.11691784226792,19.323233686312307],[-99.11690753769331,19.323211027013006],[-99.11689331556573,19.32318102568896],[-99.11687192488218,19.323138036581973],[-99.11685714130759,19.323110373231515],[-99.11680181496753,19.32301865850565],[-99.11675589309019,19.322938855776144],[-99.11658692986671,19.322655554457864],[-99.11636704114977,19.322267102067933],[-99.11585763889153,19.321410748779524],[-99.115681130718,19.32111218413268],[-99.11566030148151,19.321070269392333],[-99.11564641442548,19.321036953930975],[-99.11562558878231,19.320984727481125],[-99.11556558311791,19.320802583283143],[-99.11553065482308,19.320674915306974],[-99.11544027442397,19.320314726465586],[-99.11483220480815,19.32044009908432],[-99.11364480537743,19.320675767269243],[-99.11382785508286,19.321058215638878],[-99.11396613904277,19.321354604286768],[-99.11405704226131,19.3215591708874],[-99.11408693370238,19.321639284555665],[-99.11411384992324,19.321713727797523],[-99.11411892270964,19.321734462136547],[-99.11412998276747,19.32177310451525],[-99.11414193036069,19.321833609523715],[-99.1141502361838,19.321889769958393],[-99.11415985534391,19.321943275324134],[-99.1141649326219,19.321980201026868],[-99.11416941072358,19.322017414944863],[-99.11417217753467,19.32205259687806],[-99.11417222963694,19.322126616921217],[-99.11416292848051,19.322209518448147],[-99.11415053442452,19.32232647265061],[-99.11409997364707,19.322864586025823],[-99.11403544047369,19.323603948820978],[-99.11402519518784,19.323721770078162],[-99.11395524517332,19.32453143839572],[-99.11390109203302,19.325202166402477],[-99.11386724081815,19.325572497352358],[-99.11378127923203,19.326411418045595],[-99.11372963957795,19.327013843296303],[-99.113607698668,19.328412003161624],[-99.113607564819,19.3284134476143],[-99.11438745519924,19.32848110037088],[-99.11486269093398,19.328521826453976],[-99.1149012843552,19.328525088337845],[-99.11517979892422,19.328547642635066],[-99.11545654291383,19.32857018760474],[-99.11572763739855,19.32859218920687],[-99.11600318213725,19.32861965411919],[-99.11623873657442,19.328640713939578],[-99.11655957257308,19.328668713731172],[-99.11663484420738,19.327622233198515],[-99.11672109325443,19.326647053035092],[-99.11735962653816,19.326698033262637],[-99.11769666904284,19.32672404978744],[-99.11797711229474,19.326745904987394],[-99.11824798399735,19.326769040199302],[-99.11851099094962,19.326788597300588],[-99.11885717471063,19.326818541166805],[-99.11892582755792,19.32682315600061],[-99.11898225702913,19.326826710372043],[-99.11903869638179,19.32683025541875],[-99.11909512585297,19.326833791988513],[-99.11915165144394,19.326833364751813],[-99.11920807372861,19.326828936410532],[-99.1192642777227,19.326822900845446],[-99.11932011071255,19.32681444512022],[-99.11937565983479,19.326802937704052],[-99.11943062954359,19.326788865171153],[-99.119484543732,19.326771785026057],[-99.11953691820803,19.32675126409692],[-99.11958728584769,19.32672686921178],[-99.11989128292639,19.32658265635527]]]}},{"type":"Feature","properties":{"name":"Culhuacan Ctm Seccion Vii","id":"003-036","alc":"Coyoacán","clasif":"Colonia","fuente":"SGIRPC CDMX"},"geometry":{"type":"Polygon","coordinates":[[[-99.11403544047369,19.323603948820978],[-99.11389891721176,19.323593677985308],[-99.1136136284472,19.32357317784971],[-99.1133613581592,19.32355313886505],[-99.1130675470775,19.323531209487296],[-99.11255041391792,19.32348749568123],[-99.1123133817521,19.323471098444596],[-99.11193924870761,19.323439074533937],[-99.11163356638949,19.323416515292887],[-99.11126950705263,19.32338535094895],[-99.11106408570333,19.323371507851203],[-99.11093580089086,19.323360081572524],[-99.1106584945559,19.32333983317746],[-99.11038954075653,19.32331680429129],[-99.11013380925975,19.323295784474762],[-99.10976842760272,19.323268291540714],[-99.10943902257456,19.323240087373023],[-99.10908106998502,19.323211953560605],[-99.10904158723163,19.32355358475986],[-99.109035713148,19.323592565791795],[-99.10902479232908,19.32364732012181],[-99.10901249618945,19.323691365338874],[-99.10899948948247,19.323728077024256],[-99.10897953430675,19.323773464988356],[-99.10895590681815,19.323821723276787],[-99.10892717240716,19.323865464967714],[-99.10889794482107,19.323905494538764],[-99.10884281341549,19.323975640571586],[-99.10877682676792,19.324046623260337],[-99.10863875121719,19.324177858289904],[-99.108153285468,19.324584822522613],[-99.10767217924284,19.325004149463485],[-99.10705324001208,19.32552732096494],[-99.10715129022704,19.325628724317852],[-99.10754186244122,19.32603937580404],[-99.1079368067559,19.326464458242263],[-99.10827532070104,19.326815836182437],[-99.10844408719346,19.327007191466915],[-99.10849111040528,19.327059870353946],[-99.10852814974109,19.327097700233605],[-99.10854795759309,19.327117419204264],[-99.10855593553117,19.327126876035816],[-99.10856191651433,19.327135519084425],[-99.10856690665572,19.327145381958562],[-99.10858466724721,19.327199432363113],[-99.10858930524901,19.327213493840542],[-99.10859066440007,19.32721632936252],[-99.10859229933384,19.327218894471564],[-99.10859984967382,19.327227267949997],[-99.10865428129183,19.327285627979983],[-99.10870329247543,19.327336149408573],[-99.10880872324871,19.327447992618218],[-99.10886485717425,19.32750662467729],[-99.10893837350041,19.327584965457305],[-99.10900911493074,19.327657435964703],[-99.10906838667154,19.327722552754697],[-99.10914332952237,19.327803332225763],[-99.10917638303327,19.32784196384456],[-99.1092154202223,19.327881139668804],[-99.1092681333631,19.327928952556505],[-99.10931315333194,19.3279705493505],[-99.10935638655161,19.328007225319197],[-99.10950985563306,19.328126334425082],[-99.10965797075539,19.32812984892689],[-99.10993969500495,19.328136546485513],[-99.1100614203192,19.32814287869174],[-99.1124078279261,19.328322785298173],[-99.113607564819,19.3284134476143],[-99.113607698668,19.328412003161624],[-99.11372963957795,19.327013843296303],[-99.11378127923203,19.326411418045595],[-99.11386724081815,19.325572497352358],[-99.11390109203302,19.325202166402477],[-99.11395524517332,19.32453143839572],[-99.11402519518784,19.323721770078162],[-99.11403544047369,19.323603948820978]]]}},{"type":"Feature","properties":{"name":"Culhuacan Ctm Seccion Viii","id":"003-037","alc":"Coyoacán","clasif":"Colonia","fuente":"SGIRPC CDMX"},"geometry":{"type":"Polygon","coordinates":[[[-99.10693121915207,19.315255697072637],[-99.10687566733495,19.315256293042072],[-99.10684339356172,19.315254639078475],[-99.10679184912905,19.315248662428544],[-99.10676380821744,19.31524474327207],[-99.10652071332179,19.31519532272618],[-99.10628582633285,19.315148379297526],[-99.10602157790886,19.31509453514958],[-99.10573955272376,19.315038987848496],[-99.10547914639427,19.314987275763652],[-99.10520358009599,19.31493269486487],[-99.10484799995707,19.31486824439921],[-99.10460544405056,19.314830741464835],[-99.1045578001029,19.314824151873328],[-99.10451665187294,19.314819613846282],[-99.10449543097097,19.314818369343335],[-99.10446814015266,19.314817944618554],[-99.10443088971276,19.314819990249077],[-99.10437089392987,19.314825731238898],[-99.10431220070419,19.314835165892468],[-99.10426324701277,19.31484625620893],[-99.10421862948925,19.314858981841574],[-99.10410837925443,19.314893700746616],[-99.10403690479882,19.314919989584087],[-99.1038397802895,19.31500340511386],[-99.10378930934361,19.315026206278088],[-99.10373581377011,19.315048392818444],[-99.10367581080075,19.315072022230726],[-99.1035876483421,19.31510550167645],[-99.1033478251107,19.31520770244886],[-99.10329258860222,19.315230854553864],[-99.10324704671224,19.315248519158565],[-99.10318734827172,19.315272121413987],[-99.10314251066096,19.31528854914461],[-99.10309638037447,19.315303342408694],[-99.10304915683832,19.31531545338599],[-99.10299674103979,19.31532572050322],[-99.10293566009202,19.315332688171548],[-99.10288056372073,19.315336525094068],[-99.1027963143235,19.315336576806924],[-99.10269865397734,19.315332650022754],[-99.10242403450344,19.31531205559829],[-99.10220496415177,19.31529763788884],[-99.10193150440284,19.31528106095482],[-99.10155609664896,19.315253241135867],[-99.10116594484631,19.315227401660458],[-99.10078147219296,19.31519988447983],[-99.10076486413998,19.315198821398795],[-99.10073306198227,19.31563230695607],[-99.1006015971337,19.315623157192466],[-99.100326320093,19.315605629116078],[-99.10019912583532,19.3155976187268],[-99.0998723510743,19.315577054854757],[-99.09981309190991,19.315572852557573],[-99.09982615431247,19.31540392215749],[-99.09983087945088,19.315362647701058],[-99.0998445706741,19.315307334470425],[-99.09985400478122,19.31526521308556],[-99.0998607385526,19.315222232069534],[-99.09986569096473,19.31518351353977],[-99.0998875326026,19.314922886357706],[-99.09989431398469,19.314783311320582],[-99.09989454754663,19.31474650522071],[-99.09989345789019,19.314689696342384],[-99.09988922682518,19.314615440646243],[-99.09988856925841,19.31457267394125],[-99.09989284973074,19.314524166224842],[-99.09989600012244,19.314497356801816],[-99.09990026262847,19.314471189125555],[-99.09992136674941,19.314385664106755],[-99.09992787773864,19.31434992524271],[-99.09993349759904,19.31430821816416],[-99.09993891803344,19.314218009202115],[-99.09995518293002,19.313892490491597],[-99.09943285840637,19.313856530254622],[-99.09929737719014,19.31552345754329],[-99.09929650672265,19.315536216185585],[-99.09929615278642,19.3155415078427],[-99.09911699817604,19.31817868924961],[-99.09910022752798,19.318342867766475],[-99.09908367786552,19.31849844076157],[-99.09897872769089,19.318936079935618],[-99.09896042272038,19.319058691701073],[-99.09895521518663,19.31916280672257],[-99.0989552942384,19.319293941403483],[-99.09899982462535,19.31970334484658],[-99.09901641740694,19.320041770496168],[-99.09905409634325,19.320294923596872],[-99.09907513219224,19.320378649194108],[-99.09909615815977,19.320462384073583],[-99.09915296761835,19.320670240958833],[-99.09918681793486,19.320797243476058],[-99.09923517334832,19.320974448851278],[-99.09926011058062,19.321031311494963],[-99.09928147611127,19.32107767932656],[-99.0993300983244,19.321162299716285],[-99.09940435935398,19.321263500629765],[-99.09946345053339,19.321334543837118],[-99.09997206586746,19.32192688556193],[-99.10014723914448,19.32214101622616],[-99.1002865238276,19.32230310199244],[-99.10042158103897,19.32245119013803],[-99.10067270597497,19.32270931558206],[-99.10087632440546,19.32287437710218],[-99.10095122952713,19.322940404545758],[-99.10100708766984,19.32298748984739],[-99.10315035474997,19.32259937055031],[-99.10469719168552,19.322307229517612],[-99.1051022402505,19.322228155476058],[-99.10542337179488,19.32216551352197],[-99.10550957233289,19.32176470786894],[-99.10557924476805,19.32145067468216],[-99.10569772087592,19.320896349893406],[-99.10584756884843,19.320209989099308],[-99.10591462179623,19.319903458705543],[-99.10605892626512,19.31923481301792],[-99.10621223454815,19.318546655677906],[-99.10632898858566,19.31800660711154],[-99.10639450271933,19.317714858001494],[-99.10650405945472,19.317215053222917],[-99.10654842275501,19.317011719736847],[-99.1065872596197,19.316834490567018],[-99.10663422713601,19.316613270043135],[-99.10667202734487,19.31643417116214],[-99.10669974396463,19.3163110369117],[-99.10674247682269,19.31611921640474],[-99.10675744724689,19.31604540049115],[-99.10678695780231,19.31590436065552],[-99.10685810976271,19.315590210239716],[-99.10693121915207,19.315255697072637]]]}},{"type":"Feature","properties":{"name":"Culhuacan Ctm Seccion X-A","id":"003-038","alc":"Coyoacán","clasif":"Colonia","fuente":"SGIRPC CDMX"},"geometry":{"type":"Polygon","coordinates":[[[-99.12360794114183,19.320818901949416],[-99.12290044149877,19.32033676308841],[-99.12282010246798,19.320289453223488],[-99.12266600995574,19.320215577309316],[-99.12254323630754,19.320166026868705],[-99.12240521196075,19.32012034628472],[-99.12228025450811,19.32009207036471],[-99.12208739879306,19.320054385519796],[-99.1219209589372,19.32001841392258],[-99.12057625641532,19.3197743573662],[-99.12040965486274,19.31974180713946],[-99.12029105029576,19.319719536463385],[-99.11995242316291,19.319657882847363],[-99.11977587815845,19.319638233337844],[-99.11960748985678,19.319633186807035],[-99.11945449867902,19.319641021518578],[-99.11939022961032,19.31964879773642],[-99.1192689327925,19.319661769684313],[-99.11833128297698,19.3198438761583],[-99.11785957312973,19.319923955062958],[-99.11770432538404,19.31993565285454],[-99.11741102095222,19.31995646964882],[-99.11726573103138,19.319974616099593],[-99.11718924667144,19.319987987301136],[-99.11679820553674,19.32005827912919],[-99.11646781685334,19.320122084971743],[-99.11544493578202,19.32031387874011],[-99.11544027442397,19.320314726465586],[-99.11553065482308,19.320674915306974],[-99.11556558311791,19.320802583283143],[-99.11562558878231,19.320984727481125],[-99.11564641442548,19.321036953930975],[-99.11566030148151,19.321070269392333],[-99.115681130718,19.32111218413268],[-99.11585763889153,19.321410748779524],[-99.11636704114977,19.322267102067933],[-99.11658692986671,19.322655554457864],[-99.11675589309019,19.322938855776144],[-99.11680181496753,19.32301865850565],[-99.11685714130759,19.323110373231515],[-99.11687192488218,19.323138036581973],[-99.11689331556573,19.32318102568896],[-99.11690753769331,19.323211027013006],[-99.11691784226792,19.323233686312307],[-99.11693195839435,19.32326720053771],[-99.1169503226537,19.32331422555768],[-99.11696241128246,19.323352742101818],[-99.11697159116636,19.323382534857732],[-99.11698121302136,19.323431895283864],[-99.11699038302376,19.323495938863086],[-99.11699618434385,19.32356253741113],[-99.1169984148607,19.32360955725994],[-99.11699840677586,19.32363594302948],[-99.11699705750635,19.323663177350806],[-99.1169823143559,19.32384657381444],[-99.11696389260436,19.324021570998955],[-99.11709391835181,19.324032316523187],[-99.1171655095884,19.324038259791376],[-99.11733804720838,19.32405145433751],[-99.11743597884575,19.32405797319736],[-99.11747979417369,19.32406043239271],[-99.11753288370868,19.32406265931644],[-99.11756812821054,19.324063534996757],[-99.11762425405115,19.324061211434543],[-99.11763432775878,19.324060934234698],[-99.11765641733163,19.324059098103255],[-99.11771099357837,19.324052620781092],[-99.11775203311211,19.324046689381397],[-99.11779257767417,19.324040731702574],[-99.11787337304915,19.32402776773159],[-99.11791866610575,19.324019689090996],[-99.11804864693748,19.323990222818168],[-99.11812216416205,19.32397868383788],[-99.11822990989381,19.32396483316096],[-99.11825322566702,19.32396250112023],[-99.11827244242755,19.3239615491458],[-99.11831323312799,19.323959852884858],[-99.11834729814191,19.323959229820545],[-99.11837463746924,19.32395944513804],[-99.11842170649521,19.323961371975102],[-99.1186021214419,19.32397258967587],[-99.11882982280684,19.323988397706252],[-99.1188840612871,19.323996069449375],[-99.11891678331965,19.324003952270992],[-99.11894793330043,19.32401629572273],[-99.11897257768192,19.32402800508935],[-99.11899723104659,19.32404162857566],[-99.11910356642342,19.322916132009837],[-99.11911998672848,19.322713799984164],[-99.1191487588687,19.32239848687674],[-99.11916651856191,19.32220274689528],[-99.11917867636095,19.32203743716356],[-99.11985034490222,19.322092928680057],[-99.12118731382783,19.322194575763454],[-99.12183913139796,19.322251293023232],[-99.12299577610668,19.322337837965996],[-99.12308350917057,19.322344775665446],[-99.12311556285653,19.322037527021454],[-99.1231515260106,19.321658815143948],[-99.12315758874047,19.321610730846757],[-99.1231670192543,19.321562007355222],[-99.12318586501067,19.32148541846646],[-99.1231959575829,19.321448822414848],[-99.1232123311756,19.321403296474507],[-99.12324125692768,19.321339046079018],[-99.12327466527312,19.321268203783475],[-99.1233060613923,19.321214166675794],[-99.1233365520097,19.321167370783826],[-99.12344137911515,19.32102763746871],[-99.12360794114183,19.320818901949416]]]}},{"type":"Feature","properties":{"name":"Del Carmen","id":"003-039","alc":"Coyoacán","clasif":"Colonia","fuente":"SGIRPC CDMX"},"geometry":{"type":"Polygon","coordinates":[[[-99.17754937994302,19.351832439444248],[-99.1774149210096,19.351799938833235],[-99.17713622318426,19.35173305176554],[-99.17675254374326,19.3516500694531],[-99.17580543736278,19.351432901676063],[-99.17521517235589,19.35129362397472],[-99.17459867654271,19.35114849456301],[-99.17447597835299,19.35111791524693],[-99.17443730228678,19.35110913022939],[-99.17441332625182,19.35110509496921],[-99.17438321382518,19.351102477686474],[-99.17434510908748,19.35110110632524],[-99.17431791708381,19.351101234307666],[-99.17425626480757,19.351101543669103],[-99.17403581823685,19.35110315997689],[-99.17353482510796,19.351109284486267],[-99.1722832868642,19.351122475149705],[-99.17183237660905,19.35112712913222],[-99.17143759938105,19.351128567450864],[-99.17105469698272,19.35111410120171],[-99.1708576649999,19.351107586812255],[-99.17066064289854,19.35110106225182],[-99.17033684245942,19.351089022581007],[-99.17004519182602,19.35107654895539],[-99.16970117390312,19.351060382484484],[-99.16978960495798,19.350871319242327],[-99.16980623546885,19.35084358769954],[-99.16985938069938,19.3507692789397],[-99.16987601121026,19.350745014778344],[-99.16990319243406,19.350692260471785],[-99.16993199152378,19.35062795718511],[-99.17012893547174,19.35014775488533],[-99.17041147359491,19.34943118913118],[-99.16990073194854,19.349413102741114],[-99.16927437443019,19.349395404538164],[-99.16887802245543,19.349382704480792],[-99.16846545858482,19.349366915860216],[-99.16742449173185,19.34935383862995],[-99.1659299942381,19.34930455299812],[-99.1642535771195,19.34920667076861],[-99.16419340436849,19.349503432962813],[-99.16412208172817,19.34979319705895],[-99.1640519286944,19.35009242377016],[-99.1639367898278,19.350519714222607],[-99.16391750299869,19.35059716418434],[-99.16389627221525,19.350690632294],[-99.16384391840049,19.350700520867353],[-99.16284254748862,19.350432825694483],[-99.1627769471167,19.35041528779266],[-99.16278996011194,19.350339737995842],[-99.16269807772973,19.35031669596612],[-99.16254251018375,19.350277683173342],[-99.16231891771292,19.350221601154885],[-99.16230276241082,19.350217546378847],[-99.16217173324519,19.35018468268598],[-99.16198244923163,19.35013720771607],[-99.1619581587864,19.350131111140005],[-99.16171304807122,19.350069631738943],[-99.16177181136554,19.349880523274958],[-99.16182423075729,19.34968978301368],[-99.16182680982047,19.349668255505385],[-99.16182717184155,19.349655559707145],[-99.16182641096852,19.34963509759406],[-99.16182364325913,19.34961369636694],[-99.16181948585594,19.34959469716035],[-99.16181066709481,19.34955825149567],[-99.16179915608276,19.349516559340476],[-99.16134478461879,19.349595090434487],[-99.16089971700623,19.34966970061758],[-99.16041046485807,19.34975593946391],[-99.15998737363064,19.34983352878997],[-99.15935732762969,19.349947652660084],[-99.15906572460702,19.3500038593657],[-99.1588087040278,19.35005339905763],[-99.15831067713597,19.350151207888043],[-99.15784170625203,19.35023369343921],[-99.1576331902066,19.350275266751364],[-99.15740032622371,19.35032338498651],[-99.15721573770413,19.35036342332748],[-99.15685711317477,19.350438110287993],[-99.15639422927512,19.350527030435416],[-99.15612170916401,19.35058682978371],[-99.1552818553403,19.35073951321742],[-99.15430577110541,19.350941225695312],[-99.15411552140291,19.35097871440527],[-99.1537203677808,19.351060164660087],[-99.15325337049552,19.351153140069055],[-99.15224367489594,19.35137811852316],[-99.15167327972483,19.351509378201225],[-99.15139508495606,19.351570659577494],[-99.15148291234311,19.35187376909893],[-99.15176258304389,19.35284917913259],[-99.15187706883526,19.353286748284425],[-99.15190052294898,19.353376409336427],[-99.15203739924885,19.35389292817982],[-99.1523219226488,19.354829554291385],[-99.15240776655568,19.355115469549194],[-99.15262553704511,19.355977790728716],[-99.15273294411209,19.356348888386595],[-99.15281481566875,19.356599062040157],[-99.15287041150337,19.35680225978337],[-99.15290149680551,19.356901185856785],[-99.15299761384591,19.35724163459526],[-99.15311461581845,19.357695167083964],[-99.15341736154389,19.357714044150054],[-99.15595192757534,19.357856542070596],[-99.1573716277453,19.35793741172306],[-99.15869850409868,19.358013841127057],[-99.15943366466593,19.358053242780723],[-99.16000376518963,19.35808477002955],[-99.16071729881644,19.35812217912498],[-99.1613232600863,19.358161686693634],[-99.16175307700024,19.358183830929626],[-99.16204524416496,19.358202088395586],[-99.16239647825452,19.358223805471557],[-99.1627366379133,19.35824451822343],[-99.16308735008168,19.358263226567697],[-99.16329197282865,19.35827605391051],[-99.16348468391502,19.35828566488229],[-99.1635150829042,19.358287291289116],[-99.16359468262155,19.358291545033744],[-99.16418534558211,19.358324053674092],[-99.1649890628769,19.358361365248946],[-99.16605964808308,19.35842746309303],[-99.1671333935624,19.358481535345508],[-99.16826092566934,19.358544567635704],[-99.16857102949531,19.358560295193563],[-99.16889219966727,19.358575515928734],[-99.1690973470304,19.35858233089189],[-99.16926136143496,19.358592685974028],[-99.16943855412478,19.358599031406744],[-99.1695413896652,19.358603941976472],[-99.16963758396079,19.358612329947917],[-99.16975393914628,19.3586252674417],[-99.1698319982529,19.358639208405812],[-99.16992642286738,19.358661140695286],[-99.17000976316955,19.358679081980576],[-99.17008825077251,19.358699308194478],[-99.17018258914874,19.358725285717828],[-99.17020968772759,19.35873324907249],[-99.17021564355792,19.358734992433487],[-99.17030439800628,19.358765845767458],[-99.17040341840172,19.358800122251875],[-99.17047709193312,19.358829847517068],[-99.17057612221006,19.35887558253011],[-99.17065734158983,19.358917614693407],[-99.17073856995276,19.358959639218195],[-99.17140362419865,19.359360989198706],[-99.17161857577476,19.3594843062558],[-99.17176204211555,19.359570891634824],[-99.17188847280528,19.35920300494773],[-99.17199675123803,19.358943921021677],[-99.17203774765265,19.35884485210813],[-99.17221034006991,19.358427867363716],[-99.17240316793722,19.357969695838523],[-99.17252368052581,19.35768025307305],[-99.17266125032506,19.357350218890858],[-99.17273320358268,19.357188200124895],[-99.17278068763028,19.357093590719025],[-99.17283263450823,19.35699722092816],[-99.17288533327607,19.35691671609733],[-99.17294308327071,19.356831624362407],[-99.17298094995486,19.35678027808683],[-99.17304079392248,19.356708388358093],[-99.17308023984495,19.356662839195305],[-99.17321168762554,19.356518056118052],[-99.1733706121757,19.356345721983043],[-99.17354624449185,19.35615890237073],[-99.17386669960479,19.355813517834846],[-99.17419071114803,19.355467628279527],[-99.17443752506897,19.355200924928425],[-99.17467960935993,19.354942574552005],[-99.17488687225557,19.354717590843364],[-99.17492371935185,19.354676511935526],[-99.17493082592411,19.354666894818394],[-99.17496260292894,19.354623874166883],[-99.17500148560771,19.354565466276686],[-99.17505186043391,19.354492934825355],[-99.17512455569992,19.354389591563216],[-99.17519081902853,19.354295874698316],[-99.1752814293963,19.35418001554564],[-99.17534938604922,19.354095925034787],[-99.17540280706255,19.354032377409776],[-99.17547718577148,19.35394765454986],[-99.1755600239154,19.35385650127389],[-99.17561581288777,19.353799058470276],[-99.17567193603348,19.35374385572621],[-99.17574141622912,19.353676939791185],[-99.1758124190692,19.35361050184843],[-99.1759013459941,19.353530906465547],[-99.17604537827349,19.353411513318314],[-99.17616743237117,19.353314587898858],[-99.17641119920664,19.353117196649297],[-99.1767891977018,19.352812295160568],[-99.17693661573152,19.35269482459507],[-99.1770502211739,19.35260945689654],[-99.17707997157946,19.352584261542667],[-99.17710701895435,19.352556980344477],[-99.17713102193879,19.35253066535798],[-99.17717125478543,19.352481232363164],[-99.17718646775471,19.352462304685506],[-99.17721183078845,19.35242410606217],[-99.17723515734146,19.352391370795253],[-99.17727504703167,19.352331355133252],[-99.17730479564057,19.352282257711575],[-99.17733421007624,19.35222448126256],[-99.17735246653778,19.35219174680301],[-99.17738729422133,19.352130123245647],[-99.17741027761791,19.35208519745656],[-99.17743699081949,19.35203416752215],[-99.17747248415469,19.351970296173032],[-99.17748972282496,19.351937245522173],[-99.17751846172756,19.35188332535635],[-99.17754585046222,19.35183710781507],[-99.17754937994302,19.351832439444248]]]}},{"type":"Feature","properties":{"name":"Educacion","id":"003-040","alc":"Coyoacán","clasif":"Colonia","fuente":"SGIRPC CDMX"},"geometry":{"type":"Polygon","coordinates":[[[-99.14316984521167,19.339928732674153],[-99.14295432949358,19.339227323400035],[-99.14239220600953,19.337447437825475],[-99.14194294955284,19.337574222170975],[-99.14149241748841,19.337707272137962],[-99.1411954793712,19.337784970603483],[-99.1411856697683,19.337787543175224],[-99.1409326853197,19.337857128893432],[-99.14082932606141,19.337882434170627],[-99.14077472645843,19.33789192597954],[-99.14069720813765,19.337906950296503],[-99.14062218264174,19.337921180378814],[-99.14056946680589,19.337928287790778],[-99.14048006646885,19.33793975204148],[-99.14037963032847,19.337950022822646],[-99.14023209282286,19.337963059432802],[-99.14015540364703,19.337967003473224],[-99.1400587170747,19.337966989063517],[-99.14001829468353,19.337965791356826],[-99.13995869236277,19.33796341713428],[-99.13992077177967,19.337961036130537],[-99.13986076162375,19.337958056697303],[-99.13980908424038,19.33795291071154],[-99.13972864908989,19.33794221611352],[-99.13963071026605,19.337926769678162],[-99.13949131239517,19.337904002224658],[-99.1393835747482,19.337883813271617],[-99.13930851601465,19.337868676217244],[-99.13922039577685,19.33784867034889],[-99.13914058046385,19.337827717670283],[-99.1390255493951,19.33779087607532],[-99.13896493287635,19.33777096428487],[-99.1388576839129,19.3377326791546],[-99.13874846584234,19.3376896701437],[-99.13861594367667,19.337629916080186],[-99.1384709322336,19.337557102467258],[-99.13840091933702,19.337517531422595],[-99.13832924276046,19.33747241513083],[-99.138285485823,19.337445706103907],[-99.13820256593237,19.337390898760038],[-99.13812963440937,19.337342233376628],[-99.13794795193984,19.33719938611389],[-99.13774126935589,19.337051396102652],[-99.13751041759924,19.33687373857521],[-99.13739832671638,19.336787871817172],[-99.13732915643949,19.33672218478895],[-99.13721915234306,19.33661694003362],[-99.13718873448921,19.3365841024219],[-99.13714872891637,19.33653543255978],[-99.13707706491626,19.336429796921188],[-99.1369637442398,19.33625254558601],[-99.13696044293116,19.33604128743669],[-99.13696808759418,19.3356944803534],[-99.13695696645101,19.334962195907064],[-99.13695654783604,19.33453955393458],[-99.13696038094739,19.33407155459829],[-99.1369671237019,19.333662494012486],[-99.13696922396306,19.333568148998623],[-99.13696280280539,19.33346122300135],[-99.13695331659599,19.333365367345024],[-99.13688278537144,19.33336300831347],[-99.13680131446338,19.333359039579605],[-99.13675004850842,19.3333546783801],[-99.13668712062447,19.33334438272777],[-99.13657335528197,19.333323396412506],[-99.13643958445802,19.333299634014196],[-99.13620495618392,19.333259050681445],[-99.13603827108803,19.333228952026637],[-99.13596680022567,19.333215692952102],[-99.13587199472555,19.33319728350256],[-99.13573488576209,19.333169565062363],[-99.13560495882923,19.333141296486826],[-99.13537078869597,19.33309801162496],[-99.1352007456975,19.33306607012915],[-99.13489634347866,19.333006084657928],[-99.13466164154268,19.332959340460313],[-99.1343710994303,19.332901686863035],[-99.13407131095876,19.332845204712328],[-99.1339331743226,19.332817547243923],[-99.13379461996976,19.332790278847085],[-99.13361638703091,19.332756185080065],[-99.13325951241964,19.332684123712287],[-99.13298870270081,19.332623743938136],[-99.13277456948991,19.332576613097334],[-99.13255288414241,19.332527926782845],[-99.13202675166029,19.33241404842276],[-99.1299397397782,19.331964928125878],[-99.12993233047371,19.33204368636167],[-99.12992680313978,19.332084934565298],[-99.12992216423962,19.33211316178823],[-99.1299157556584,19.33214265202571],[-99.12991165125585,19.33215802949985],[-99.12990238872699,19.332187104374064],[-99.1298904519135,19.332220061542785],[-99.12984982650303,19.332324513176196],[-99.12973108090057,19.332625686778602],[-99.12952842546407,19.333152015981476],[-99.1292732904487,19.333815229727332],[-99.12886689081749,19.334854991098066],[-99.12863007065407,19.335409558417016],[-99.12845205151424,19.33579743367073],[-99.12842057364836,19.335869812378977],[-99.12835078712722,19.33593583456975],[-99.12826523876609,19.33611300402735],[-99.12821289752773,19.336230256817306],[-99.12812443233689,19.336431057364702],[-99.12796313174272,19.33679605323831],[-99.12784093121972,19.337077647469396],[-99.12754129366512,19.337761057975552],[-99.12743388390324,19.338006182802225],[-99.12736157940434,19.338172257042853],[-99.12726454518395,19.338393788273965],[-99.12719828455029,19.338546814538738],[-99.12713083993708,19.338678728736202],[-99.12772382324599,19.338869580191542],[-99.12830368306697,19.339044173066235],[-99.12892258726339,19.339216938269416],[-99.1297420026178,19.339431768444893],[-99.13011545114604,19.339556160097526],[-99.13034633164878,19.339623904867427],[-99.13077925583536,19.339725822452433],[-99.1310438204663,19.338804250005257],[-99.1311044091373,19.338598052122048],[-99.13111581414815,19.33856289155288],[-99.1311290005182,19.33851725595209],[-99.1311774646278,19.338373597686257],[-99.13124587942148,19.33818361871289],[-99.13138641186457,19.33774969797136],[-99.13153479468482,19.337305267917074],[-99.13125274973677,19.337296626254272],[-99.13123462622592,19.33729612614818],[-99.13128083915743,19.3370942408399],[-99.13132825223812,19.336881944573662],[-99.13137209541384,19.33668385194477],[-99.13139881759858,19.33659663648991],[-99.13141886799575,19.336526495029364],[-99.13145407207342,19.336375221490226],[-99.13146678143805,19.336377246507407],[-99.131478263704,19.336378937553423],[-99.13148147338453,19.336363189209546],[-99.13156581979983,19.33591712197017],[-99.1317527448374,19.335936725444032],[-99.13180767681702,19.335569863675122],[-99.13184323303426,19.335366875138465],[-99.13196202714575,19.33541165041024],[-99.13206501180657,19.335443916096043],[-99.1321495908855,19.335463753577336],[-99.13222638965578,19.335480906558676],[-99.13226992111616,19.335488978699015],[-99.13232797024982,19.335496719408948],[-99.13239910963375,19.335501428934045],[-99.13251200540715,19.335500447359163],[-99.13260651266657,19.335493746711883],[-99.1326535861841,19.335487371560752],[-99.13275693376426,19.33547227412359],[-99.13283438471142,19.335458635485317],[-99.13281035387925,19.335597928395146],[-99.13280148840576,19.335636566646798],[-99.13278414283592,19.335698382914067],[-99.1327299510681,19.33585359015249],[-99.13267470467811,19.336044411852036],[-99.13265061455712,19.336147882858903],[-99.13263148133989,19.336246658706724],[-99.1326188959428,19.336333497995295],[-99.13262064765757,19.33642337433865],[-99.13262416725685,19.336514921333844],[-99.13263123879481,19.336592536450294],[-99.13264607716663,19.336696014738557],[-99.132668703932,19.33681562185337],[-99.13269345611133,19.3369157509773],[-99.13273095358792,19.337032002129394],[-99.1327709223299,19.337157436510086],[-99.13282993266088,19.337351530260438],[-99.13290754979637,19.337368666090835],[-99.13298381586569,19.337386071467904],[-99.13309287223949,19.337414888577243],[-99.13325139614105,19.337457990900653],[-99.13339243613223,19.33749382134049],[-99.13363678956765,19.337547313966216],[-99.13379313864787,19.33757510964588],[-99.13392625729487,19.337594069565124],[-99.13411321287522,19.337610709503185],[-99.1341922125179,19.337615654609948],[-99.13416924169776,19.337640816674217],[-99.13414299741675,19.337669617633427],[-99.13409734413567,19.337710082896372],[-99.13406316593407,19.33773654352299],[-99.13402899851225,19.337759636491647],[-99.13395573640925,19.337800619637033],[-99.13386415765764,19.337856905117874],[-99.13381385200171,19.337894000988275],[-99.1337709295991,19.33792798179484],[-99.13374134628016,19.337954389832923],[-99.13369605412186,19.33799364375663],[-99.13362794295874,19.338062097796357],[-99.13356998275822,19.338127473204125],[-99.13353525927928,19.338170540586407],[-99.13349479646395,19.338227097182095],[-99.13346636029362,19.33827431878403],[-99.13341494970992,19.338362009711766],[-99.13335041563819,19.338477718197773],[-99.1333010972308,19.338570356637046],[-99.13325704025596,19.338661371811895],[-99.13325665937029,19.338662193165614],[-99.1333569275257,19.33868945549594],[-99.13384716243074,19.338827108029612],[-99.13387503535736,19.33883492402028],[-99.13412151869834,19.338904138030525],[-99.13431579464985,19.338958677863282],[-99.13433228053194,19.33896331354477],[-99.13433252846697,19.338962527793036],[-99.13437043737196,19.33897375039692],[-99.1344007968353,19.33886918773917],[-99.13490921633665,19.3389474052483],[-99.13503213730858,19.338969287631937],[-99.13503290806305,19.33896467398883],[-99.13503912799811,19.338927152004484],[-99.13538017878562,19.338984681415642],[-99.13583871214425,19.339051933950717],[-99.1358430779566,19.339052539157272],[-99.13631495938206,19.339117670899196],[-99.13658971360326,19.339162370551247],[-99.13679786583101,19.339191210232986],[-99.13686912109766,19.339201082550613],[-99.1369871534378,19.33921770791514],[-99.13703154278929,19.339221932490023],[-99.13707544794879,19.33922356502041],[-99.1371077944855,19.339222685183074],[-99.13714199604331,19.339220379636654],[-99.13718324757946,19.33921710779495],[-99.1372266496824,19.33921100148705],[-99.13724030227814,19.339209080763286],[-99.13768070943102,19.33913427423407],[-99.13777241215014,19.339129520737],[-99.138169884324,19.339161405103315],[-99.13985365774647,19.33939660466474],[-99.14002377620344,19.339477014729695],[-99.14049105555969,19.339545042639344],[-99.14144331916822,19.339684022679787],[-99.14189596766344,19.339745471240803],[-99.14205840103315,19.339762306760775],[-99.1423744750625,19.3398109578609],[-99.14316984521167,19.339928732674153]]]}},{"type":"Feature","properties":{"name":"El Caracol","id":"003-041","alc":"Coyoacán","clasif":"Colonia","fuente":"SGIRPC CDMX"},"geometry":{"type":"Polygon","coordinates":[[[-99.16426542499978,19.301546101919946],[-99.16309415481993,19.30137997434765],[-99.16245329669627,19.30129095114262],[-99.16201039132855,19.301203258125874],[-99.1616133413629,19.301102499229916],[-99.16138392331742,19.301788480715974],[-99.16128527123125,19.302056011435653],[-99.1612166219772,19.30221327691374],[-99.16117055547113,19.302299116057004],[-99.16110417086992,19.30240825998742],[-99.16102985414484,19.302529883722077],[-99.16093441173913,19.302650839286425],[-99.16087252769756,19.30271607031986],[-99.1608100157335,19.302780353468407],[-99.16073578524669,19.30285131823001],[-99.16069605455831,19.302886317768284],[-99.16046940781547,19.303069141526368],[-99.16039909667816,19.303121053225343],[-99.16030855458234,19.303179474426454],[-99.16023335481333,19.3032188613326],[-99.1601243415586,19.303271557212],[-99.16005758864819,19.303298753382855],[-99.16001007765114,19.30331623360528],[-99.15994828074611,19.303335673122938],[-99.15988850954201,19.303352330962433],[-99.15984506970986,19.303363445796275],[-99.15977492206594,19.303374098571194],[-99.15963589160603,19.303392668225605],[-99.1595941927089,19.30339303702442],[-99.15952295181529,19.30339196877962],[-99.15940329711776,19.30337830118183],[-99.15918920343273,19.30334826739253],[-99.15902157330913,19.30333523904245],[-99.15911376471176,19.30340830529227],[-99.15929014981612,19.3035519086695],[-99.1594166200317,19.303664771962328],[-99.15945700379532,19.303700216427593],[-99.15964513257536,19.303921397618712],[-99.15993245602407,19.304204076893857],[-99.16030124319427,19.3045804180425],[-99.16067724114131,19.304972516478493],[-99.16099191200215,19.305295171262454],[-99.16127038435033,19.305589604632306],[-99.16137597861703,19.30569979340159],[-99.16176576390703,19.306107917645974],[-99.16186553888731,19.30620723304887],[-99.16222739106358,19.306581963861575],[-99.1623526476552,19.306704694258006],[-99.16268508359911,19.3070335591098],[-99.16286833273055,19.307212864128655],[-99.16315391704084,19.307489451416625],[-99.16325710741586,19.307153643203126],[-99.1635675624831,19.306095703402974],[-99.16368139519928,19.30572760382469],[-99.1637918412668,19.305377103808073],[-99.16391246434821,19.305012723627975],[-99.1641135109021,19.304454253278625],[-99.16419810076081,19.304209593587235],[-99.16425410802385,19.304041282218144],[-99.16421722229997,19.304029606180045],[-99.16420092865732,19.304024440474027],[-99.16411899691354,19.303998378793708],[-99.16398088004026,19.303954427464507],[-99.16375102451524,19.303881298720707],[-99.16369349909938,19.30388118935305],[-99.16369255766499,19.303882020207542],[-99.16359176309683,19.303919078009155],[-99.16338801620724,19.303911895358343],[-99.16338774940762,19.303912626170995],[-99.1633801775081,19.30393295327536],[-99.16328824841351,19.30392947470907],[-99.16323353831777,19.303945737408444],[-99.16313076565935,19.303931422129647],[-99.16310886113949,19.30392541708824],[-99.16306777130004,19.303916584598426],[-99.163072204486,19.303891797160293],[-99.16307847293002,19.3038603187956],[-99.16308656764905,19.303827349973187],[-99.16320562227199,19.30346619481209],[-99.16331006489847,19.30318311239776],[-99.16331346053026,19.303168736857515],[-99.16331430674326,19.303162912372418],[-99.16331456366144,19.30315771103078],[-99.16331424026795,19.303152130715954],[-99.16331300418608,19.303144572449714],[-99.16331156867825,19.303138648769504],[-99.16331019874747,19.303134593672485],[-99.16330673664035,19.303128832772263],[-99.16330327453323,19.303124859912987],[-99.16328137001337,19.30309624277568],[-99.16320393882916,19.302984070060113],[-99.16319832795185,19.302973161219512],[-99.16319519822144,19.302965350295953],[-99.16319258322562,19.302957295201104],[-99.16319180348799,19.30295283484381],[-99.16319088990133,19.302945926842806],[-99.163190624,19.302941799676606],[-99.16319055752469,19.302937031561832],[-99.16319082432432,19.30293443131135],[-99.16319206040612,19.302929284222635],[-99.163228416124,19.302807541242714],[-99.1632404301926,19.30276367352742],[-99.1632461371896,19.302732709570435],[-99.16324883932198,19.302715814279164],[-99.1632498283671,19.302696499316916],[-99.1632501239128,19.302677002919527],[-99.16324904952778,19.302649650646895],[-99.16324685314686,19.30262945988174],[-99.16324225916254,19.302599578562024],[-99.16323687645733,19.302577816784897],[-99.1632299908707,19.302552974883607],[-99.16321954795549,19.302527193596507],[-99.1632062421095,19.30250096974431],[-99.16323844850909,19.302477040931418],[-99.16326318811203,19.30245592856655],[-99.16336159495812,19.302371914858917],[-99.16342759597872,19.30232622421644],[-99.16350697021883,19.30229938820684],[-99.16350968133442,19.302273083775404],[-99.16351261074054,19.302273083775404],[-99.16355692463348,19.30225393154216],[-99.16355734324844,19.302253353329522],[-99.16356160485611,19.302256785301378],[-99.16367069177264,19.302248442760977],[-99.16390405521885,19.302237141331076],[-99.16396477684049,19.30223832488678],[-99.16399516594825,19.30222395858947],[-99.16404069705843,19.302230452037296],[-99.16416269096894,19.30223977296198],[-99.16422249541066,19.301831460176068],[-99.16426542499978,19.301546101919946]]]}},{"type":"Feature","properties":{"name":"El Centinela","id":"003-042","alc":"Coyoacán","clasif":"Colonia","fuente":"SGIRPC CDMX"},"geometry":{"type":"Polygon","coordinates":[[[-99.14239220600953,19.337447437825475],[-99.14219512012778,19.336839725338944],[-99.14209709237072,19.33652329009745],[-99.14205986528707,19.3364069148273],[-99.1419882336263,19.33618402551906],[-99.14191248498658,19.33595424625344],[-99.14142762380355,19.334346542684816],[-99.14139777637995,19.334247596156978],[-99.1408757483003,19.33415324978587],[-99.14046978974196,19.334077032139053],[-99.14017429701414,19.334021129342766],[-99.13978685093713,19.333947847910487],[-99.13934021576439,19.333863351119778],[-99.13932638350563,19.333860738646372],[-99.13885310250492,19.333776136701335],[-99.13880003003796,19.33381957226614],[-99.13860609814118,19.333784776855055],[-99.13851925440936,19.333768734972047],[-99.13851664929504,19.3337594878959],[-99.13851107704534,19.33374121074203],[-99.1384728177974,19.333615894952008],[-99.13845167145564,19.333546604106218],[-99.1383520959013,19.33321681101371],[-99.13830255022012,19.333057613031833],[-99.13829159706185,19.33302063303982],[-99.13777404169406,19.33316495125552],[-99.13755356997049,19.33323256898543],[-99.13742686619297,19.33326814520735],[-99.13733851239316,19.33329345119575],[-99.13728161939132,19.3333094702387],[-99.13722431855425,19.333323503217326],[-99.13716054894886,19.333336550368795],[-99.13703010907807,19.333356305035544],[-99.13695331659599,19.333365367345024],[-99.13696280280539,19.33346122300135],[-99.13696922396306,19.333568148998623],[-99.1369671237019,19.333662494012486],[-99.13696038094739,19.33407155459829],[-99.13695654783604,19.33453955393458],[-99.13695696645101,19.334962195907064],[-99.13696808759418,19.3356944803534],[-99.13696044293116,19.33604128743669],[-99.1369637442398,19.33625254558601],[-99.13707706491626,19.336429796921188],[-99.13714872891637,19.33653543255978],[-99.13718873448921,19.3365841024219],[-99.13721915234306,19.33661694003362],[-99.13732915643949,19.33672218478895],[-99.13739832671638,19.336787871817172],[-99.13751041759924,19.33687373857521],[-99.13774126935589,19.337051396102652],[-99.13794795193984,19.33719938611389],[-99.13812963440937,19.337342233376628],[-99.13820256593237,19.337390898760038],[-99.138285485823,19.337445706103907],[-99.13832924276046,19.33747241513083],[-99.13840091933702,19.337517531422595],[-99.1384709322336,19.337557102467258],[-99.13861594367667,19.337629916080186],[-99.13874846584234,19.3376896701437],[-99.1388576839129,19.3377326791546],[-99.13896493287635,19.33777096428487],[-99.1390255493951,19.33779087607532],[-99.13914058046385,19.337827717670283],[-99.13922039577685,19.33784867034889],[-99.13930851601465,19.337868676217244],[-99.1393835747482,19.337883813271617],[-99.13949131239517,19.337904002224658],[-99.13963071026605,19.337926769678162],[-99.13972864908989,19.33794221611352],[-99.13980908424038,19.33795291071154],[-99.13986076162375,19.337958056697303],[-99.13992077177967,19.337961036130537],[-99.13995869236277,19.33796341713428],[-99.14001829468353,19.337965791356826],[-99.1400587170747,19.337966989063517],[-99.14015540364703,19.337967003473224],[-99.14023209282286,19.337963059432802],[-99.14037963032847,19.337950022822646],[-99.14048006646885,19.33793975204148],[-99.14056946680589,19.337928287790778],[-99.14062218264174,19.337921180378814],[-99.14069720813765,19.337906950296503],[-99.14077472645843,19.33789192597954],[-99.14082932606141,19.337882434170627],[-99.1409326853197,19.337857128893432],[-99.1411856697683,19.337787543175224],[-99.1411954793712,19.337784970603483],[-99.14149241748841,19.337707272137962],[-99.14194294955284,19.337574222170975],[-99.14239220600953,19.337447437825475]]]}},{"type":"Feature","properties":{"name":"El Mirador","id":"003-043","alc":"Coyoacán","clasif":"Colonia","fuente":"SGIRPC CDMX"},"geometry":{"type":"Polygon","coordinates":[[[-99.11058655387468,19.305526618877167],[-99.11056366120803,19.30528040676607],[-99.11055070570497,19.305144192671797],[-99.1105466004041,19.30510383634116],[-99.11054351019958,19.30507336794489],[-99.1105360595726,19.305000140508096],[-99.1105335092555,19.304974927636042],[-99.11052816427954,19.304918569786537],[-99.11052243033312,19.304857903369385],[-99.110515683087,19.30478331341181],[-99.110512016164,19.304742658564244],[-99.11051189309481,19.30474143941886],[-99.11050922060689,19.304712948887474],[-99.11049801861527,19.304593793894348],[-99.11047572961643,19.30435451714619],[-99.11045992286067,19.304209227333693],[-99.1104522153155,19.304136234353205],[-99.11043773806642,19.303999270689904],[-99.11042967927999,19.30392293724254],[-99.11042206605802,19.303850983550458],[-99.11041848178,19.303817868902627],[-99.11039006627091,19.303554678472608],[-99.11038895685154,19.303543905320144],[-99.11038865411933,19.303540889651167],[-99.1103792020459,19.303448951145516],[-99.11037174243579,19.303374369871516],[-99.11036141989484,19.303271296933026],[-99.11035479122636,19.303185518494807],[-99.11034690311985,19.30308362983472],[-99.1103400696355,19.303012732151345],[-99.11032619425761,19.30286897823734],[-99.1103220143966,19.302825605663088],[-99.11031664067453,19.302769960934473],[-99.11029361236226,19.30255000836982],[-99.11029341293624,19.3025481660622],[-99.11029176452773,19.30252945472639],[-99.11027256932671,19.302312303031687],[-99.1102708050355,19.30229654462221],[-99.11026295375991,19.302226125615515],[-99.11025524531648,19.302157079198484],[-99.11024304619491,19.302033110963606],[-99.11021668692953,19.30179355323223],[-99.11019966205826,19.301625705679662],[-99.11019433415034,19.301576029214456],[-99.11019263633445,19.301560289386106],[-99.11017882294027,19.30143148895343],[-99.11017878521105,19.301431020107216],[-99.11017258773393,19.3013634909591],[-99.11016574616472,19.3012887467998],[-99.11016214571701,19.301249510341673],[-99.11015876984823,19.30121844520696],[-99.1101585991683,19.301216937775003],[-99.1101284292495,19.300939514945867],[-99.11010840131023,19.300710614496246],[-99.11010258471873,19.300642968050646],[-99.11008380813267,19.300424886327495],[-99.11007450967118,19.300330952824453],[-99.11006516449726,19.300236404591008],[-99.11006273814772,19.300211959966262],[-99.11005154424097,19.300098745832987],[-99.11004822676259,19.300065279423826],[-99.1100464831326,19.300047300329705],[-99.11003660705438,19.299945094321952],[-99.11002240918131,19.29979389883562],[-99.1097818071106,19.299730225800626],[-99.10951061560779,19.29966117833022],[-99.10950000201272,19.299658466113726],[-99.10948361584359,19.299654207450587],[-99.10946723865763,19.299649949635125],[-99.10935011900588,19.299615535257175],[-99.10927420597443,19.29959724326315],[-99.10920147747073,19.299582988647888],[-99.10912058777265,19.2995734997009],[-99.10901273514133,19.29955807846514],[-99.10886539975662,19.299546346998053],[-99.10874519529017,19.299547528029553],[-99.1084262637199,19.29956922492671],[-99.10820101385734,19.299579329400693],[-99.10733326644574,19.299638439458857],[-99.1073232035179,19.299638942223755],[-99.10731999832896,19.29963909398579],[-99.1073438980071,19.29980099349276],[-99.10734542693973,19.299809409919266],[-99.10735540362924,19.299864144235947],[-99.10737260367199,19.29995862231455],[-99.10737873557215,19.29999224389861],[-99.10739922973704,19.30010475610198],[-99.10741136238323,19.300170418000334],[-99.10741163726772,19.300171934768084],[-99.10743002308665,19.300275380160723],[-99.10744275131593,19.300348627516872],[-99.10742654391154,19.30035099719892],[-99.10746819879128,19.300601243063248],[-99.10747370366737,19.30063427697088],[-99.10747398753499,19.300636020104175],[-99.10749265991649,19.300633849665697],[-99.10751552293874,19.30077133077768],[-99.10751627303205,19.300775873433654],[-99.10753044215899,19.300861113070084],[-99.10756979645329,19.301136010361596],[-99.10756303393585,19.30113704640367],[-99.10756498866986,19.301149508581798],[-99.10757054924147,19.30118507991796],[-99.10757394666987,19.30120673505441],[-99.10758482167473,19.301276243088882],[-99.10760987658632,19.301272160815333],[-99.10763442933968,19.301418437559523],[-99.1076555235792,19.301557164311507],[-99.10763301808633,19.30156046234205],[-99.10764381763268,19.301628434819833],[-99.10765420485231,19.301626948587227],[-99.10765761216219,19.301648351014244],[-99.10766094311526,19.301669338005603],[-99.10767134919953,19.30166776105626],[-99.10768687657922,19.301760043930834],[-99.10766804250096,19.301763262261943],[-99.10768110400521,19.301836246975213],[-99.1077065721418,19.301978677500976],[-99.10770980877176,19.301996747947584],[-99.10774980985308,19.302222359602165],[-99.1077611618633,19.302286341121285],[-99.10779345989106,19.30248052546322],[-99.10782819774309,19.30268884268275],[-99.10785437465043,19.30268454340335],[-99.10788214427083,19.302827425924363],[-99.10785338021542,19.302832238976684],[-99.10789027492248,19.303044448915177],[-99.10790106728227,19.303107572124095],[-99.10790211112463,19.30311364078176],[-99.10790280372575,19.303117731487454],[-99.10791495343994,19.30318874781954],[-99.10791614011443,19.303195647332092],[-99.10792868778233,19.30326901207468],[-99.10795905083897,19.30344796174783],[-99.10799916061636,19.30369008846935],[-99.10800276735226,19.30371181618604],[-99.10801204245756,19.30376124105043],[-99.1080163714389,19.303784350689927],[-99.10801930084507,19.303784089564136],[-99.10802289141122,19.303783769939344],[-99.10805075984632,19.303958267197377],[-99.10804716478853,19.30395857749602],[-99.10804991722657,19.3039738838625],[-99.10806262659119,19.304048756509836],[-99.10806784670133,19.304081239492714],[-99.10807377827717,19.30411821925064],[-99.10807659629218,19.304135739232606],[-99.108086593643,19.304188333079406],[-99.1080954510317,19.30423499479072],[-99.10810037829103,19.304260875850126],[-99.10810846672183,19.30430346466876],[-99.10812600992101,19.30440055228009],[-99.10812700615264,19.30440609779217],[-99.1081461214036,19.304521697217975],[-99.10814901667378,19.30453926209037],[-99.10816172514005,19.304616103086552],[-99.10816199104137,19.304617764787956],[-99.10818498791268,19.30475686186159],[-99.10818578471836,19.30476172063861],[-99.10821051623645,19.304758062355074],[-99.10822139483449,19.30482048122395],[-99.10822323548251,19.304831950340976],[-99.10824595567271,19.304974028114863],[-99.10824734177321,19.304982651987526],[-99.10824932525331,19.3049944907361],[-99.10825732654757,19.305042063607512],[-99.10826342970164,19.305078294536816],[-99.10827774345735,19.305163380174477],[-99.10827802822331,19.30516512325962],[-99.10829445391822,19.305247211866266],[-99.10827379266671,19.305251305062082],[-99.10829129454343,19.30535856998672],[-99.1083021048695,19.305424818151337],[-99.10831034511567,19.305494478693543],[-99.1083765401723,19.3054857497203],[-99.10841735692387,19.30548036278386],[-99.10847181099972,19.305478465401983],[-99.10852066318154,19.305478905411505],[-99.10856100113102,19.305481049503797],[-99.10868603673715,19.305494950919403],[-99.1088146638077,19.305516871695257],[-99.10902532143677,19.305563551679302],[-99.10947084898679,19.30566606616768],[-99.10974210427001,19.3057156990006],[-99.10979331273275,19.305724121905325],[-99.10986863107941,19.305735839364715],[-99.10991470387373,19.30574153319675],[-99.10994469233282,19.305745244869673],[-99.11002764995268,19.305755520218014],[-99.11003792218797,19.305756715617456],[-99.11000679286848,19.30546005282795],[-99.11008163241306,19.305467821242228],[-99.11014864942821,19.305474776613643],[-99.11019078400831,19.30547915127426],[-99.11020995944638,19.30548114360993],[-99.11023275778992,19.305483832839116],[-99.110276405133,19.3054889934122],[-99.11031874902055,19.305493991207104],[-99.11036060781782,19.305498934742534],[-99.11038210360428,19.30550147899733],[-99.11040229593522,19.305503859626185],[-99.11044134929388,19.30550847760525],[-99.11044419336008,19.305508830290943],[-99.11044528660975,19.305508965939286],[-99.11048602341126,19.305514053600657],[-99.11050604416397,19.305516561399706],[-99.11051829538782,19.30551809083488],[-99.11053039299979,19.3055196024662],[-99.11057082527239,19.305524653671725],[-99.11058655387468,19.305526618877167]]]}},{"type":"Feature","properties":{"name":"El Parque De Coyoacan","id":"003-044","alc":"Coyoacán","clasif":"Colonia","fuente":"SGIRPC CDMX"},"geometry":{"type":"Polygon","coordinates":[[[-99.134748224763,19.30853245183193],[-99.13474375654279,19.308520874457667],[-99.1347248371246,19.3084712331504],[-99.13471582522565,19.308443626662736],[-99.13470748975816,19.30841174901855],[-99.13470321467567,19.308384360402318],[-99.13470006338567,19.308352691302332],[-99.13469781130924,19.30829189983854],[-99.13453952096967,19.308312939388006],[-99.13441469467104,19.30832909059136],[-99.13438578688518,19.30833238085524],[-99.13437615155544,19.308333761053525],[-99.13435833526844,19.30833705386059],[-99.1343412511084,19.30834072647652],[-99.13431273319134,19.308347899607142],[-99.13426297460947,19.308361716000277],[-99.13425367165638,19.308364269536145],[-99.133938013547,19.30845336773573],[-99.13359252418371,19.30855240957493],[-99.13342714254324,19.308598424028023],[-99.13313703431716,19.308681303591204],[-99.13280130425109,19.308775280622744],[-99.13230950358252,19.308914874353338],[-99.13178561599027,19.30906402333673],[-99.1314929278027,19.309147378270385],[-99.12901330453073,19.30983619236044],[-99.1280321250515,19.310114330037077],[-99.12714400295096,19.310368462434482],[-99.12616521478705,19.310642002566148],[-99.1259234520929,19.310709222684295],[-99.12593948791906,19.31086869762007],[-99.12594447806046,19.310918417890456],[-99.12594511406769,19.31092466683416],[-99.12594905228188,19.3109638763858],[-99.12605996727,19.311017269182997],[-99.1260890987364,19.311031298989594],[-99.12609901883205,19.311036069411795],[-99.12617063522148,19.311070552599954],[-99.126243736526,19.311102986712857],[-99.1264052203764,19.31118524189365],[-99.12640640884753,19.311185855681085],[-99.12659387826419,19.31127286597554],[-99.12659410643629,19.311272965164875],[-99.12664506516738,19.31129826947313],[-99.12674501442083,19.311347884489116],[-99.12699893581231,19.31147247386233],[-99.12700187420162,19.31147390998699],[-99.12705584947544,19.311499205786383],[-99.12715771124216,19.311546925125548],[-99.12725414179468,19.311595058162844],[-99.12725569228685,19.311595826243213],[-99.12733980603844,19.311636100433738],[-99.1274402610434,19.31168270830616],[-99.12748813855315,19.311706882473317],[-99.12754145626019,19.311734589294602],[-99.12760145114477,19.311762992978068],[-99.1278555360296,19.311884953102677],[-99.12793721444852,19.31192908202759],[-99.12804103723742,19.311974580087146],[-99.12827526306634,19.312087586774645],[-99.12827784123115,19.312088824516113],[-99.12830495687801,19.31210191405599],[-99.12831200416143,19.31210538312286],[-99.12836262153274,19.312130759362642],[-99.12837936073979,19.312138763987274],[-99.12848506549925,19.312189345203333],[-99.12857140617446,19.312230648437374],[-99.12875427352189,19.31231866701841],[-99.1287880762277,19.312334928035845],[-99.12881560060804,19.31234858725524],[-99.12883967276268,19.312360548396672],[-99.1288400536484,19.312360728971036],[-99.12895518353182,19.312417904045898],[-99.12895617257695,19.312418400837128],[-99.12903888944831,19.312459468334257],[-99.12904064924793,19.312460308470513],[-99.12912444140274,19.312500031400198],[-99.12923932424947,19.312554514770234],[-99.12929546805637,19.312581129525796],[-99.12929536385182,19.312581318577507],[-99.12939782569313,19.3126319895198],[-99.12947357163792,19.312667285378225],[-99.12955074410729,19.312703764708786],[-99.12955063002124,19.31270398088886],[-99.1295558043173,19.312706582679507],[-99.1295970819046,19.312727252035653],[-99.12972957891743,19.31279363200958],[-99.129855667349,19.31285293058254],[-99.12985741726723,19.312853762239207],[-99.12986048052232,19.31285519835169],[-99.12993131807238,19.312890140644303],[-99.12993218404831,19.312890556896434],[-99.13009401375011,19.312969484553516],[-99.1301477518687,19.312994508837274],[-99.1301779496353,19.3130085834056],[-99.13018482623879,19.31301178201689],[-99.1303315444809,19.313081197714705],[-99.13052093808888,19.313173929397667],[-99.13052599021404,19.31316729311241],[-99.13055568312741,19.313182776647263],[-99.13060736590069,19.313209741426288],[-99.13060215207877,19.31321668459979],[-99.1306834720699,19.31325413958209],[-99.13069822420346,19.313260924222142],[-99.13069773911323,19.313259307539795],[-99.13071500832625,19.313236862189232],[-99.130751850931,19.313185659887395],[-99.13076827393103,19.313162853379858],[-99.13077212680524,19.313157481108217],[-99.1307892163552,19.313133744600957],[-99.13081811336131,19.313093575054246],[-99.13087966502627,19.31300892166324],[-99.13094262524959,19.312925225353705],[-99.13098517664794,19.312863810787807],[-99.13101241716063,19.312826314175723],[-99.13102709742897,19.312812447293894],[-99.13106131874976,19.312784894100634],[-99.13120877450866,19.31265322858354],[-99.13130816501003,19.312568049349736],[-99.13145133939831,19.312441168451286],[-99.13151656607111,19.312384282472802],[-99.1316434432235,19.312271349746176],[-99.13167155689864,19.312246432170458],[-99.13167920605326,19.312239643249466],[-99.13177525751671,19.31215450788424],[-99.13184915113537,19.312089749431248],[-99.13186711294945,19.31207402248342],[-99.13195508676189,19.311996922183205],[-99.13199048757062,19.31196503505848],[-99.13202067276077,19.311996664461546],[-99.13253862967552,19.31154392232081],[-99.13303371548311,19.311099518472474],[-99.13389929525994,19.310337357490546],[-99.13397840090387,19.31026719034451],[-99.13419265898057,19.3099689385211],[-99.13427923231947,19.30984399532587],[-99.13431079372866,19.309790931932042],[-99.13433694368659,19.309736160243627],[-99.13436941508915,19.309651436444074],[-99.13442087508024,19.30949978534531],[-99.13454124663336,19.30916874664973],[-99.13464387017139,19.308872496986236],[-99.13468647007882,19.30874682385768],[-99.134748224763,19.30853245183193]]]}},{"type":"Feature","properties":{"name":"El Reloj","id":"003-045","alc":"Coyoacán","clasif":"Colonia","fuente":"SGIRPC CDMX"},"geometry":{"type":"Polygon","coordinates":[[[-99.14601788824298,19.31647786311802],[-99.14601323856306,19.316467315469403],[-99.14598849536686,19.316405348656133],[-99.1459214945214,19.31622224733505],[-99.14592101032947,19.316220937566463],[-99.14594117391432,19.31616348152169],[-99.14593730307375,19.316159146991087],[-99.14585585103035,19.3160676716679],[-99.14585631725598,19.31606629916469],[-99.14561006029052,19.315802575715637],[-99.1454767790484,19.315690767770658],[-99.14547661735169,19.31569124590127],[-99.14541304447735,19.31549310129612],[-99.14523532896804,19.315479165125026],[-99.14521164398724,19.315477301769192],[-99.14513144778859,19.315471016546287],[-99.14507947306285,19.315465394264077],[-99.14490533284838,19.315325940070842],[-99.14487796657161,19.315320355932453],[-99.14465905881495,19.31527571248987],[-99.14465438038899,19.315400281067156],[-99.1446437632006,19.315412777763854],[-99.14459081020959,19.31547504251393],[-99.1445690521151,19.315500613213143],[-99.14457549842552,19.3155959350954],[-99.14457897221075,19.315647424877266],[-99.1445811380489,19.315671824807367],[-99.14458328502245,19.315696079768742],[-99.1445818423281,19.315738015385474],[-99.144515600559,19.315802978396288],[-99.14453384713906,19.315923242553925],[-99.14453819049352,19.315951922723137],[-99.1444971267052,19.316016058247154],[-99.14444960313172,19.31622986688241],[-99.1443981045131,19.31636892355944],[-99.14435869901489,19.316475382614925],[-99.14403913952219,19.31636673891809],[-99.14401948258715,19.316333235146104],[-99.14386424023134,19.316278068904015],[-99.14373209266314,19.3162335427121],[-99.14369131992908,19.31632255608754],[-99.14359959744695,19.316294163369214],[-99.1435561189872,19.316278029907618],[-99.14351059596187,19.31625803156812],[-99.14346346585049,19.316232217683986],[-99.14341004843044,19.316210927372744],[-99.1433692819845,19.316191570769337],[-99.14332104784366,19.316169630230814],[-99.14328220289416,19.316148729875067],[-99.14324240662874,19.31612543632619],[-99.14322372616242,19.31611414602827],[-99.14319128260763,19.316098664466633],[-99.14313522953053,19.31607801418729],[-99.14298588461452,19.316031192240104],[-99.14271332318093,19.315944441345827],[-99.14251119775044,19.315877971094285],[-99.1423250416707,19.315819250935625],[-99.14218100579802,19.31576633359844],[-99.14167417811142,19.31555404945953],[-99.14120880048856,19.315379180543758],[-99.14079164443021,19.315246885540848],[-99.14050320078235,19.315159099124962],[-99.14003276025457,19.31500940296646],[-99.1397125773311,19.314911045784694],[-99.13898736650393,19.31700366279073],[-99.1387021073838,19.317921877425082],[-99.13938559775424,19.318100974675982],[-99.13969812253991,19.31818616543824],[-99.13997940032671,19.31826426314809],[-99.14023282854305,19.31832944302309],[-99.14041559168594,19.318377201907463],[-99.14053856296348,19.318410766297493],[-99.14077024745845,19.318469494850287],[-99.14096999864162,19.318523703260084],[-99.14111063349266,19.31856307629756],[-99.14137628418676,19.31863986916427],[-99.1415950607894,19.318696662258354],[-99.1418726033812,19.318769591093123],[-99.14209001993453,19.31882734971014],[-99.14232849569295,19.318891567183798],[-99.14258973565906,19.31895772000554],[-99.1423842577159,19.319730449273024],[-99.14237729038261,19.31975770119969],[-99.14237372047765,19.319775354294716],[-99.14237175945537,19.319786162830088],[-99.14237073986756,19.319795833713528],[-99.14237065273095,19.319806633770217],[-99.142371829524,19.319827989735955],[-99.14237438612929,19.3198426011755],[-99.14237777996442,19.31985727534557],[-99.14238559440906,19.319885982799587],[-99.14239441945844,19.319907268393468],[-99.14240563133147,19.31992629563853],[-99.14241921296025,19.319944682847307],[-99.14242796255115,19.31995476147824],[-99.14244028025033,19.319965328399455],[-99.14245386187909,19.319976454820033],[-99.1424649048689,19.31998387921501],[-99.14248562181594,19.319993227950512],[-99.14250958257954,19.320001349176533],[-99.14254558615778,19.320010817440398],[-99.14262168244555,19.320033077904174],[-99.1428204104476,19.3200814873449],[-99.14293319572818,19.32011068728864],[-99.1428478845223,19.320394327870343],[-99.14281559278274,19.320503334259183],[-99.14278959104684,19.32059460703712],[-99.14278347172315,19.32061750660505],[-99.14278143434407,19.320629759606277],[-99.14278092859254,19.320640243406952],[-99.14278134541085,19.320650321147202],[-99.1427834645366,19.320663622780106],[-99.14278720062988,19.320678622402355],[-99.14279586218588,19.320711844687214],[-99.14280485522018,19.320748932583363],[-99.14281131231041,19.320764094960484],[-99.14281856800297,19.320779031841955],[-99.14284850705474,19.320826019430573],[-99.14288314429548,19.320873115514104],[-99.14290251017636,19.32088698764608],[-99.1429276495296,19.320900211269276],[-99.14295346531422,19.320911177406614],[-99.14297469609767,19.320920372651248],[-99.14298777556823,19.32092408567512],[-99.14300917792984,19.32092956959077],[-99.14302684240162,19.320931829618477],[-99.14304450687335,19.320932481516923],[-99.14306251450152,19.320931833857088],[-99.14307950344018,19.320931194674525],[-99.14310602530067,19.320928841397333],[-99.14314302960213,19.320924430698103],[-99.1431889002755,19.32091572289405],[-99.1434219547012,19.32086447976371],[-99.14347818564471,19.32085400275927],[-99.14351215543724,19.320848526470538],[-99.14355445800224,19.32084465746393],[-99.14359029179897,19.32084369614637],[-99.14361628994155,19.320844503178368],[-99.14367573236225,19.32085241158373],[-99.14373026638822,19.320862902999593],[-99.14375727154227,19.320869190558373],[-99.14378546516747,19.320879515819605],[-99.14382656668494,19.3208967771456],[-99.14385985824937,19.320912105662657],[-99.1439573533055,19.320969846568044],[-99.14408135944224,19.32097131651822],[-99.1442695645791,19.320974400531096],[-99.14445845423224,19.32097974202783],[-99.14452623122213,19.320981041585746],[-99.14458215494177,19.320983829743525],[-99.14463674645991,19.320990645428477],[-99.14467948470788,19.320998948865054],[-99.1447249340714,19.320943582439934],[-99.14479955263046,19.32085388662119],[-99.14482682907573,19.32082494875653],[-99.14484443875024,19.320807333074853],[-99.14485675016121,19.32079601088686],[-99.14488041987065,19.32077677944175],[-99.14489443269075,19.32076599979443],[-99.1449181024002,19.320750361844613],[-99.14494840257468,19.320730770959514],[-99.14499915559165,19.32070165505113],[-99.14526370854449,19.320550505035474],[-99.1453440008629,19.320504135358927],[-99.14545231882153,19.32043870796783],[-99.14548337897078,19.32042127450527],[-99.1455379201833,19.32037674435565],[-99.14563388540842,19.32020512060861],[-99.14583110603752,19.31984758920661],[-99.1458442456952,19.319825711042935],[-99.14585148521807,19.319816672566535],[-99.14586025726682,19.31980762561215],[-99.14587054118014,19.319799129680707],[-99.14588171891724,19.319791138994738],[-99.14591280781262,19.319775791722495],[-99.1459509359065,19.31975899144228],[-99.14596579583797,19.319750305617145],[-99.1459762791773,19.31974235138116],[-99.14598351959853,19.319735119409486],[-99.14599456438494,19.319724636398455],[-99.14600218569178,19.319713783777097],[-99.146009426113,19.319697864280727],[-99.14603706008776,19.319623541345894],[-99.14610947777442,19.31940037142646],[-99.14618114806271,19.319069780035427],[-99.14576016068962,19.318961949343013],[-99.14577732929135,19.318748904698605],[-99.14578381512773,19.318685966399528],[-99.1457933435579,19.318632437078545],[-99.14581049239668,19.3185721360368],[-99.14581140598335,19.318570086214685],[-99.14577056857048,19.318572213180616],[-99.14570246998373,19.31857342459334],[-99.14571218436525,19.318479007285223],[-99.14572347978167,19.3183691128147],[-99.14573619453617,19.31824554682863],[-99.14573858495315,19.318222249339964],[-99.14574833796217,19.318127470693103],[-99.14575242439838,19.31808463284947],[-99.1457831333064,19.31776331984096],[-99.14578489490266,19.31774655072023],[-99.14578809470169,19.317717194370122],[-99.14579316119989,19.317670753527324],[-99.14579781087986,19.31761368456143],[-99.14580228538827,19.317580003019714],[-99.14581979175652,19.317405959427333],[-99.1458327113269,19.317313285248282],[-99.14584595518913,19.317218389933803],[-99.14585715179088,19.317138077422257],[-99.14585966437868,19.317128361451147],[-99.14592335223743,19.31688156830263],[-99.14597327970257,19.31667236546735],[-99.14600695215266,19.316530759878926],[-99.14601357632958,19.316502939424932],[-99.14601788824298,19.31647786311802]]]}},{"type":"Feature","properties":{"name":"El Rosario","id":"003-046","alc":"Coyoacán","clasif":"Colonia","fuente":"SGIRPC CDMX"},"geometry":{"type":"Polygon","coordinates":[[[-99.14493294077202,19.328730521615913],[-99.1449974119617,19.328290286787716],[-99.14516132395829,19.327240869977196],[-99.1451657257032,19.327190663012146],[-99.14516651711898,19.327178978455162],[-99.14516592872245,19.32716973185372],[-99.14516433151785,19.327157856564977],[-99.14516056667848,19.327142956717328],[-99.14515639220737,19.327132020667374],[-99.14515281601429,19.32712297242266],[-99.14514646312858,19.327111557426438],[-99.14514050909484,19.327101750497786],[-99.14513206313454,19.32709081359748],[-99.14488870143929,19.326823648509606],[-99.1447999011768,19.326732597068098],[-99.1447601812682,19.32669412455309],[-99.14470456567066,19.326643955566027],[-99.14460605192495,19.326562483804285],[-99.14455878706629,19.326526276285648],[-99.14451151232619,19.326495351584548],[-99.14424894105683,19.3263365446201],[-99.1440248751738,19.326199585144966],[-99.14353832605639,19.325896683108414],[-99.14339409614759,19.32580392558379],[-99.14315138752751,19.325660208663567],[-99.1429680809039,19.325559246980937],[-99.14291105674802,19.325654009449703],[-99.14282065389109,19.325803364408365],[-99.14265370828372,19.326097766775597],[-99.14250183550851,19.32636215600454],[-99.14229637193844,19.326711068227876],[-99.14223705348527,19.326814571426347],[-99.1422126570388,19.32685451720087],[-99.14220022076198,19.32687131166539],[-99.142175350005,19.326899003200513],[-99.1421332585441,19.326939858527115],[-99.14204381598617,19.327023383207607],[-99.14189553826876,19.327151391233315],[-99.1415884734434,19.327383792070265],[-99.14137611081189,19.32754539199635],[-99.14156325144516,19.327779900469803],[-99.14168538279796,19.32793963255193],[-99.14185022005934,19.32814896252597],[-99.14216361351588,19.328539328562243],[-99.14229985201185,19.328709437224393],[-99.14245773810954,19.328908579630788],[-99.14287082210471,19.32942964062483],[-99.143191762308,19.32983358761055],[-99.14339553435036,19.330091186852126],[-99.14367333296214,19.33044147959885],[-99.14384821069345,19.33065999258644],[-99.14428687062305,19.33120948983265],[-99.14434884539456,19.33116348937434],[-99.14436871163703,19.331145016118242],[-99.1443849531774,19.33112309284565],[-99.14439170940659,19.331110839783754],[-99.1443982653116,19.331096410753243],[-99.14440119651435,19.33108740850238],[-99.14440289073696,19.33108099757711],[-99.14440686039222,19.331062422591298],[-99.14443404610765,19.330942452698046],[-99.14452784369806,19.330603801259556],[-99.14457554783286,19.330423540295136],[-99.1446339814455,19.33017954675104],[-99.14468327200514,19.329943470979828],[-99.1448144538844,19.329323483305753],[-99.14493294077202,19.328730521615913]]]}},{"type":"Feature","properties":{"name":"El Rosedal","id":"003-047","alc":"Coyoacán","clasif":"Colonia","fuente":"SGIRPC CDMX"},"geometry":{"type":"Polygon","coordinates":[[[-99.15592556561505,19.34342556765713],[-99.15587461676536,19.343315190730394],[-99.1558571041089,19.34327831138403],[-99.1558414842027,19.343251915226084],[-99.15582586339825,19.34322986304767],[-99.15580415471109,19.343202013236585],[-99.15559846925711,19.34300964284793],[-99.15538516519122,19.34279991659575],[-99.15488685712671,19.342306880462523],[-99.1547083546932,19.342122006150046],[-99.15428569825036,19.34170619922784],[-99.15423715329241,19.341659971175464],[-99.15386843888572,19.341292964610556],[-99.15356997812414,19.34100199536547],[-99.15287326275607,19.34030680292274],[-99.1527281722613,19.34016351155689],[-99.1524745122796,19.33991806448189],[-99.1521357126702,19.339586699198914],[-99.15162881581321,19.339088172597467],[-99.15160764072535,19.339067085305064],[-99.15088381150706,19.338345830962123],[-99.15079592483123,19.33824645626051],[-99.1506813752595,19.338117208367553],[-99.15065411318727,19.338079767561194],[-99.15061516043987,19.338029846190032],[-99.15054895640007,19.33792584999509],[-99.15040290740285,19.337707220432282],[-99.15033474413744,19.33760183306149],[-99.15019161646154,19.33738181294005],[-99.15013709321538,19.337296762723984],[-99.1499559937524,19.337029132024558],[-99.14978608100962,19.336771218232983],[-99.14975687857641,19.33673007462514],[-99.14967800290117,19.336633933537517],[-99.14963370338126,19.336587713372776],[-99.14956408125178,19.336523919047288],[-99.14949786373725,19.336472613001686],[-99.14929971335194,19.336332086670694],[-99.14895501091276,19.336087546747695],[-99.148167799263,19.335543056010003],[-99.14732137336465,19.336761726358905],[-99.14729166607817,19.336813952850505],[-99.14720870935666,19.336967139104623],[-99.14741837434735,19.337716140097626],[-99.1475383910659,19.338171284808034],[-99.1477459998129,19.338879812771005],[-99.14790009412182,19.339356533118547],[-99.14805669562863,19.3398796145684],[-99.1485764051565,19.341704249714596],[-99.14867500873363,19.34202274902246],[-99.1487771956905,19.342374695290157],[-99.14884559880608,19.34264929644343],[-99.14906517401097,19.34267930690531],[-99.1501239310998,19.342824952414748],[-99.15061882287128,19.342894311369445],[-99.15114293234741,19.342966741178184],[-99.15164350506474,19.343035330445034],[-99.15254481533199,19.34315682901194],[-99.15431230365417,19.34341144231],[-99.1543210658214,19.343412598444147],[-99.15495922001614,19.34349642153213],[-99.1557174574047,19.343600945626264],[-99.15573753115805,19.34360348504977],[-99.1557499485702,19.343581759246625],[-99.1557640395438,19.343562959372573],[-99.1557796630432,19.343542705853864],[-99.15579871092046,19.343521739496747],[-99.1558158462845,19.343503662623],[-99.15583566491631,19.343484862739825],[-99.15586680591396,19.343461151829263],[-99.15589861166491,19.343439942198923],[-99.15592556561505,19.34342556765713]]]}},{"type":"Feature","properties":{"name":"Emiliano Zapata","id":"003-048","alc":"Coyoacán","clasif":"Colonia","fuente":"SGIRPC CDMX"},"geometry":{"type":"Polygon","coordinates":[[[-99.13951484196743,19.328168314322337],[-99.1395106396485,19.328154705590812],[-99.1390502243193,19.326667522268053],[-99.13872216676404,19.325643401359123],[-99.13844308625644,19.324723412635716],[-99.13804310239301,19.323470673742293],[-99.13794588850962,19.32316619160004],[-99.13794421135496,19.323160943422955],[-99.13706996822553,19.323235975130242],[-99.13704597691924,19.322929585198754],[-99.13631587566363,19.322962742599877],[-99.13602609801758,19.32296269343261],[-99.13552616400241,19.322995929664142],[-99.13503226846255,19.323034709921554],[-99.13441857808807,19.323082398766246],[-99.13462865450711,19.32333069910408],[-99.13477274517699,19.323519795935503],[-99.13513218627497,19.323991940271462],[-99.13534438900635,19.32427654982453],[-99.13562250023182,19.32429177714774],[-99.13569582431853,19.324295681676343],[-99.1360924826188,19.32431677087605],[-99.13631870266184,19.324328719273822],[-99.13639387098989,19.32433269585638],[-99.13654528382767,19.32434068547259],[-99.13669968356373,19.32434884717244],[-99.1367097671528,19.324349372749193],[-99.13677378738811,19.324352760176666],[-99.13679635127144,19.324353946963026],[-99.13688459996833,19.324358611880974],[-99.1369004956573,19.324359445174597],[-99.13703913804498,19.324447754768304],[-99.13704821731751,19.324685797522807],[-99.13705059156484,19.324710468216086],[-99.1370563030534,19.3247392027917],[-99.13706443999324,19.324775567531326],[-99.13707072011542,19.324818208649642],[-99.1370724457791,19.324846590562206],[-99.13711043822741,19.32575380125141],[-99.13713973318714,19.32683720479511],[-99.13685636052907,19.32685497495433],[-99.13685979927997,19.326986570539855],[-99.13686235858022,19.327247286139375],[-99.13686028167531,19.327470752204835],[-99.13686137133173,19.3277071146772],[-99.13686386595326,19.328480557006053],[-99.13719396537914,19.328428795770595],[-99.13739497061047,19.328397981628424],[-99.13758427438697,19.328371282985007],[-99.13770514001345,19.328354858264866],[-99.1378550293085,19.328336786493352],[-99.13795466055836,19.328327338208485],[-99.1380716239033,19.32831790263855],[-99.13817472624342,19.328312979289898],[-99.13827089358952,19.328306004545826],[-99.13833327170451,19.328299846968925],[-99.13853616788955,19.32827886593927],[-99.13882798381299,19.32824482209144],[-99.13915027957395,19.32820785711575],[-99.13951484196743,19.328168314322337]]]}},{"type":"Feature","properties":{"name":"Emiliano Zapata Fraccionamiento Popular","id":"003-049","alc":"Coyoacán","clasif":"Colonia","fuente":"SGIRPC CDMX"},"geometry":{"type":"Polygon","coordinates":[[[-99.11364480537743,19.320675767269243],[-99.11354846016492,19.320448452564737],[-99.11316581198982,19.319595866379924],[-99.11302427433196,19.319280820225863],[-99.11284636119335,19.31890819631104],[-99.11257928936439,19.31833363422873],[-99.1123338597473,19.31781871192782],[-99.11224122637353,19.31762417703302],[-99.11217251603408,19.317488777727256],[-99.11211179351415,19.317359720258498],[-99.11201107709947,19.31713112085147],[-99.11196150806208,19.317017219043176],[-99.11187070545479,19.316811640485756],[-99.11168705387814,19.31643552755506],[-99.11153103537788,19.316118263536765],[-99.1113060918409,19.315660849841052],[-99.11111914434541,19.315642109486536],[-99.11042399474088,19.315573267955138],[-99.11005709043948,19.315542976146098],[-99.10972339236261,19.315513371009374],[-99.10952297462943,19.315498037747233],[-99.10906339832674,19.3154525084537],[-99.10874155351999,19.31542099077455],[-99.10835897631188,19.315383357413353],[-99.10806964333187,19.315354106607657],[-99.10787220531056,19.315334528639706],[-99.10773978106123,19.31532141053515],[-99.1077359290853,19.315321057022857],[-99.10731058488314,19.315282839537716],[-99.1071209936458,19.315267028969693],[-99.1070533154706,19.31526190515844],[-99.10699773670392,19.315258482784802],[-99.10693121915207,19.315255697072637],[-99.10685810976271,19.315590210239716],[-99.10678695780231,19.31590436065552],[-99.10675744724689,19.31604540049115],[-99.10674247682269,19.31611921640474],[-99.10669974396463,19.3163110369117],[-99.10667202734487,19.31643417116214],[-99.10700416864138,19.316668158959722],[-99.10734592191145,19.3169184298728],[-99.10751240039484,19.317038602501135],[-99.10753106828473,19.31705208075846],[-99.10778309872255,19.317232691333217],[-99.10779859106798,19.31724387558614],[-99.10790046002116,19.317317440874938],[-99.10791601884188,19.317328353844967],[-99.10807757365922,19.317441688298025],[-99.10848248208703,19.317745661442192],[-99.10859548925143,19.317825288682556],[-99.10878608929684,19.317959553436555],[-99.1090084995848,19.318116241570483],[-99.10935001480127,19.31835683845062],[-99.10972167747873,19.31861867326521],[-99.11007920965677,19.318870533234257],[-99.11037009582382,19.319075452209802],[-99.11053040827113,19.319188377692715],[-99.11091251745704,19.31945756353709],[-99.11103432361963,19.319543982799914],[-99.11133727685598,19.319768607225004],[-99.11161906398753,19.319969313565412],[-99.11166729992505,19.32000366940565],[-99.11177465219475,19.320079039110112],[-99.11195636430872,19.320206598195156],[-99.11206221369699,19.320281173487107],[-99.11226290002642,19.320422535919988],[-99.11254793097451,19.32063007750273],[-99.11277335780511,19.320807133012227],[-99.11280013838038,19.320827241846814],[-99.11319595855242,19.320758161746003],[-99.11364480537743,19.320675767269243]]]}},{"type":"Feature","properties":{"name":"Espartaco","id":"003-050","alc":"Coyoacán","clasif":"Colonia","fuente":"SGIRPC CDMX"},"geometry":{"type":"Polygon","coordinates":[[[-99.1397125773311,19.314911045784694],[-99.13921748433701,19.31475320756666],[-99.13631919763355,19.313878836487735],[-99.13621509367192,19.313847114195237],[-99.13629360103783,19.313619912919258],[-99.13635293116913,19.313451467116046],[-99.13641175554885,19.31328740067744],[-99.13646778347312,19.313123920726092],[-99.13647790029988,19.313094077777656],[-99.13648999611516,19.313059233021395],[-99.13649890560613,19.313027936147076],[-99.13650451289018,19.313003312012768],[-99.13650913023068,19.31297972638516],[-99.13651316905623,19.31294698405857],[-99.13651399820124,19.31293858611101],[-99.13651525135103,19.31289964831734],[-99.13651464768317,19.312875809193198],[-99.13651355892503,19.312848257706207],[-99.13651056843345,19.31281447599412],[-99.13650566542867,19.31278454058287],[-99.13649846094009,19.312753151249627],[-99.13648918403813,19.312719711167073],[-99.13647777453573,19.312689169586505],[-99.13646134524748,19.312651700910585],[-99.13644131012171,19.312612778308285],[-99.13642456462651,19.312584718965297],[-99.13640525084789,19.312557075022838],[-99.13638741928949,19.3125344337419],[-99.13635432445612,19.31249821718092],[-99.1363110993213,19.31245761087844],[-99.1362901955246,19.3124405945134],[-99.13624697847462,19.3124104453965],[-99.13621991942163,19.31239415980152],[-99.13618042858344,19.312375207978654],[-99.13613350059298,19.31235455722897],[-99.13605734321985,19.31232468192494],[-99.13596093602352,19.31228727250919],[-99.13590605524786,19.312265654445987],[-99.13579247046671,19.312222181783916],[-99.13572400806228,19.312194971837087],[-99.13563734129858,19.31216169949839],[-99.13556862197599,19.31213448954152],[-99.1354832290234,19.312102923747744],[-99.13540836432595,19.312077418643003],[-99.13529477864645,19.312042705921876],[-99.13521298883651,19.312019403310327],[-99.13514889044772,19.312004366439485],[-99.13505454488501,19.311981801381172],[-99.13498378818333,19.31196482226857],[-99.13492533031621,19.311950499214106],[-99.13487276988897,19.311933748148054],[-99.13481995344183,19.311915995017255],[-99.13473149723407,19.31188394086619],[-99.13469712409807,19.3118672016621],[-99.13465326924418,19.311844600978603],[-99.13461198177544,19.311822235124207],[-99.1345527477639,19.31178773005255],[-99.13450427107792,19.311755150258946],[-99.13440032072822,19.31167495375124],[-99.13435344484006,19.31163066198582],[-99.13429828648493,19.311572778746957],[-99.13424953940608,19.311516115430226],[-99.13421926079113,19.31147793096644],[-99.13415099421943,19.311376257719814],[-99.13413045513873,19.31133903205359],[-99.13411171448533,19.311303523117743],[-99.13409270882882,19.31126094290419],[-99.13408012971988,19.31123345303242],[-99.13405778682217,19.311181146302992],[-99.13405014305738,19.311161198206243],[-99.1340346075929,19.311124117460274],[-99.13399829319755,19.31101910037429],[-99.13398501699592,19.31095868716121],[-99.1339775798437,19.31090401759678],[-99.13396982468788,19.310822980526957],[-99.13396798224319,19.310763119990682],[-99.13397840090387,19.31026719034451],[-99.13366796020968,19.31116522851888],[-99.13321959847495,19.312405083273447],[-99.13347822434355,19.31247735874412],[-99.13339339014308,19.31275098436294],[-99.1333636370425,19.312841460332514],[-99.13331703514054,19.312983116591486],[-99.13297993873694,19.312888337450275],[-99.13295893882052,19.31291986663862],[-99.13294068774893,19.312953148148345],[-99.13292435817367,19.312989048392705],[-99.13291089152924,19.31302396522387],[-99.13289637744921,19.31306194332009],[-99.13287888365734,19.31311305918898],[-99.1328307716874,19.313250442491345],[-99.13265800499697,19.313747244758886],[-99.13260042837715,19.313931104204986],[-99.13244901913266,19.314361954058302],[-99.13224394093982,19.3149323354175],[-99.13209359440228,19.31536939834355],[-99.13189213642008,19.315902756715506],[-99.13179856969668,19.316148302610546],[-99.13216772517616,19.316309549964714],[-99.13213919019113,19.316393578553438],[-99.13223798780444,19.31642292666376],[-99.13228259544651,19.31644712641023],[-99.13233829368907,19.316474642533183],[-99.13237709102783,19.316488818531383],[-99.13263183078458,19.31657717137449],[-99.13274936635636,19.3166149570551],[-99.13287307515075,19.31665495533996],[-99.13288220652557,19.316657901252007],[-99.1330091582382,19.31669894818596],[-99.13309709432133,19.316727679931514],[-99.13324543761577,19.31677616240956],[-99.13324526603753,19.316776704117842],[-99.13331298014539,19.316799193065137],[-99.13342379542047,19.31681340803136],[-99.13347431397716,19.316820199305607],[-99.13345720196925,19.317003750108302],[-99.13344821881645,19.317116939822526],[-99.13344551309078,19.317184177624238],[-99.1334359963387,19.317674381851067],[-99.13323968210975,19.317667112487346],[-99.13309829177561,19.317661163053394],[-99.13288619414715,19.31905106719916],[-99.13262689094881,19.320765709025398],[-99.13271033006563,19.320883594212724],[-99.13285316848403,19.32107544642798],[-99.13302491019667,19.321297057645296],[-99.1333131112994,19.32130126488163],[-99.13387819293564,19.32131776575786],[-99.13429969145008,19.32133008567638],[-99.13530231012186,19.32135936508288],[-99.13580399225856,19.321368914649167],[-99.13602609801758,19.32296269343261],[-99.13631587566363,19.322962742599877],[-99.13704597691924,19.322929585198754],[-99.13706996822553,19.323235975130242],[-99.13794421135496,19.323160943422955],[-99.13788364334523,19.322971457924226],[-99.1378422732315,19.322803889816132],[-99.13780608460029,19.322659583639314],[-99.13778955470072,19.32258699732151],[-99.1377788324095,19.32254073503475],[-99.13775918086436,19.322425282288098],[-99.13774354928005,19.322327240680405],[-99.13773149658392,19.322224521319306],[-99.13772015984505,19.322101476203034],[-99.13771098085944,19.321935060097942],[-99.1377092228564,19.321763588033576],[-99.13772179118557,19.321482186112284],[-99.13772627108389,19.32142913497341],[-99.13773433256527,19.32135062000228],[-99.13775963181858,19.32115813910107],[-99.13780751202326,19.320920891457323],[-99.13786701463101,19.320698923686034],[-99.13791652797288,19.32053110825521],[-99.13805434570713,19.320092006785206],[-99.13808306933832,19.320006280405135],[-99.1381873224203,19.319643892776643],[-99.13820698744023,19.31957295649595],[-99.13832597109621,19.31917655523104],[-99.13847322653086,19.318716685731616],[-99.1387021073838,19.317921877425082],[-99.13898736650393,19.31700366279073],[-99.1397125773311,19.314911045784694]]]}},{"type":"Feature","properties":{"name":"Ex-Ejido De San Francisco Culhuacan","id":"003-051","alc":"Coyoacán","clasif":"Colonia","fuente":"SGIRPC CDMX"},"geometry":{"type":"Polygon","coordinates":[[[-99.13024558558966,19.329703855816863],[-99.12992148062169,19.32968527897914],[-99.12949964793395,19.329666384260413],[-99.12903812677862,19.329646675769595],[-99.12877160292209,19.329632010107815],[-99.1283031135351,19.329592270150293],[-99.12761942373865,19.3295394522132],[-99.12728275403478,19.32951406850437],[-99.12636792052923,19.329445935542143],[-99.12563261533319,19.329389857386495],[-99.12436207322962,19.329283409287676],[-99.12250862242304,19.329137531302134],[-99.12186304814408,19.32907623133172],[-99.1212114111353,19.329026657300258],[-99.12066249468262,19.32897928383232],[-99.12064957870548,19.32910459978937],[-99.1206356449371,19.32919632296625],[-99.12062207588473,19.329277562845824],[-99.12046201496574,19.330170540211263],[-99.12043528110286,19.330348624629472],[-99.12036664173031,19.330728447157536],[-99.12030457712737,19.33106912596346],[-99.12026851156529,19.331276275113858],[-99.12012172325463,19.332082530589044],[-99.12007887271727,19.332359887004536],[-99.12005172203614,19.332494463621703],[-99.12004136446089,19.332554709513026],[-99.12003921299576,19.33259397151622],[-99.1200408416414,19.332619707373432],[-99.12004389411675,19.332657968272777],[-99.12034915961661,19.332638477991917],[-99.1206055450869,19.332623987217044],[-99.12066437665312,19.33261723813511],[-99.1207095286743,19.332609104821213],[-99.12076422349863,19.332598643827875],[-99.1211486440498,19.33252426912071],[-99.12121728611727,19.332509901246723],[-99.12127131439172,19.332498573088536],[-99.12131125348927,19.332489444613188],[-99.12135547395742,19.332478962420513],[-99.12175701190625,19.332357878890907],[-99.12199272804021,19.332295313720103],[-99.12207225409564,19.332277399202273],[-99.12219777748692,19.332253734980714],[-99.12238943035784,19.33221827551533],[-99.1226488674052,19.332173956258853],[-99.12355568883669,19.332045711432425],[-99.12361773637171,19.332037102550274],[-99.12365658940605,19.332032740467785],[-99.12371062486706,19.332030856956827],[-99.12376322302354,19.33203290152409],[-99.12379512938583,19.332036295573452],[-99.1235817875907,19.333010244123766],[-99.12339431907235,19.333914549485296],[-99.12329527352404,19.334393344125786],[-99.12309679794858,19.335319599293836],[-99.12307858280954,19.335418437520897],[-99.12305055177943,19.33557921067094],[-99.12296267498503,19.33615497254762],[-99.12288838610769,19.33661293153974],[-99.12275231380006,19.337401591698978],[-99.12270189944799,19.33758683075497],[-99.12340086419746,19.33773985862372],[-99.12549844116567,19.338199098181708],[-99.12577923476057,19.338271220688004],[-99.12713083993708,19.338678728736202],[-99.12719828455029,19.338546814538738],[-99.12726454518395,19.338393788273965],[-99.12736157940434,19.338172257042853],[-99.12743388390324,19.338006182802225],[-99.12754129366512,19.337761057975552],[-99.12784093121972,19.337077647469396],[-99.12796313174272,19.33679605323831],[-99.12812443233689,19.336431057364702],[-99.12821289752773,19.336230256817306],[-99.12826523876609,19.33611300402735],[-99.12835078712722,19.33593583456975],[-99.12842057364836,19.335869812378977],[-99.12845205151424,19.33579743367073],[-99.12863007065407,19.335409558417016],[-99.12886689081749,19.334854991098066],[-99.1292732904487,19.333815229727332],[-99.12952842546407,19.333152015981476],[-99.12973108090057,19.332625686778602],[-99.12984982650303,19.332324513176196],[-99.1298904519135,19.332220061542785],[-99.12990238872699,19.332187104374064],[-99.12991165125585,19.33215802949985],[-99.1299157556584,19.33214265202571],[-99.12992216423962,19.33211316178823],[-99.12992680313978,19.332084934565298],[-99.12993233047371,19.33204368636167],[-99.1299397397782,19.331964928125878],[-99.12994237184193,19.331936853457144],[-99.12995205657899,19.331849354889627],[-99.12996552951168,19.331753322820298],[-99.12999749965434,19.33151407820022],[-99.1300745391731,19.33091008270707],[-99.13019326770755,19.33007455631996],[-99.13023036184059,19.329805810957563],[-99.13024558558966,19.329703855816863]]]}},{"type":"Feature","properties":{"name":"Ex Ejido De  Santa Ursula Coapa","id":"003-052","alc":"Coyoacán","clasif":"Colonia","fuente":"SGIRPC CDMX"},"geometry":{"type":"Polygon","coordinates":[[[-99.13469781130924,19.30829189983854],[-99.13462170514008,19.30825109834794],[-99.13375468626214,19.30786633437369],[-99.13277587923363,19.30743659496794],[-99.13241938191483,19.307284696803013],[-99.13226703662578,19.307216770760792],[-99.13219378440422,19.307184772490785],[-99.13167895183004,19.306959897632026],[-99.1311157297065,19.306715046695448],[-99.1308836840888,19.306617105879102],[-99.13055355501852,19.30647218941156],[-99.13026666276117,19.306345259697604],[-99.1300209133439,19.306237328202585],[-99.1297994175409,19.30614138451461],[-99.12953468672161,19.306022450142127],[-99.12908959305791,19.305834569163324],[-99.12835655790457,19.305504737949374],[-99.1278513498804,19.30528886614864],[-99.12761271961168,19.305182170054845],[-99.12756916030355,19.305164019418694],[-99.12726156367552,19.306195574969237],[-99.12668484077155,19.308152184342383],[-99.1264973435071,19.308775118695753],[-99.12601558330847,19.310367346759815],[-99.12595547254125,19.310580949142857],[-99.1259234520929,19.310709222684295],[-99.12616521478705,19.310642002566148],[-99.12714400295096,19.310368462434482],[-99.1280321250515,19.310114330037077],[-99.12901330453073,19.30983619236044],[-99.1314929278027,19.309147378270385],[-99.13178561599027,19.30906402333673],[-99.13230950358252,19.308914874353338],[-99.13280130425109,19.308775280622744],[-99.13313703431716,19.308681303591204],[-99.13342714254324,19.308598424028023],[-99.13359252418371,19.30855240957493],[-99.133938013547,19.30845336773573],[-99.13425367165638,19.308364269536145],[-99.13426297460947,19.308361716000277],[-99.13431273319134,19.308347899607142],[-99.1343412511084,19.30834072647652],[-99.13435833526844,19.30833705386059],[-99.13437615155544,19.308333761053525],[-99.13438578688518,19.30833238085524],[-99.13441469467104,19.30832909059136],[-99.13453952096967,19.308312939388006],[-99.13469781130924,19.30829189983854]]]}},{"type":"Feature","properties":{"name":"Ex Ejido San Pablo Tepetlapa","id":"003-053","alc":"Coyoacán","clasif":"Colonia","fuente":"SGIRPC CDMX"},"geometry":{"type":"Polygon","coordinates":[[[-99.12984364968715,19.32135057761625],[-99.12964496210928,19.32126347858903],[-99.12939150604508,19.321152375445084],[-99.12919359730653,19.321067452413512],[-99.12919187613444,19.321066711504862],[-99.12893668991508,19.320953195609846],[-99.12844605346308,19.32074032734444],[-99.12834100806698,19.320694676591245],[-99.12818185175148,19.320623883184364],[-99.12774217133571,19.32043094365568],[-99.12735278938923,19.320257736413726],[-99.12710677407064,19.32015158839424],[-99.12620083747962,19.319747773452338],[-99.12572036726172,19.31953649819602],[-99.12523917569658,19.31932337885255],[-99.12538650658969,19.319090246826715],[-99.12479443507083,19.31882199118842],[-99.12476239126629,19.318809233650434],[-99.12473494054784,19.31880100978944],[-99.1246948190923,19.318792358670414],[-99.12466103255616,19.318787420623337],[-99.12459533247122,19.31878029033731],[-99.12453715577678,19.318774226499876],[-99.12446091575866,19.31876433853612],[-99.12437992185595,19.3187499355427],[-99.1243214433276,19.31873552746159],[-99.12417556231536,19.318690921404354],[-99.12324948100414,19.318299376374892],[-99.12173029151812,19.317652916245578],[-99.12134450912107,19.31747698735674],[-99.12107051307795,19.31735014587339],[-99.12091329622513,19.317272384280006],[-99.12081584518648,19.317227119128308],[-99.12076950649082,19.317207169226098],[-99.1206967456478,19.317179799038065],[-99.12065927961224,19.31716848422841],[-99.12064043744913,19.317162411005988],[-99.12062971785284,19.31715953631333],[-99.12061076968857,19.31715705751616],[-99.12059798486543,19.317156648056816],[-99.12058088184072,19.31715695070064],[-99.12053697308798,19.317158221465764],[-99.12038530692526,19.31716398950137],[-99.12013319833409,19.317176269889096],[-99.11964632402646,19.317193003463142],[-99.11523105230275,19.317352031249033],[-99.11265938315516,19.31746782837122],[-99.11234966740136,19.317479656042863],[-99.11217251603408,19.317488777727256],[-99.11224122637353,19.31762417703302],[-99.1123338597473,19.31781871192782],[-99.11257928936439,19.31833363422873],[-99.11284636119335,19.31890819631104],[-99.11302427433196,19.319280820225863],[-99.11316581198982,19.319595866379924],[-99.11354846016492,19.320448452564737],[-99.11364480537743,19.320675767269243],[-99.11483220480815,19.32044009908432],[-99.11544027442397,19.320314726465586],[-99.11544493578202,19.32031387874011],[-99.11646781685334,19.320122084971743],[-99.11679820553674,19.32005827912919],[-99.11718924667144,19.319987987301136],[-99.11726573103138,19.319974616099593],[-99.11741102095222,19.31995646964882],[-99.11770432538404,19.31993565285454],[-99.11785957312973,19.319923955062958],[-99.11833128297698,19.3198438761583],[-99.1192689327925,19.319661769684313],[-99.11939022961032,19.31964879773642],[-99.11945449867902,19.319641021518578],[-99.11960748985678,19.319633186807035],[-99.11977587815845,19.319638233337844],[-99.11995242316291,19.319657882847363],[-99.12029105029576,19.319719536463385],[-99.12040965486274,19.31974180713946],[-99.12057625641532,19.3197743573662],[-99.1219209589372,19.32001841392258],[-99.12208739879306,19.320054385519796],[-99.12228025450811,19.32009207036471],[-99.12240521196075,19.32012034628472],[-99.12254323630754,19.320166026868705],[-99.12266600995574,19.320215577309316],[-99.12282010246798,19.320289453223488],[-99.12290044149877,19.32033676308841],[-99.12360794114183,19.320818901949416],[-99.12387789566452,19.32100701663474],[-99.12463653639665,19.321543443155235],[-99.1249885798683,19.321797160205225],[-99.12513032234205,19.321891927399026],[-99.12539621198806,19.322066990255504],[-99.12580118958614,19.322345965857185],[-99.12630443299479,19.322706142591983],[-99.1266738588672,19.322970650902622],[-99.127038750044,19.323226534179835],[-99.12729222946439,19.3234035877239],[-99.12754571966451,19.323582806971284],[-99.12805497459907,19.323933697743747],[-99.12846419224527,19.32422303420277],[-99.12857071447168,19.323984572854712],[-99.12857794680806,19.323969602358012],[-99.12894590124002,19.32321525454504],[-99.12894595873219,19.32321511891138],[-99.12900902854996,19.323084846108344],[-99.12952113473723,19.3220269627773],[-99.12952513224023,19.322018782311783],[-99.12980623844884,19.321430973677515],[-99.12984364968715,19.32135057761625]]]}},{"type":"Feature","properties":{"name":"Ex Hacienda Coapa","id":"003-054","alc":"Coyoacán","clasif":"Colonia","fuente":"SGIRPC CDMX"},"geometry":{"type":"Polygon","coordinates":[[[-99.14148744351667,19.309791062490135],[-99.14015470835102,19.309228589118362],[-99.13922712864989,19.308839689405403],[-99.13910053536512,19.30878374745469],[-99.13903679270916,19.308752430262977],[-99.13897569469347,19.30871736585274],[-99.13893261957726,19.308690025611487],[-99.13881636140982,19.308604656104663],[-99.13875702409204,19.308568336938936],[-99.13869943579412,19.308530347625553],[-99.13860273934031,19.308474400482257],[-99.13856141414229,19.308451439868094],[-99.13851350698819,19.308428892970866],[-99.13843262447665,19.308392154959115],[-99.13835661173226,19.308360095878417],[-99.13774835257188,19.30813302940642],[-99.13764275830519,19.308096657573],[-99.13760712034123,19.308084389220063],[-99.13756728634661,19.308075857919935],[-99.13753223588085,19.30807123831782],[-99.13746812761056,19.30806557508734],[-99.13739780749013,19.308062566284036],[-99.13731978162119,19.30806814304013],[-99.1352928050478,19.30828047250576],[-99.13513864516192,19.308293277493767],[-99.13493311242154,19.308300944039026],[-99.13477619650432,19.308297657165717],[-99.13469781130924,19.30829189983854],[-99.13470006338567,19.308352691302332],[-99.13470321467567,19.308384360402318],[-99.13470748975816,19.30841174901855],[-99.13471582522565,19.308443626662736],[-99.1347248371246,19.3084712331504],[-99.13474375654279,19.308520874457667],[-99.134748224763,19.30853245183193],[-99.13468647007882,19.30874682385768],[-99.13464387017139,19.308872496986236],[-99.13454124663336,19.30916874664973],[-99.13442087508024,19.30949978534531],[-99.13436941508915,19.309651436444074],[-99.13433694368659,19.309736160243627],[-99.13431079372866,19.309790931932042],[-99.13427923231947,19.30984399532587],[-99.13419265898057,19.3099689385211],[-99.13397840090387,19.31026719034451],[-99.13396798224319,19.310763119990682],[-99.13396982468788,19.310822980526957],[-99.1339775798437,19.31090401759678],[-99.13398501699592,19.31095868716121],[-99.13399829319755,19.31101910037429],[-99.1340346075929,19.311124117460274],[-99.13405014305738,19.311161198206243],[-99.13405778682217,19.311181146302992],[-99.13408012971988,19.31123345303242],[-99.13409270882882,19.31126094290419],[-99.13411171448533,19.311303523117743],[-99.13413045513873,19.31133903205359],[-99.13415099421943,19.311376257719814],[-99.13421926079113,19.31147793096644],[-99.13424953940608,19.311516115430226],[-99.13429828648493,19.311572778746957],[-99.13435344484006,19.31163066198582],[-99.13440032072822,19.31167495375124],[-99.13450427107792,19.311755150258946],[-99.1345527477639,19.31178773005255],[-99.13461198177544,19.311822235124207],[-99.13465326924418,19.311844600978603],[-99.13469712409807,19.3118672016621],[-99.13473149723407,19.31188394086619],[-99.13481995344183,19.311915995017255],[-99.13487276988897,19.311933748148054],[-99.13492533031621,19.311950499214106],[-99.13498378818333,19.31196482226857],[-99.13505454488501,19.311981801381172],[-99.13514889044772,19.312004366439485],[-99.13521298883651,19.312019403310327],[-99.13529477864645,19.312042705921876],[-99.13540836432595,19.312077418643003],[-99.1354832290234,19.312102923747744],[-99.13556862197599,19.31213448954152],[-99.13563734129858,19.31216169949839],[-99.13572400806228,19.312194971837087],[-99.13579247046671,19.312222181783916],[-99.13590605524786,19.312265654445987],[-99.13596093602352,19.31228727250919],[-99.13605734321985,19.31232468192494],[-99.13613350059298,19.31235455722897],[-99.13618042858344,19.312375207978654],[-99.13621991942163,19.31239415980152],[-99.13624697847462,19.3124104453965],[-99.1362901955246,19.3124405945134],[-99.1363110993213,19.31245761087844],[-99.13635432445612,19.31249821718092],[-99.13638741928949,19.3125344337419],[-99.13640525084789,19.312557075022838],[-99.13642456462651,19.312584718965297],[-99.13644131012171,19.312612778308285],[-99.13646134524748,19.312651700910585],[-99.13647777453573,19.312689169586505],[-99.13648918403813,19.312719711167073],[-99.13649846094009,19.312753151249627],[-99.13650566542867,19.31278454058287],[-99.13651056843345,19.31281447599412],[-99.13651355892503,19.312848257706207],[-99.13651464768317,19.312875809193198],[-99.13651525135103,19.31289964831734],[-99.13651399820124,19.31293858611101],[-99.13651316905623,19.31294698405857],[-99.13650913023068,19.31297972638516],[-99.13650451289018,19.313003312012768],[-99.13649890560613,19.313027936147076],[-99.13648999611516,19.313059233021395],[-99.13647790029988,19.313094077777656],[-99.13646778347312,19.313123920726092],[-99.13641175554885,19.31328740067744],[-99.13635293116913,19.313451467116046],[-99.13629360103783,19.313619912919258],[-99.13621509367192,19.313847114195237],[-99.13631919763355,19.313878836487735],[-99.13921748433701,19.31475320756666],[-99.1397125773311,19.314911045784694],[-99.14148744351667,19.309791062490135]]]}},{"type":"Feature","properties":{"name":"Haciendas De Coyoacan","id":"003-055","alc":"Coyoacán","clasif":"Colonia","fuente":"SGIRPC CDMX"},"geometry":{"type":"Polygon","coordinates":[[[-99.11427595450951,19.30624203178862],[-99.11427210343187,19.305790653087275],[-99.11427060055044,19.305224621289298],[-99.11426250223812,19.304521709087272],[-99.11425816517192,19.30374755907068],[-99.11425172874293,19.303054616760516],[-99.11424407150346,19.302280249541834],[-99.11424471200226,19.301584320071964],[-99.11424470391741,19.301580860955678],[-99.11424264857203,19.3007791977625],[-99.11402158216382,19.3007292514314],[-99.11395266341519,19.30071217534595],[-99.11378534860025,19.300670714050657],[-99.11363097940688,19.30063826854279],[-99.11292386514114,19.300467899211124],[-99.11244473161634,19.30034930069314],[-99.11196865775341,19.30024228683266],[-99.11153606055362,19.30013575531746],[-99.11148285872922,19.300123656781246],[-99.11147377586336,19.300121549923276],[-99.11132601018565,19.300086351401323],[-99.11027351615103,19.29986034849409],[-99.11002241187627,19.299793899683443],[-99.11003660705438,19.299945094321952],[-99.1100464831326,19.300047300329705],[-99.11004822676259,19.300065279423826],[-99.11005154424097,19.300098745832987],[-99.11006273814772,19.300211959966262],[-99.11006516449726,19.300236404591008],[-99.11007450967118,19.300330952824453],[-99.11008380813267,19.300424886327495],[-99.11010258471873,19.300642968050646],[-99.11010840131023,19.300710614496246],[-99.1101284292495,19.300939514945867],[-99.1101585991683,19.301216937775003],[-99.11015876984823,19.30121844520696],[-99.11016214571701,19.301249510341673],[-99.11016574616472,19.3012887467998],[-99.11017258773393,19.3013634909591],[-99.11017878521105,19.301431020107216],[-99.11017882294027,19.30143148895343],[-99.11019263633445,19.301560289386106],[-99.11019433415034,19.301576029214456],[-99.11019966205826,19.301625705679662],[-99.11021668692953,19.30179355323223],[-99.11024304619491,19.302033110963606],[-99.11025524531648,19.302157079198484],[-99.11026295375991,19.302226125615515],[-99.1102708050355,19.30229654462221],[-99.11027256932671,19.302312303031687],[-99.11029176452773,19.30252945472639],[-99.11029341293624,19.3025481660622],[-99.11029361236226,19.30255000836982],[-99.11031664067453,19.302769960934473],[-99.1103220143966,19.302825605663088],[-99.11032619425761,19.30286897823734],[-99.1103400696355,19.303012732151345],[-99.11034690311985,19.30308362983472],[-99.11035479122636,19.303185518494807],[-99.11036141989484,19.303271296933026],[-99.11037174243579,19.303374369871516],[-99.1103792020459,19.303448951145516],[-99.11038865411933,19.303540889651167],[-99.11038895685154,19.303543905320144],[-99.11039006627091,19.303554678472608],[-99.11041848178,19.303817868902627],[-99.11042206605802,19.303850983550458],[-99.11042967927999,19.30392293724254],[-99.11043773806642,19.303999270689904],[-99.1104522153155,19.304136234353205],[-99.11045992286067,19.304209227333693],[-99.11047572961643,19.30435451714619],[-99.11049801861527,19.304593793894348],[-99.11050922060689,19.304712948887474],[-99.11051189309481,19.30474143941886],[-99.110512016164,19.304742658564244],[-99.110515683087,19.30478331341181],[-99.11052243033312,19.304857903369385],[-99.11052816427954,19.304918569786537],[-99.1105335092555,19.304974927636042],[-99.1105360595726,19.305000140508096],[-99.11054351019958,19.30507336794489],[-99.1105466004041,19.30510383634116],[-99.11055070570497,19.305144192671797],[-99.11056366120803,19.30528040676607],[-99.11058655387468,19.305526618877167],[-99.11057082527239,19.305524653671725],[-99.11053039299979,19.3055196024662],[-99.11051829538782,19.30551809083488],[-99.11050604416397,19.305516561399706],[-99.11048602341126,19.305514053600657],[-99.11044528660975,19.305508965939286],[-99.11044419336008,19.305508830290943],[-99.11044134929388,19.30550847760525],[-99.11040229593522,19.305503859626185],[-99.11038210360428,19.30550147899733],[-99.11036060781782,19.305498934742534],[-99.11031874902055,19.305493991207104],[-99.110276405133,19.3054889934122],[-99.11023275778992,19.305483832839116],[-99.11020995944638,19.30548114360993],[-99.11019078400831,19.30547915127426],[-99.11014864942821,19.305474776613643],[-99.11008163241306,19.305467821242228],[-99.11000679286848,19.30546005282795],[-99.11003792218797,19.305756715617456],[-99.11033978127628,19.305792071458054],[-99.11061360663948,19.30582160120511],[-99.11068029576953,19.3058287930979],[-99.1110088644662,19.30586421081238],[-99.11100933069181,19.305864265071616],[-99.11139038256061,19.305906452463166],[-99.11197330294176,19.305970714858557],[-99.11249543522592,19.306032283769422],[-99.11254837384395,19.30603851763946],[-99.1127832949688,19.30606617794445],[-99.11335405036436,19.306133421138437],[-99.11391368731167,19.306199350216897],[-99.11427595450951,19.30624203178862]]]}},{"type":"Feature","properties":{"name":"Hermosillo","id":"003-056","alc":"Coyoacán","clasif":"Colonia","fuente":"SGIRPC CDMX"},"geometry":{"type":"Polygon","coordinates":[[[-99.12892216056366,19.344466234933357],[-99.12891579689821,19.34445981351457],[-99.12890836783079,19.344453888789268],[-99.12890035845173,19.34444915494197],[-99.12889349981452,19.344445947622717],[-99.12888522363582,19.344442939489365],[-99.12887747027662,19.344441122234514],[-99.12885824273629,19.344438328543966],[-99.12882298565799,19.344434772013003],[-99.12878078280592,19.344430880679997],[-99.12858058426171,19.344419343144025],[-99.12813640598127,19.344390706114865],[-99.12736769333813,19.344344416948015],[-99.12684531311892,19.344308805845248],[-99.12686689065207,19.345171955456163],[-99.12687783572548,19.34558810699572],[-99.12689283579412,19.345875572592274],[-99.12691794190968,19.34690248315802],[-99.12693419692474,19.34743356959505],[-99.12695785226111,19.348284808584275],[-99.12696983848194,19.348802033476343],[-99.12697028135139,19.34882062678552],[-99.12697072601742,19.348829584832078],[-99.12697179052107,19.348834235489644],[-99.12697303648439,19.34883710708211],[-99.1269753469513,19.348841252583256],[-99.12697944596394,19.348846996615368],[-99.12702026002052,19.348895902670805],[-99.12732290333805,19.349262081856384],[-99.12775266006493,19.349779396883363],[-99.12778400138689,19.349812868367238],[-99.1277989547431,19.349826399012027],[-99.12782031937553,19.349841275600305],[-99.127847735958,19.34985615388243],[-99.12790792667529,19.34988253456334],[-99.1279584614016,19.349901915143743],[-99.12801673331745,19.34813776604847],[-99.1280871917784,19.346126169150708],[-99.12889955805281,19.346192935616287],[-99.12890316209369,19.345992813284393],[-99.12893010975564,19.344940106294313],[-99.12893863386935,19.344653332386038],[-99.12894350543314,19.34456816136126],[-99.12894458880139,19.344530642360105],[-99.12894316676825,19.344511706131833],[-99.1289392501136,19.344496155215545],[-99.12893142399086,19.344480775513144],[-99.12892216056366,19.344466234933357]]]}},{"type":"Feature","properties":{"name":"Huayamilpas","id":"003-057","alc":"Coyoacán","clasif":"Colonia","fuente":"SGIRPC CDMX"},"geometry":{"type":"Polygon","coordinates":[[[-99.15378851936819,19.327279393224785],[-99.15393580265057,19.327102776203006],[-99.15407319997327,19.326941418278775],[-99.15365935869832,19.32660734032528],[-99.15350025718001,19.326476095379366],[-99.15329556346614,19.326313701801343],[-99.1526842796782,19.325828353667042],[-99.1519558403059,19.32524188538777],[-99.1518271764044,19.32538827886227],[-99.15144704171551,19.32583157830593],[-99.15136305013475,19.326066262169494],[-99.15134022304505,19.32612692410713],[-99.15131891859974,19.326180361965065],[-99.1512776437074,19.326270776248034],[-99.15125322839631,19.326325758557907],[-99.15123800374887,19.326371973149858],[-99.15123039950997,19.326403026723803],[-99.15121771529819,19.32644419327796],[-99.15117763875841,19.32653133023276],[-99.15108557401817,19.326724628761227],[-99.15098234860888,19.326933331305305],[-99.15071102505374,19.326809569197],[-99.14985903499053,19.32641277520352],[-99.14981630482743,19.326394114917445],[-99.14981294692487,19.32639260686995],[-99.14980990343271,19.326392064345878],[-99.14980540377144,19.326391648975694],[-99.14979981894527,19.32639200924566],[-99.14979450181715,19.326392966292207],[-99.1497887939218,19.326395222853503],[-99.14978308512822,19.326398825552698],[-99.14977617888027,19.32640476703932],[-99.14977085097236,19.32641078057983],[-99.14976375338325,19.326421615802513],[-99.14957343181563,19.32676270793995],[-99.14951620823368,19.32688571055218],[-99.1494624359791,19.32703303077509],[-99.14938500748983,19.32723620853222],[-99.14891399653185,19.326963166640667],[-99.14842967793126,19.32669269534367],[-99.14836990403221,19.326818441986934],[-99.14830258338657,19.326968722407326],[-99.148392446356,19.32701487493589],[-99.14845685466354,19.327049548026395],[-99.14853140225573,19.32709336938373],[-99.14868607058804,19.32719208289258],[-99.14874745336972,19.327232101476145],[-99.14881234586925,19.32727442237432],[-99.14887117833382,19.327314864782345],[-99.14891529639407,19.3273490571695],[-99.14897056973348,19.32740202331278],[-99.14904536975226,19.327487482181574],[-99.1491485825851,19.327598976887995],[-99.14904819495382,19.327755611699146],[-99.14904614948995,19.327759277944857],[-99.14904503647725,19.327762311816247],[-99.14904465559158,19.327765318561468],[-99.14904463582864,19.327768126947895],[-99.14904481639002,19.327771414277343],[-99.14904574794296,19.327776877618827],[-99.14904822010665,19.32778702697232],[-99.14904878155369,19.32778935726316],[-99.14905044613188,19.327794143302267],[-99.14905367018548,19.327800753562965],[-99.14905711342793,19.32780558537678],[-99.1490604704322,19.327808926109753],[-99.14906659694239,19.327813640942654],[-99.14907415896047,19.327818228622384],[-99.14922509119958,19.32791100873849],[-99.14939794053494,19.328007881427858],[-99.14951345938893,19.328068565532025],[-99.14954563344914,19.32814695859902],[-99.14951741646775,19.328340244195758],[-99.14950606805078,19.328430498766565],[-99.14950559194365,19.32843424552705],[-99.14949916539615,19.328485373541447],[-99.14949486156759,19.328519605524665],[-99.14949991279444,19.32852449156906],[-99.1495474067235,19.328570369008858],[-99.1495773403854,19.328598373898615],[-99.14963382375551,19.32865074456393],[-99.14965562496913,19.32867095585038],[-99.1496731178627,19.328687175399683],[-99.14971323033502,19.328724364902644],[-99.14973950246385,19.328748729820706],[-99.14974502889947,19.328753859990535],[-99.14977234756559,19.328780266121314],[-99.14979972372386,19.328807828485356],[-99.14982570120526,19.328832528225064],[-99.14982715647604,19.32883390994561],[-99.14993086697555,19.32892747019874],[-99.14998774021451,19.32897876674718],[-99.14997022126985,19.329027012478182],[-99.14995722264771,19.329063167734123],[-99.14994834459777,19.32908866764512],[-99.14991754226497,19.329177078099317],[-99.14991831301951,19.32917776471979],[-99.14986877542317,19.3293013631272],[-99.14986042019267,19.329323485848747],[-99.14985152866798,19.329389070740913],[-99.14984900260544,19.329407699320647],[-99.14984724550072,19.329420660321613],[-99.14988963969394,19.32941762648115],[-99.14989344944908,19.329416399043076],[-99.14993008544127,19.32940460020871],[-99.15001107215741,19.32938390159786],[-99.15005967460753,19.32938191040117],[-99.15005860740901,19.329394751033895],[-99.15005932875616,19.329413488963453],[-99.15006471864784,19.32944999761556],[-99.15009691965756,19.329645500889107],[-99.15013610327195,19.329839795142608],[-99.15023681968663,19.329826602759326],[-99.15036061471929,19.329812653400126],[-99.1504545192092,19.329802791534682],[-99.15028347009763,19.330131560748868],[-99.15016799795609,19.33034381069198],[-99.15016054732911,19.330359079833322],[-99.15015606563412,19.330369896993],[-99.15015223072619,19.33038425488315],[-99.15021935374256,19.33039720054851],[-99.15052271930556,19.33046792444984],[-99.1506256006601,19.330491068459075],[-99.15083374300636,19.330538115134562],[-99.15085197162013,19.330517500586957],[-99.15099135421961,19.33035994785088],[-99.15128654780854,19.330026240541326],[-99.15134807521893,19.32995615390069],[-99.15139381922982,19.32990402778462],[-99.15159608749245,19.329673597143668],[-99.15170631706604,19.329548784295945],[-99.15170664045955,19.32954832400706],[-99.15196689856705,19.329760397543673],[-99.15203543463333,19.32982020873804],[-99.15204351048772,19.32982727157579],[-99.15204494779218,19.329825239696042],[-99.15205089284272,19.329830107052427],[-99.15218496999216,19.329939715777158],[-99.152191180944,19.329944800135017],[-99.1522259152028,19.32992814246234],[-99.15221750697175,19.329908700173274],[-99.15225661692426,19.329891356727153],[-99.1522759962799,19.32987018263179],[-99.15237005438173,19.329739750686198],[-99.1523881787909,19.32971463063609],[-99.15247119929283,19.32959949490428],[-99.15249340564665,19.329568514838297],[-99.15272307791531,19.32924794748208],[-99.15281373769041,19.329125443388882],[-99.15275750045872,19.32908093934654],[-99.15279093216033,19.329049580269146],[-99.15281522080896,19.329023296247826],[-99.15290810571102,19.328910870064544],[-99.15324682357377,19.32847533019177],[-99.1536048049094,19.328017063557763],[-99.15362460287999,19.327989432397686],[-99.15364434515497,19.327957296630572],[-99.15365315583125,19.32794086254423],[-99.15366015819893,19.327925755084845],[-99.1536685511586,19.327894656873024],[-99.15367319634696,19.327862672823073],[-99.15367411981507,19.32784534357033],[-99.15367289541129,19.327817775110095],[-99.15366970190051,19.327775315331998],[-99.15366332835353,19.32765863798546],[-99.15365949973379,19.32759554460045],[-99.1536599210437,19.32756137515246],[-99.15366269234633,19.327516079791],[-99.15366781364175,19.3274784704072],[-99.15367675816701,19.327442070666258],[-99.15368177256295,19.327427406501997],[-99.15368604495048,19.327417519061964],[-99.15369151569054,19.32740480457939],[-99.15369912711591,19.327391522144495],[-99.15372192276456,19.32736119183708],[-99.15375345183443,19.327321958245275],[-99.15378851936819,19.327279393224785]]]}},{"type":"Feature","properties":{"name":"Insurgentes Cuicuilco","id":"003-058","alc":"Coyoacán","clasif":"Colonia","fuente":"SGIRPC CDMX"},"geometry":{"type":"Polygon","coordinates":[[[-99.19392050585287,19.31015202989015],[-99.19389712450266,19.310029667473604],[-99.19387698696893,19.30985196784684],[-99.19383066713793,19.309466670145692],[-99.19377888285506,19.30905396777221],[-99.19376048895133,19.308893994264757],[-99.19373539181892,19.30869317767897],[-99.19369591984533,19.308359586358073],[-99.19365336665032,19.308027945119715],[-99.1936173244445,19.307726354851113],[-99.19360477048838,19.30762090405722],[-99.19359815080307,19.307565225352665],[-99.19355416569346,19.30719927908613],[-99.1935359056387,19.307040940007422],[-99.19352046539564,19.306907648881133],[-99.19351531265912,19.30686323967643],[-99.19338163615834,19.30578527803018],[-99.19291868937667,19.302104304112927],[-99.19286684311002,19.30210994041968],[-99.19258444332746,19.302140935863925],[-99.19224407256459,19.302177691388255],[-99.191972753501,19.302208024672794],[-99.19148391098467,19.302262914185746],[-99.1909836257282,19.302315292440884],[-99.19029792640046,19.30239012430424],[-99.18912811867793,19.302517199520864],[-99.18869647548895,19.302564813807923],[-99.18862241119044,19.302572976594938],[-99.18841782168109,19.302594573896155],[-99.18820940984023,19.302621544660195],[-99.18818994065309,19.302624057590485],[-99.18817444651103,19.302626063526056],[-99.18783892395582,19.302662810463296],[-99.18708746705096,19.30271967693222],[-99.18598370436642,19.302866979087238],[-99.18597290032847,19.3028682084204],[-99.18588931388791,19.302877932869126],[-99.1856925711626,19.302900059167158],[-99.18556071554687,19.3029146661847],[-99.18536005347198,19.302936800955944],[-99.18520233625752,19.30295384798335],[-99.18466129982657,19.30301315775447],[-99.18429922935972,19.303053430667454],[-99.18407431367046,19.303078213145703],[-99.18391775618102,19.30309591806252],[-99.1838700089271,19.303101123645227],[-99.18377181318506,19.303111851892712],[-99.18321992330878,19.30317160925267],[-99.18282505714753,19.30321498003946],[-99.18230780720694,19.30327294423545],[-99.18202146651518,19.303303490118097],[-99.18178731344983,19.30332784610825],[-99.18156147429247,19.30334648444071],[-99.1811476491872,19.303377156633886],[-99.18071753133758,19.30340431717912],[-99.18053360757136,19.303411103923388],[-99.18067852469132,19.303636348220508],[-99.18059070628748,19.303651091670105],[-99.18057280555878,19.303654262486486],[-99.18055823488483,19.303657875860743],[-99.18054937929278,19.3036604142094],[-99.180540609939,19.303663484983918],[-99.18049375920363,19.303699662806544],[-99.1804577610153,19.303730412932076],[-99.18042595616267,19.303759889639235],[-99.18040004964818,19.303786837320246],[-99.18035662418899,19.303839287151416],[-99.18033595754758,19.303868501017547],[-99.18032386083397,19.3038846840288],[-99.18030681799644,19.303909825004926],[-99.18030797233155,19.304062468985574],[-99.18032746307824,19.304775752677447],[-99.1803359288015,19.30500725613448],[-99.18034273533642,19.305190846480272],[-99.1803570329225,19.30554587161573],[-99.18036278034369,19.30568849221018],[-99.18037160718964,19.305924790380672],[-99.18038611498147,19.306295897503222],[-99.18039184443636,19.30644744898952],[-99.18040521585937,19.30687606936138],[-99.18042773842015,19.307429475208284],[-99.1804277420134,19.307475049973316],[-99.18043156344665,19.307562949032175],[-99.18043514952123,19.30767464130123],[-99.18047985328307,19.30765499798158],[-99.18054005118685,19.307627505808103],[-99.18061852980674,19.307590963456086],[-99.18081357920774,19.307491843885604],[-99.1810185298398,19.307398511286642],[-99.1824355036229,19.306779030696088],[-99.18289780092262,19.30657366393161],[-99.18314847041277,19.306462599128402],[-99.18324218445984,19.306415200468674],[-99.18328609770418,19.306390860198604],[-99.18334247956467,19.306356848247077],[-99.18339656892456,19.3063198198229],[-99.18346433693132,19.306385678459016],[-99.18375871664651,19.306678704219603],[-99.18407392020836,19.30699096167637],[-99.18444511845682,19.307368500278105],[-99.18483458843814,19.30772945691744],[-99.18514378406732,19.308033052201825],[-99.18547470724832,19.30835401978535],[-99.18593218328992,19.30880161028983],[-99.18659342867899,19.309441229061],[-99.18687064697902,19.309710340243047],[-99.18701854740407,19.30955268521177],[-99.18749129839873,19.30948706438223],[-99.18781863550511,19.309447945189017],[-99.18781002784804,19.30937818883568],[-99.18780884656347,19.309368680110236],[-99.1878086660021,19.309367163427776],[-99.18800545813473,19.309305022671282],[-99.18819800123612,19.309332685814837],[-99.18835566365334,19.30935401432425],[-99.18849400600371,19.30937158800329],[-99.18872549107266,19.309401007740163],[-99.18872633998055,19.309417152901556],[-99.1890673737001,19.309452581707856],[-99.18906872476627,19.30945271650517],[-99.18928628325337,19.309475319214798],[-99.18940039893886,19.309487315325537],[-99.18940039893886,19.30948728819651],[-99.18974081551575,19.30952393440187],[-99.18985777526744,19.309540344906658],[-99.18996466310817,19.30955535741841],[-99.18999554808595,19.30955968788526],[-99.19018902363854,19.309586852490355],[-99.19024583938533,19.30959483689288],[-99.19030287432106,19.309602839098414],[-99.1903059842886,19.30960328164012],[-99.19034025681331,19.309611232130504],[-99.19041206454384,19.3096279105254],[-99.19063356573673,19.30967933521209],[-99.19086208636523,19.30972607165701],[-99.19085448122803,19.309757767620106],[-99.19085434827734,19.309758300873785],[-99.19088999073284,19.309766152166436],[-99.19092599431114,19.30977409417118],[-99.19096160802057,19.309781936137437],[-99.19097017345682,19.309748180920767],[-99.19119253164244,19.309804787201223],[-99.1911907350119,19.309811812753814],[-99.19129937456744,19.30983946648615],[-99.19130113346876,19.309832396002346],[-99.19141605943462,19.309856806125882],[-99.19141456733293,19.30986297457107],[-99.19152223580961,19.309885832405698],[-99.19163048459798,19.309908826729504],[-99.19163211054861,19.309902686262753],[-99.19174952933946,19.309927619455806],[-99.19174966229009,19.30992765591032],[-99.19186149805141,19.309952536537114],[-99.19185998618677,19.309958704130946],[-99.19207824446148,19.310007264916322],[-99.19207833968291,19.31000729204523],[-99.19218389711862,19.31003078230269],[-99.19218392496643,19.31003078230269],[-99.19219115460785,19.310032397321436],[-99.192192656591,19.310026338246082],[-99.19219267545563,19.310026239055894],[-99.19240688143006,19.310073896937034],[-99.19241059147217,19.310074726912305],[-99.1924160891617,19.31007594517018],[-99.19263327305133,19.31012459493755],[-99.19263257416206,19.310127752064037],[-99.1927432259438,19.31015438756132],[-99.19274709319106,19.3101553184217],[-99.1927465937278,19.310157412433814],[-99.19296589943812,19.31020653184586],[-99.19296626056085,19.310205132164583],[-99.19308020736307,19.310231329348056],[-99.19307934318373,19.310234851864745],[-99.19318628941497,19.310259451830515],[-99.19330061710286,19.310285739717493],[-99.19352461291726,19.31033725999619],[-99.19352697907973,19.310327714871942],[-99.19357335191133,19.310338471469773],[-99.19366659164791,19.31036012115555],[-99.19379987738158,19.310391055691944],[-99.19380029599648,19.3103911464041],[-99.1938102646012,19.310393465921855],[-99.19379629130697,19.31027408108073],[-99.19378649517881,19.310165540930672],[-99.19377690117156,19.3101279775731],[-99.19376787220463,19.31011434360148],[-99.19392050585287,19.31015202989015]]]}},{"type":"Feature","properties":{"name":"Jardines De Coyoacan","id":"003-059","alc":"Coyoacán","clasif":"Colonia","fuente":"SGIRPC CDMX"},"geometry":{"type":"Polygon","coordinates":[[[-99.13071674746463,19.313766476183233],[-99.13044414021691,19.31359171725972],[-99.13047965062007,19.31354097540299],[-99.13057539126649,19.313407249587037],[-99.13066410888392,19.31328157824833],[-99.1306834720699,19.31325413958209],[-99.13060215207877,19.31321668459979],[-99.13060736590069,19.313209741426288],[-99.13055568312741,19.313182776647263],[-99.13052599021404,19.31316729311241],[-99.13052093808888,19.313173929397667],[-99.1303315444809,19.313081197714705],[-99.13018482623879,19.31301178201689],[-99.1301779496353,19.3130085834056],[-99.1301477518687,19.312994508837274],[-99.13009401375011,19.312969484553516],[-99.12993218404831,19.312890556896434],[-99.12993131807238,19.312890140644303],[-99.12986048052232,19.31285519835169],[-99.12985741726723,19.312853762239207],[-99.129855667349,19.31285293058254],[-99.12972957891743,19.31279363200958],[-99.1295970819046,19.312727252035653],[-99.1295558043173,19.312706582679507],[-99.12955063002124,19.31270398088886],[-99.12955074410729,19.312703764708786],[-99.12947357163792,19.312667285378225],[-99.12939782569313,19.3126319895198],[-99.12929536385182,19.312581318577507],[-99.12929546805637,19.312581129525796],[-99.12923932424947,19.312554514770234],[-99.12912444140274,19.312500031400198],[-99.12904064924793,19.312460308470513],[-99.12903888944831,19.312459468334257],[-99.12895617257695,19.312418400837128],[-99.12895518353182,19.312417904045898],[-99.1288400536484,19.312360728971036],[-99.12883967276268,19.312360548396672],[-99.12881560060804,19.31234858725524],[-99.1287880762277,19.312334928035845],[-99.12875427352189,19.31231866701841],[-99.12857140617446,19.312230648437374],[-99.12848506549925,19.312189345203333],[-99.12837936073979,19.312138763987274],[-99.12836262153274,19.312130759362642],[-99.12831200416143,19.31210538312286],[-99.12830495687801,19.31210191405599],[-99.12827784123115,19.312088824516113],[-99.12827526306634,19.312087586774645],[-99.12804103723742,19.311974580087146],[-99.12793721444852,19.31192908202759],[-99.1278555360296,19.311884953102677],[-99.12760145114477,19.311762992978068],[-99.12754145626019,19.311734589294602],[-99.12748813855315,19.311706882473317],[-99.1274402610434,19.31168270830616],[-99.12733980603844,19.311636100433738],[-99.12725569228685,19.311595826243213],[-99.12725414179468,19.311595058162844],[-99.12715771124216,19.311546925125548],[-99.12705584947544,19.311499205786383],[-99.12700187420162,19.31147390998699],[-99.12699893581231,19.31147247386233],[-99.12674501442083,19.311347884489116],[-99.12664506516738,19.31129826947313],[-99.12659410643629,19.311272965164875],[-99.12659387826419,19.31127286597554],[-99.12640640884753,19.311185855681085],[-99.1264052203764,19.31118524189365],[-99.126243736526,19.311102986712857],[-99.12617063522148,19.311070552599954],[-99.12609901883205,19.311036069411795],[-99.1260890987364,19.311031298989594],[-99.12605996727,19.311017269182997],[-99.12594905228188,19.3109638763858],[-99.12594511406769,19.31092466683416],[-99.12594447806046,19.310918417890456],[-99.12593948791906,19.31086869762007],[-99.1259234520929,19.310709222684295],[-99.12554440526387,19.31080356478915],[-99.12538124605538,19.310843531432642],[-99.12502692265959,19.31093089797429],[-99.12488371144038,19.31096682324818],[-99.12477344054432,19.31099658774199],[-99.12466135235641,19.311031805958205],[-99.1244941857635,19.311082480771752],[-99.12433461083307,19.311127548398208],[-99.12395174616398,19.311230980079767],[-99.12394370893713,19.311373680493443],[-99.12394034025483,19.311416021605975],[-99.12394010759121,19.31143431651706],[-99.1239413382831,19.311456656991446],[-99.12394300735292,19.31147474419407],[-99.12395589458404,19.311627048787727],[-99.12398251166587,19.311873133503806],[-99.12403760893552,19.3122629466774],[-99.12408902940071,19.312635412796183],[-99.12418311355364,19.313369949780185],[-99.12427798373251,19.314191888107825],[-99.12430597613503,19.31449431166345],[-99.1243214496158,19.314655230872614],[-99.12435300204187,19.314835568575628],[-99.1243757366051,19.314946544611832],[-99.12439242909969,19.315023249315853],[-99.12440735999802,19.315073749102968],[-99.12442010799022,19.315105889947116],[-99.12444690922673,19.3151580631716],[-99.12446316693674,19.315188118529093],[-99.12449524936879,19.31523696091045],[-99.12457225026002,19.31538515295004],[-99.1247053805851,19.31558276190806],[-99.12477851692395,19.315669421437317],[-99.12479825830064,19.315692299653957],[-99.12487504000293,19.315770635077243],[-99.12495545988209,19.315834396815248],[-99.12502563806875,19.315883599296523],[-99.12510093395753,19.315933489286856],[-99.12516014820613,19.315967438208684],[-99.12519743098537,19.31599169227833],[-99.12554097729274,19.31617320178888],[-99.12564696951307,19.316223767344944],[-99.12612428215279,19.31646830902704],[-99.1265760053833,19.3166865032999],[-99.12687057554137,19.31683196937758],[-99.12695755581706,19.316872831459936],[-99.12718693703161,19.316984962434145],[-99.12762837095886,19.31719999139771],[-99.12763296494323,19.317202222653787],[-99.12772030185012,19.31706218499997],[-99.12801450549556,19.31663027664849],[-99.12855587430322,19.31583071589008],[-99.12895225592231,19.315263267495453],[-99.12900618807699,19.315190577857926],[-99.1293843886931,19.314626583538217],[-99.12964631856532,19.314233784265756],[-99.1301126214529,19.314584163568234],[-99.1301252598506,19.314593432923427],[-99.13071674746463,19.313766476183233]]]}},{"type":"Feature","properties":{"name":"Jardines Del Pedregal De San Angel","id":"003-060","alc":"Coyoacán","clasif":"Colonia","fuente":"SGIRPC CDMX"},"geometry":{"type":"Polygon","coordinates":[[[-99.20586688281276,19.30568710944622],[-99.20495212835898,19.305524338289374],[-99.2047146596119,19.30548250687614],[-99.20412953746002,19.305379233489116],[-99.20374054268748,19.30531037746315],[-99.2036456123215,19.30529213782195],[-99.20353171582495,19.305270262797396],[-99.20337138900466,19.305236234504573],[-99.20317457441406,19.305193913834753],[-99.2029731272116,19.30514809002758],[-99.20273610402897,19.305089811960652],[-99.2024808252831,19.305020366588515],[-99.20225903842596,19.304956152144655],[-99.20210147751838,19.30490807989084],[-99.20183023570992,19.304821994557425],[-99.20162876515127,19.3047524837905],[-99.2014799726992,19.304699153381144],[-99.20128403755929,19.30462657095789],[-99.20107054215222,19.30454523234933],[-99.20069160581592,19.30438777411719],[-99.20056960022733,19.304336605500264],[-99.20033205422514,19.30422635646597],[-99.20011576954916,19.30412660493397],[-99.19945901304156,19.303788331163577],[-99.19906890076484,19.303563786520957],[-99.198773770058,19.30338562120179],[-99.19857130147103,19.30325559711511],[-99.19826391954041,19.30306538655402],[-99.19812095625616,19.302988764413573],[-99.19804669253166,19.302948973044025],[-99.19801660435955,19.302932344837036],[-99.1979967713547,19.302921394450106],[-99.19791935813677,19.30288025758036],[-99.19789185801093,19.30286756577593],[-99.1978329384098,19.30283847212087],[-99.19773634975381,19.302791866814825],[-99.19757898827226,19.3027192462413],[-99.197473620381,19.302673743911225],[-99.19742081740857,19.3026495785825],[-99.19714523044912,19.302538645917913],[-99.19701364971785,19.302489896394963],[-99.19683066558942,19.302427384224515],[-99.19670406062653,19.302387167113512],[-99.19650815153778,19.302325551048316],[-99.19622584697662,19.302252615726946],[-99.19605374953113,19.3022109157369],[-99.19593315789076,19.302183420952634],[-99.19586894361927,19.302170770637307],[-99.19557650426505,19.3021167094135],[-99.19557125451055,19.302115942984322],[-99.19553781113083,19.302111053607177],[-99.19545131145381,19.302098425329557],[-99.19522726443543,19.302066647339334],[-99.19510069271024,19.302052309852773],[-99.19498277715104,19.30204202494574],[-99.19486487147338,19.302031730712145],[-99.19475354865014,19.302023304225987],[-99.19467294731125,19.302019000689953],[-99.19456277612818,19.302014078244923],[-99.19447547964548,19.302011535631575],[-99.19437086274584,19.302008798019525],[-99.19426023432025,19.3020078213303],[-99.19419164794834,19.302007668722656],[-99.19409442148849,19.302009309255165],[-99.1940055089366,19.30201116428624],[-99.19391198353577,19.302014330047605],[-99.19384409156152,19.30201747376547],[-99.19377503896399,19.302020834525404],[-99.19363867470383,19.302030733675462],[-99.19357736468567,19.302034201260497],[-99.19321898898964,19.302070103054003],[-99.19301347870712,19.302093998861583],[-99.19291868937667,19.302104304112927],[-99.19338163615834,19.30578527803018],[-99.19351531265912,19.30686323967643],[-99.19352046539564,19.306907648881133],[-99.1935359056387,19.307040940007422],[-99.19355416569346,19.30719927908613],[-99.19359815080307,19.307565225352665],[-99.19360477048838,19.30762090405722],[-99.1936173244445,19.307726354851113],[-99.19365336665032,19.308027945119715],[-99.19369591984533,19.308359586358073],[-99.19373539181892,19.30869317767897],[-99.19376048895133,19.308893994264757],[-99.19377888285506,19.30905396777221],[-99.19383066713793,19.309466670145692],[-99.19387698696893,19.30985196784684],[-99.19389712450266,19.310029667473604],[-99.19392050585287,19.31015202989015],[-99.19412445037183,19.310202387059604],[-99.1941016987406,19.310206119825867],[-99.19408748918949,19.31021429494813],[-99.19408051826282,19.310224237686697],[-99.19406654946019,19.310249632021748],[-99.19406213603719,19.310307118121386],[-99.19408125488138,19.31047778409969],[-99.19429342707002,19.310529864697987],[-99.19431711294911,19.31053568552958],[-99.19531353324541,19.310791037220053],[-99.19531710045543,19.310791957055866],[-99.19532272211246,19.31079339233875],[-99.19547407386483,19.31083217973012],[-99.1958041634092,19.31091536590316],[-99.19631912444248,19.31093358711399],[-99.1964492013939,19.31093818035422],[-99.19680632124525,19.310950818122617],[-99.19716352643651,19.31096344571671],[-99.19763774797326,19.310980224858692],[-99.19764250455272,19.31098038678349],[-99.19857250521353,19.31101327616875],[-99.1990641343039,19.311030472410287],[-99.19941556602282,19.311042754106644],[-99.19942318014316,19.310826329237003],[-99.19942434346147,19.310793043903207],[-99.19942527052284,19.310766874786307],[-99.19954018481064,19.31077118826547],[-99.19974775672672,19.31077922347662],[-99.19993384094117,19.310788581216197],[-99.20000506656343,19.31079215289183],[-99.2000689781026,19.310795374436367],[-99.20022592635915,19.310797223433372],[-99.20041260974993,19.310806850764322],[-99.20065428081593,19.310813443060976],[-99.20070549377024,19.31081610676934],[-99.20077895619755,19.310819939558947],[-99.20047765316642,19.31113323949916],[-99.20029904113849,19.311293502449697],[-99.2003359358455,19.311328099185054],[-99.20035889678418,19.311321972335872],[-99.20042968582521,19.31132607724852],[-99.20096193493607,19.311356977691325],[-99.20098102593248,19.311357822919867],[-99.20099139428753,19.31135829089004],[-99.20126553226447,19.31137046574248],[-99.20138015280313,19.311375563394765],[-99.20156116782448,19.311383601967343],[-99.20171819513274,19.31113212976409],[-99.20172007800161,19.311132914802084],[-99.20172293105097,19.31112832665396],[-99.20175864716835,19.31107735428606],[-99.20169415082583,19.311052578954314],[-99.20104156699276,19.31079914872995],[-99.20099685784109,19.31078319191117],[-99.20097914486027,19.310778607992013],[-99.20094794547215,19.310773638335146],[-99.20090747097872,19.31077088221877],[-99.20085392779454,19.310769339268273],[-99.20078267342619,19.310767609807215],[-99.20064587168649,19.310763761756416],[-99.20081155336426,19.310591066501065],[-99.20171093854188,19.309713642348033],[-99.20176425984216,19.309657944009327],[-99.20235806061807,19.30909967094765],[-99.20256097207442,19.308901628566062],[-99.20463801714853,19.306888640467946],[-99.20545366407029,19.30607201419522],[-99.20586688281276,19.30568710944622]]]}},{"type":"Feature","properties":{"name":"Joyas Del Pedregal","id":"003-061","alc":"Coyoacán","clasif":"Colonia","fuente":"SGIRPC CDMX"},"geometry":{"type":"Polygon","coordinates":[[[-99.15970875036547,19.307639007792037],[-99.15970457230111,19.30746480864467],[-99.15970158630113,19.307226080380026],[-99.15970080836003,19.30719080030303],[-99.15970075086787,19.307187955955662],[-99.15970019121742,19.307162896871468],[-99.15969962168555,19.30713680008393],[-99.15969786458088,19.307057362630495],[-99.15969739027041,19.307036177946543],[-99.1596970012999,19.307018343743646],[-99.15969690607848,19.307006216043717],[-99.15969575264162,19.306848109073915],[-99.15969535558627,19.306795120161883],[-99.15969009505197,19.30657442525307],[-99.15968981028605,19.30655943535808],[-99.15968973482754,19.306555787288296],[-99.15968845382994,19.30648756506224],[-99.15968820679325,19.306474859125093],[-99.15968800736725,19.306463932713708],[-99.15968635626378,19.306376856275637],[-99.15968630865305,19.306374065325368],[-99.15968448686966,19.306278031003178],[-99.15968123047675,19.306120031847794],[-99.15968048128181,19.306083288230695],[-99.15967756714699,19.30594216604309],[-99.15967599150198,19.305865491838766],[-99.15967541208867,19.305837733155013],[-99.15967516505192,19.305825452763447],[-99.15967362803453,19.305750746250627],[-99.15967284919512,19.305713298875478],[-99.15967204340636,19.305654486047185],[-99.15967464941897,19.305654404658267],[-99.15967334865844,19.305598815151235],[-99.1596730162818,19.305584963764773],[-99.15967235152847,19.30555629279855],[-99.15967130768611,19.305512036679083],[-99.15966892445569,19.305410385157373],[-99.15966870616505,19.30540071342302],[-99.15966632293463,19.30529933312927],[-99.15966621873001,19.305293183163574],[-99.1596636181073,19.30514992128448],[-99.15966360912417,19.305149812765556],[-99.15966347617348,19.305142137594622],[-99.15966304947372,19.305118948453305],[-99.159663001863,19.305115941291486],[-99.15966158791478,19.305038336658118],[-99.15966135075952,19.30502480993338],[-99.15965968079142,19.304933217318506],[-99.15965797219573,19.304838808241694],[-99.15965565005074,19.304645564373565],[-99.15965478766802,19.304574624128886],[-99.15965214302784,19.304354579036236],[-99.15964490889486,19.304040865095697],[-99.15964513257536,19.303921397618712],[-99.15945700379532,19.303700216427593],[-99.15935871552684,19.303735344651425],[-99.15935425449315,19.303730801229737],[-99.15934374779758,19.30373415856316],[-99.15869046777013,19.303942890461162],[-99.15869015874968,19.30394298880726],[-99.15844377691838,19.304021710526047],[-99.15843063636241,19.304025908880874],[-99.1584183909776,19.304029821523844],[-99.15834858963423,19.304052124010475],[-99.15834830217335,19.304052215573936],[-99.15829974463897,19.304068223918122],[-99.15826438964437,19.304079879606],[-99.15826418033691,19.304079951669774],[-99.15822119684887,19.304093585296673],[-99.15818264564841,19.304105828514654],[-99.15810819776924,19.304129456964958],[-99.15803737279563,19.304151928999765],[-99.15800581318304,19.3041619509532],[-99.15796496049889,19.30417491649963],[-99.15795697986592,19.30417744466653],[-99.15792723664686,19.30418688841263],[-99.15789798570457,19.304196181248155],[-99.15789222391035,19.304198011668035],[-99.15788791020034,19.304199381727358],[-99.1578588380228,19.304208611824393],[-99.15782539284645,19.304219237414234],[-99.15781959242464,19.304221079703154],[-99.15781143212861,19.30422367145504],[-99.15779022020982,19.304230406449065],[-99.15774639050876,19.30424432916617],[-99.15770730660743,19.304256734304435],[-99.15767547031376,19.304266846119113],[-99.15766471208991,19.304270262788176],[-99.15760427523419,19.30428945463241],[-99.15753698333461,19.304310830428925],[-99.15753293732253,19.304312116554453],[-99.15752968272628,19.304313149185113],[-99.15750373578761,19.30432138818762],[-99.15746041992293,19.30433514811782],[-99.15742688132177,19.30434579319908],[-99.15741997597219,19.304347978001083],[-99.15739520941982,19.30435582531439],[-99.15738777855579,19.304358180525625],[-99.15737687031331,19.304361634496335],[-99.15733694738543,19.304374277859782],[-99.15731716288964,19.304380544009692],[-99.15728356769459,19.3043911890881],[-99.15724391336305,19.30440374766845],[-99.15721277146709,19.304413616153187],[-99.15716985445437,19.304427203970594],[-99.15713101758972,19.304439509901414],[-99.15709750773469,19.304450127846156],[-99.15702327814611,19.304473637553556],[-99.15699454283681,19.304482738768208],[-99.15696796707745,19.30449116258421],[-99.15694745045467,19.30449765424645],[-99.15692849330719,19.30450363044155],[-99.15688480553999,19.304517381030482],[-99.15685435894007,19.304526978210028],[-99.1568196884617,19.30453789372945],[-99.15678383849531,19.30454917973983],[-99.156742928319,19.304562063018157],[-99.15673375472329,19.304564953192862],[-99.156709085189,19.3045727258887],[-99.15667072443141,19.30458480629189],[-99.15664923044159,19.30459157433559],[-99.15663852701496,19.30459494521624],[-99.15660406584402,19.30460579714556],[-99.15656439264782,19.30461829297168],[-99.15649310144859,19.304640746287724],[-99.15646334834804,19.304650117943414],[-99.15642145900803,19.304663625199545],[-99.15638037725348,19.304676869634612],[-99.15634781871431,19.30468737904462],[-99.1563127960963,19.3046986641969],[-99.15627444432192,19.304711033692808],[-99.15620449430736,19.304733595515337],[-99.156169539063,19.30474487218631],[-99.15614325795106,19.30475334092247],[-99.15613275664538,19.30475659141143],[-99.15609150421092,19.304769356828388],[-99.15606072343772,19.304778881929654],[-99.15603463187027,19.30478695304311],[-99.15602575831193,19.3047896982389],[-99.15598730233287,19.30480159719565],[-99.15596454082021,19.304808639919393],[-99.15591544070342,19.304823834296062],[-99.15590732622148,19.304826345496856],[-99.15588136940137,19.304834379304502],[-99.1558578568971,19.30484165347771],[-99.15584159110225,19.304846685204716],[-99.155818924811,19.304853699948954],[-99.15580237425019,19.30485904451574],[-99.1557989426858,19.304860152597673],[-99.1557695965221,19.3048696259776],[-99.15573596269954,19.30488048721447],[-99.15570021424281,19.304892033477604],[-99.15569492855569,19.30489374095775],[-99.15568986026088,19.304895377222245],[-99.15566318748347,19.304903988382],[-99.1556248833197,19.304916357014623],[-99.15558761581185,19.30492839161095],[-99.15555574178896,19.304938683966686],[-99.15553410856026,19.304945672425013],[-99.15551982534728,19.304950285333046],[-99.15550931685505,19.30495367740138],[-99.15548125438389,19.304962736199187],[-99.15545643842421,19.304970753043943],[-99.15544436776173,19.304974518146192],[-99.15541121004627,19.304984873236652],[-99.15537165003776,19.304997224059132],[-99.15533706489934,19.305008031028184],[-99.15526556439261,19.305030357967766],[-99.15521902357607,19.30504489273172],[-99.15521192778363,19.305047448015035],[-99.1551976212144,19.305052605210648],[-99.15517137873002,19.305062065014493],[-99.15512535085148,19.305078650614696],[-99.15510036331352,19.30508765175482],[-99.15508152025215,19.305094450298615],[-99.15498322389881,19.305129869019936],[-99.15496814927005,19.305122319323054],[-99.15481655946415,19.30516345054224],[-99.15481737603271,19.305174259195837],[-99.15467699360836,19.305213355672752],[-99.15462128278935,19.305228871329373],[-99.15458553523094,19.305238827088164],[-99.15480642556946,19.30534678721955],[-99.15491490163159,19.305400207284688],[-99.15522336333721,19.30555213941632],[-99.1552782719606,19.305577987203066],[-99.15531911386499,19.30559722382725],[-99.15535102471881,19.305612242635632],[-99.1554027092887,19.305636590651858],[-99.15541654783564,19.30564296696754],[-99.15543168085497,19.30564995709146],[-99.1557589757405,19.305804680798932],[-99.15584070716002,19.305849916896516],[-99.15592616658795,19.305888479945608],[-99.15604582937031,19.305947589419745],[-99.15612255717367,19.305985502183308],[-99.15613372413092,19.305991011186325],[-99.15615281333073,19.306000448045225],[-99.15616203902871,19.30600499988191],[-99.1562566298315,19.306051727203336],[-99.15625924572561,19.306053027727692],[-99.15629655814924,19.306071451256493],[-99.15637121353923,19.30610833391533],[-99.15647415508093,19.306158050546273],[-99.15655426054978,19.30619744436548],[-99.15656751878505,19.306203973263035],[-99.15663447920633,19.306236900912186],[-99.15663481248126,19.30623707216737],[-99.15671652503616,19.306277261202396],[-99.15671903582738,19.306278488814254],[-99.15678941074503,19.30631310526212],[-99.15690457476448,19.306368619072334],[-99.15690487929335,19.30636889036759],[-99.15694142275915,19.306384938331604],[-99.15699867149385,19.306413972857822],[-99.15710803419314,19.30646669653293],[-99.1571445480145,19.306484289173728],[-99.15722835364402,19.3065246850104],[-99.15724357200325,19.30653202693227],[-99.1572816848258,19.3065503961481],[-99.1573410931105,19.3065771551586],[-99.15735041402989,19.30658134581773],[-99.15738109868336,19.306595172533658],[-99.1574484867027,19.30662551686813],[-99.1574573135487,19.306629499815948],[-99.15750405289292,19.306650542122753],[-99.15755435944715,19.306673174044807],[-99.15783533809494,19.306799527851084],[-99.1578634158375,19.3068121617003],[-99.15788513979601,19.30682192406536],[-99.15807171718558,19.306909552180983],[-99.15808588990582,19.30691619889362],[-99.15827184027127,19.30699764060192],[-99.15831091339292,19.307014745703963],[-99.15834242449644,19.307028553731833],[-99.15840623811926,19.30705649618473],[-99.15864274207568,19.307162456018826],[-99.15866668217805,19.30717317636971],[-99.1586880926245,19.307182775936884],[-99.15871602843322,19.30719528343533],[-99.15879121742249,19.307228978137736],[-99.15879226306144,19.307229438489568],[-99.1588245835471,19.307243924733893],[-99.15882673321558,19.30724488189246],[-99.15884271244786,19.30725204320204],[-99.15893175974696,19.30729139097683],[-99.15893635373135,19.30729341381102],[-99.15896256746967,19.30730500059778],[-99.15903187788375,19.307335615246462],[-99.15906249606189,19.30734915280136],[-99.15921486201216,19.307416469225878],[-99.15923718514695,19.30742632226854],[-99.15923833588887,19.307426836878573],[-99.15924094279983,19.307427983941523],[-99.15924779065723,19.307431080926836],[-99.15944499421825,19.307520035510215],[-99.15945329734649,19.307523774272244],[-99.1594554470149,19.307524749232886],[-99.15970875036547,19.307639007792037]]]}},{"type":"Feature","properties":{"name":"La Otra Banda","id":"003-062","alc":"Coyoacán","clasif":"Colonia","fuente":"SGIRPC CDMX"},"geometry":{"type":"Polygon","coordinates":[[[-99.19994103464997,19.333235405250566],[-99.19984496342357,19.333250836871958],[-99.19923933093716,19.333348344680655],[-99.1989979581119,19.333385618735736],[-99.19886610878436,19.33340618545257],[-99.19880255207971,19.33341518164202],[-99.19873087999476,19.33341904102665],[-99.19861018504812,19.333419062218063],[-99.19852330089219,19.333419402128726],[-99.19848137561955,19.333420050586827],[-99.19845398778318,19.33342197900755],[-99.19842863552923,19.33342615541594],[-99.19836034380468,19.333446069431513],[-99.19823222877382,19.333495837930318],[-99.19821064405413,19.333503607555116],[-99.19819748822681,19.333507962817023],[-99.19818115505836,19.333512525754823],[-99.19815697330921,19.333517758341518],[-99.19807744455879,19.33353109113771],[-99.19780594403548,19.333573678263374],[-99.19774500412326,19.33358323304928],[-99.19728282450284,19.33365506430539],[-99.19729229274594,19.333772318012706],[-99.19737182149638,19.334419515392778],[-99.19737906281584,19.334478506896644],[-99.19744497669983,19.335014890029004],[-99.19667068282385,19.335109446119183],[-99.19658647115584,19.335126449951655],[-99.19648872726644,19.335178667642253],[-99.19648331761174,19.335190220241408],[-99.19640790134873,19.33516252333073],[-99.19633967969281,19.33513979617892],[-99.19624957687319,19.335163256546622],[-99.19610659831761,19.335188779239306],[-99.19588494710611,19.335228345762417],[-99.19583639675824,19.335205552503265],[-99.19574453952885,19.33522673438333],[-99.19573942092838,19.335223510777574],[-99.19572379653063,19.33520399028754],[-99.19567661072367,19.335206734124785],[-99.19560157354972,19.335234486125202],[-99.19556924947084,19.335247774703546],[-99.19553120761516,19.33531063881041],[-99.19549159640272,19.335380637540933],[-99.19547713083173,19.335404749714613],[-99.1953843025235,19.335422138348207],[-99.19536065706859,19.335449466488445],[-99.1953613909922,19.33545931868877],[-99.19530570532602,19.335439984709218],[-99.19529440362143,19.33543933625928],[-99.1952873069307,19.335440999342687],[-99.19527712991686,19.335454690536544],[-99.19526414656607,19.335466982264254],[-99.19524239026816,19.33547062460279],[-99.19521905563037,19.33548273747584],[-99.19508153344182,19.335499554787237],[-99.19467319344963,19.335572915201954],[-99.19442800278443,19.335617696350734],[-99.19323436545235,19.335845233221566],[-99.19304988652729,19.335878300693626],[-99.19317141870377,19.336630820152664],[-99.19317378756112,19.336630421761587],[-99.1935416234155,19.336565704371452],[-99.19386439169031,19.336484710542933],[-99.1942680307986,19.33638479560814],[-99.19483398110573,19.33625092913115],[-99.1959063431795,19.335978612635778],[-99.1963803167813,19.335850164819533],[-99.19670215889309,19.335768589151282],[-99.19689688130735,19.335724914221277],[-99.1970710457763,19.335690661709503],[-99.19755213223853,19.33560742287987],[-99.19772637396258,19.335578750399044],[-99.1978328333069,19.335551975793575],[-99.19788134951878,19.335540535957016],[-99.19795284733055,19.335516928152952],[-99.19804381702441,19.3354800699314],[-99.19815412475141,19.335429400988378],[-99.19819911866905,19.335406375501854],[-99.19829716079914,19.335344051383302],[-99.19844822419229,19.335246644788672],[-99.19850772141022,19.335203390152618],[-99.19857251509502,19.335146335787503],[-99.19862957608184,19.335093888373798],[-99.19867646634302,19.335041912236086],[-99.19877170213623,19.334931981438224],[-99.1989593323513,19.334681536377307],[-99.19923986004486,19.33428931170845],[-99.19927237726151,19.33424536513368],[-99.19939254849034,19.334095002404705],[-99.19958358421864,19.3339021855901],[-99.19964526524096,19.33383790789946],[-99.19969984058949,19.33377778454385],[-99.19974842417496,19.333726991314972],[-99.19976774244516,19.333711456324558],[-99.1997856054446,19.33369810658999],[-99.19979936943137,19.3336894257441],[-99.1998156927184,19.33367970651909],[-99.19983830331408,19.333668080914578],[-99.19984449090975,19.333643274253884],[-99.19985212569134,19.333619180468354],[-99.19987940842486,19.33351863481879],[-99.199906675887,19.33339269667714],[-99.19994103464997,19.333235405250566]]]}},{"type":"Feature","properties":{"name":"Las Campanas","id":"003-063","alc":"Coyoacán","clasif":"Colonia","fuente":"SGIRPC CDMX"},"geometry":{"type":"Polygon","coordinates":[[[-99.12134953070347,19.306786804982394],[-99.1208401509031,19.30672708200725],[-99.1206481818252,19.306706499215778],[-99.12001940694039,19.30664890757135],[-99.11969850716135,19.306626692761867],[-99.11959855970449,19.306619857826625],[-99.11953312013104,19.306616012221546],[-99.11943371346,19.306615454371364],[-99.11932512690508,19.306619642486176],[-99.11912974422913,19.306626978469314],[-99.11904269298651,19.306628446004993],[-99.11903757977586,19.306628529936763],[-99.11850673293512,19.30877912278585],[-99.12059782137206,19.309232250693086],[-99.12134953070347,19.306786804982394]]]}},{"type":"Feature","properties":{"name":"Los Cedros","id":"003-064","alc":"Coyoacán","clasif":"Colonia","fuente":"SGIRPC CDMX"},"geometry":{"type":"Polygon","coordinates":[[[-99.11492014538292,19.311787680881785],[-99.11479473248441,19.311778912399465],[-99.11474206515761,19.31177538482941],[-99.1146956770547,19.311770585604613],[-99.1146475013043,19.311761632307476],[-99.11451416257002,19.31172989858317],[-99.11442035330155,19.311705463306115],[-99.11415786108395,19.311642980938988],[-99.11381904081328,19.31156330999419],[-99.11333187096001,19.311455087766486],[-99.11287006054717,19.31134907391319],[-99.11277218909697,19.311328022885444],[-99.11268043337718,19.311308807281954],[-99.1121777253644,19.311193777270294],[-99.11203869400623,19.3117487953758],[-99.11192523498922,19.31220649554168],[-99.1118050691503,19.312661493446488],[-99.11138368472183,19.31430083759471],[-99.11137201560634,19.314349893875697],[-99.11124206801229,19.314862166852517],[-99.1112254707391,19.31491492425705],[-99.11120977178118,19.31495448890814],[-99.11118330022637,19.315007253064863],[-99.11114742780215,19.315070217365307],[-99.11111558432194,19.31511510501669],[-99.11109138460651,19.315145556282367],[-99.11107615906077,19.31516303354301],[-99.11126160726802,19.31556290505765],[-99.1113060918409,19.315660849841052],[-99.11155968804223,19.315689913239073],[-99.11217339638307,19.315753714852825],[-99.11235223029492,19.31577036549306],[-99.11259022994626,19.315790013771966],[-99.11273141546454,19.31580323950302],[-99.11288291184565,19.31581775889767],[-99.11329391534258,19.315853621212106],[-99.11373313851594,19.315896244312427],[-99.11393866317148,19.31591880713488],[-99.11399357538818,19.315923888538016],[-99.11413520736913,19.3159400305121],[-99.11417867594739,19.315947709414985],[-99.11419951596366,19.315953241819273],[-99.1142161042537,19.31595750005799],[-99.11423963472426,19.315966446343445],[-99.114316708379,19.316009018549405],[-99.11434808293863,19.316028604066275],[-99.1144108643972,19.31593628092181],[-99.11445197220293,19.315861009341265],[-99.11448295060549,19.315809347533726],[-99.11449609565302,19.315781286196174],[-99.11451065195394,19.31574564851944],[-99.11451863977345,19.315723383233102],[-99.11452522262783,19.31569175285548],[-99.11453039153398,19.315648996605194],[-99.1145473337602,19.315496655066223],[-99.11455533325781,19.315408009164926],[-99.11458262856773,19.31515187966661],[-99.11462263234398,19.314776818371083],[-99.11466217348786,19.31438972909787],[-99.11473422196688,19.31356743570564],[-99.11480291883159,19.31293357158835],[-99.11481327550854,19.31281954308182],[-99.11483586813793,19.312603947135504],[-99.11489564024026,19.31203690294714],[-99.11492014538292,19.311787680881785]]]}},{"type":"Feature","properties":{"name":"Los Cipreses","id":"003-065","alc":"Coyoacán","clasif":"Colonia","fuente":"SGIRPC CDMX"},"geometry":{"type":"Polygon","coordinates":[[[-99.13462865450711,19.32333069910408],[-99.13441857808807,19.323082398766246],[-99.13382884129051,19.32231592114086],[-99.13322297434381,19.32156347221374],[-99.13302491019667,19.321297057645296],[-99.13285316848403,19.32107544642798],[-99.13271033006563,19.320883594212724],[-99.13262689094881,19.320765709025398],[-99.13233668480639,19.32039385144886],[-99.13179029172136,19.319695226996707],[-99.13141051635856,19.319207043040272],[-99.1313114124198,19.319087583253168],[-99.13127637722539,19.319049289505102],[-99.13122573470123,19.318998431507687],[-99.13119123041116,19.318964805353907],[-99.131142830082,19.318926499708724],[-99.13109061550608,19.318887127606622],[-99.13084698251959,19.318761706323443],[-99.13046805516643,19.318588723657648],[-99.12974175019122,19.31822742053157],[-99.12763296494323,19.317202222653787],[-99.12762837095886,19.31719999139771],[-99.12718693703161,19.316984962434145],[-99.12695755581706,19.316872831459936],[-99.12687057554137,19.31683196937758],[-99.1265760053833,19.3166865032999],[-99.12612428215279,19.31646830902704],[-99.12564696951307,19.316223767344944],[-99.12554097729274,19.31617320178888],[-99.12519743098537,19.31599169227833],[-99.12516014820613,19.315967438208684],[-99.12510093395753,19.315933489286856],[-99.12502563806875,19.315883599296523],[-99.12495545988209,19.315834396815248],[-99.12487504000293,19.315770635077243],[-99.12479825830064,19.315692299653957],[-99.12477851692395,19.315669421437317],[-99.1247053805851,19.31558276190806],[-99.12457225026002,19.31538515295004],[-99.12449524936879,19.31523696091045],[-99.12440463361116,19.315431429130875],[-99.12435427944621,19.315564276717478],[-99.124291943552,19.315756900694073],[-99.12425492218252,19.315865804207327],[-99.12423313354529,19.315960217090566],[-99.12422077003205,19.31602651267267],[-99.12421701956573,19.316071896841493],[-99.12421303643576,19.316137499768814],[-99.12420992377328,19.31621781192426],[-99.12422028404347,19.316397468011303],[-99.12427328644188,19.31676404645392],[-99.12431211791669,19.31704980287456],[-99.12441562000704,19.317684793783545],[-99.12448059604989,19.318101654561044],[-99.12459533247122,19.31878029033731],[-99.12466103255616,19.318787420623337],[-99.1246948190923,19.318792358670414],[-99.12473494054784,19.31880100978944],[-99.12476239126629,19.318809233650434],[-99.12479443507083,19.31882199118842],[-99.12538650658969,19.319090246826715],[-99.12523917569658,19.31932337885255],[-99.12572036726172,19.31953649819602],[-99.12620083747962,19.319747773452338],[-99.12710677407064,19.32015158839424],[-99.12735278938923,19.320257736413726],[-99.12774217133571,19.32043094365568],[-99.12818185175148,19.320623883184364],[-99.12834100806698,19.320694676591245],[-99.12844605346308,19.32074032734444],[-99.12893668991508,19.320953195609846],[-99.12919187613444,19.321066711504862],[-99.12919359730653,19.321067452413512],[-99.12939150604508,19.321152375445084],[-99.12964496210928,19.32126347858903],[-99.12984364968715,19.32135057761625],[-99.12993694961087,19.321389624448162],[-99.13034889993217,19.321569179058006],[-99.13060916702284,19.321682730129382],[-99.13082359847442,19.32177573667944],[-99.13108587419804,19.321890270959354],[-99.13134149160875,19.322001237119274],[-99.13161362185105,19.322119565618674],[-99.13187161800064,19.322232075312776],[-99.13214072451366,19.32234924651406],[-99.13240902254297,19.32246573013505],[-99.13266859972745,19.322574031539787],[-99.13293736577899,19.322685864445983],[-99.13320118570658,19.322798210989387],[-99.13344994897169,19.322904982901242],[-99.13371719417545,19.323016471410057],[-99.13397534573355,19.32312755124612],[-99.13411870786982,19.32318863813025],[-99.13420793932359,19.32322443101043],[-99.13430518105478,19.323258175814843],[-99.13434848973296,19.323271954496345],[-99.13438391299954,19.323281477671873],[-99.13450334940646,19.32330672925857],[-99.13462865450711,19.32333069910408]]]}},{"type":"Feature","properties":{"name":"Los Girasoles","id":"003-066","alc":"Coyoacán","clasif":"Colonia","fuente":"SGIRPC CDMX"},"geometry":{"type":"Polygon","coordinates":[[[-99.12756916030355,19.305164019418694],[-99.12742049002233,19.305099467605128],[-99.1273954485855,19.30508797561624],[-99.12736485286524,19.305074234401037],[-99.12729603382964,19.305043743108573],[-99.12722721569233,19.3050132602885],[-99.12713595045273,19.30497716584138],[-99.12684435641319,19.304844351195538],[-99.12629275040453,19.304611488473437],[-99.12593304789681,19.304465798724024],[-99.12495647048682,19.3040688411237],[-99.12477189813694,19.303996892582642],[-99.12467698214405,19.303958917467927],[-99.12460584365834,19.30392781045715],[-99.12294152684667,19.30326511636987],[-99.12219892553388,19.30297860249881],[-99.12199906206125,19.302903883664076],[-99.12191709977473,19.302874307608246],[-99.12193364045403,19.302908436434738],[-99.12194506522783,19.30293890692987],[-99.12195197327235,19.30296280261052],[-99.12195559977118,19.302988159921245],[-99.12195559258464,19.303016749099722],[-99.12195360910454,19.303035314555583],[-99.12195074258044,19.30304658286554],[-99.12086462280807,19.30663169476102],[-99.1208401509031,19.30672708200725],[-99.12134953070347,19.306786804982394],[-99.12059782137206,19.309232250693086],[-99.11850673293512,19.30877912278585],[-99.11769363722878,19.31208086821181],[-99.11771461019569,19.31208304104174],[-99.11801899534656,19.312114456784336],[-99.118277666131,19.312144333822292],[-99.11847621357168,19.3121677924053],[-99.1185358239773,19.312174616935554],[-99.11858961240158,19.312180591154508],[-99.11864429644618,19.31218400935371],[-99.11874200350469,19.312184035634544],[-99.11878951719673,19.312180209659022],[-99.11885136620404,19.312175548632318],[-99.11890066934008,19.312168752926162],[-99.11894773656938,19.312160683024853],[-99.11897507679502,19.312153457499885],[-99.11899883992928,19.31214537318573],[-99.11902797858212,19.312134535321025],[-99.11905845841974,19.312121557689192],[-99.11910239052867,19.312103274723746],[-99.1191383321232,19.312086885670347],[-99.11920145224664,19.31205861938169],[-99.11927795906446,19.31202048760625],[-99.11943921384447,19.31192912695931],[-99.11966453377558,19.311800867939265],[-99.11991967777419,19.31165536940832],[-99.12007470543264,19.311584802680198],[-99.12012222181959,19.311569075683924],[-99.12019977068316,19.31154611380877],[-99.12026610228374,19.31152995783657],[-99.12031138186559,19.311521463170415],[-99.12035665066774,19.31151551436052],[-99.12039101841387,19.311512380998344],[-99.1206567274985,19.31151005556209],[-99.12099624845509,19.311509291720203],[-99.12102863721263,19.311509507901842],[-99.12140817452185,19.311512239420598],[-99.12182589202735,19.311517254834605],[-99.12204639788682,19.31152274500025],[-99.12227319195334,19.31152364957202],[-99.12245964717202,19.311521572532847],[-99.12255690866616,19.311516909791735],[-99.122719168661,19.311499927239744],[-99.12284743281218,19.311483062526175],[-99.1230024460976,19.31146085006889],[-99.12310038671812,19.311442027846912],[-99.12313512636675,19.311435344863987],[-99.1232866236462,19.311400488733202],[-99.12354660147929,19.31134097938599],[-99.12395174616398,19.311230980079767],[-99.12433461083307,19.311127548398208],[-99.1244941857635,19.311082480771752],[-99.12466135235641,19.311031805958205],[-99.12477344054432,19.31099658774199],[-99.12488371144038,19.31096682324818],[-99.12502692265959,19.31093089797429],[-99.12538124605538,19.310843531432642],[-99.12554440526387,19.31080356478915],[-99.1259234520929,19.310709222684295],[-99.12595547254125,19.310580949142857],[-99.12601558330847,19.310367346759815],[-99.1264973435071,19.308775118695753],[-99.12668484077155,19.308152184342383],[-99.12726156367552,19.306195574969237],[-99.12756916030355,19.305164019418694]]]}},{"type":"Feature","properties":{"name":"Los Olivos","id":"003-067","alc":"Coyoacán","clasif":"Colonia","fuente":"SGIRPC CDMX"},"geometry":{"type":"Polygon","coordinates":[[[-99.13397840090387,19.31026719034451],[-99.13389929525994,19.310337357490546],[-99.13303371548311,19.311099518472474],[-99.13253862967552,19.31154392232081],[-99.13202067276077,19.311996664461546],[-99.13199048757062,19.31196503505848],[-99.13195508676189,19.311996922183205],[-99.13186711294945,19.31207402248342],[-99.13184915113537,19.312089749431248],[-99.13177525751671,19.31215450788424],[-99.13167920605326,19.312239643249466],[-99.13167155689864,19.312246432170458],[-99.1316434432235,19.312271349746176],[-99.13151656607111,19.312384282472802],[-99.13145133939831,19.312441168451286],[-99.13130816501003,19.312568049349736],[-99.13120877450866,19.31265322858354],[-99.13106131874976,19.312784894100634],[-99.13102709742897,19.312812447293894],[-99.13101241716063,19.312826314175723],[-99.13098517664794,19.312863810787807],[-99.13094262524959,19.312925225353705],[-99.13087966502627,19.31300892166324],[-99.13081811336131,19.313093575054246],[-99.1307892163552,19.313133744600957],[-99.13077212680524,19.313157481108217],[-99.13076827393103,19.313162853379858],[-99.130751850931,19.313185659887395],[-99.13071500832625,19.313236862189232],[-99.13069773911323,19.313259307539795],[-99.13069822420346,19.313260924222142],[-99.1306834720699,19.31325413958209],[-99.13066410888392,19.31328157824833],[-99.13057539126649,19.313407249587037],[-99.13047965062007,19.31354097540299],[-99.13044414021691,19.31359171725972],[-99.13071674746463,19.313766476183233],[-99.13012526164725,19.314593430380217],[-99.13049458780665,19.314864307430817],[-99.13086194575726,19.31513737632014],[-99.13143302364799,19.315568149239972],[-99.13189213642008,19.315902756715506],[-99.13209359440228,19.31536939834355],[-99.13224394093982,19.3149323354175],[-99.13244901913266,19.314361954058302],[-99.13260042837715,19.313931104204986],[-99.13265800499697,19.313747244758886],[-99.1328307716874,19.313250442491345],[-99.13287888365734,19.31311305918898],[-99.13289637744921,19.31306194332009],[-99.13291089152924,19.31302396522387],[-99.13292435817367,19.312989048392705],[-99.13294068774893,19.312953148148345],[-99.13295893882052,19.31291986663862],[-99.13297993873694,19.312888337450275],[-99.13331703514054,19.312983116591486],[-99.1333636370425,19.312841460332514],[-99.13339339014308,19.31275098436294],[-99.13347822434355,19.31247735874412],[-99.13321959847495,19.312405083273447],[-99.13366796020968,19.31116522851888],[-99.13397840090387,19.31026719034451]]]}},{"type":"Feature","properties":{"name":"Los Sauces","id":"003-068","alc":"Coyoacán","clasif":"Colonia","fuente":"SGIRPC CDMX"},"geometry":{"type":"Polygon","coordinates":[[[-99.12191710022388,19.302874308032138],[-99.12160879886757,19.302754258525034],[-99.12072349208701,19.302469084159373],[-99.11994868437469,19.302246196887996],[-99.11990141682108,19.30223260295469],[-99.11842787522623,19.30180406706663],[-99.11809322224022,19.30171576304533],[-99.11784302706053,19.301641811760856],[-99.11779527441665,19.30162769467092],[-99.11763414540077,19.301584532027576],[-99.11720424494347,19.301469373089983],[-99.11678106388446,19.301372734781246],[-99.11628922458827,19.3012616113381],[-99.11609664465601,19.30120827131256],[-99.11602981179551,19.30236906873214],[-99.11599661904573,19.30300912045844],[-99.11596102240429,19.30363889504766],[-99.11594725841753,19.303917189087322],[-99.1158405143073,19.305625242826924],[-99.11580937151301,19.306123250940914],[-99.11580842558699,19.306137085325847],[-99.11588539144394,19.30614535136602],[-99.11587820761659,19.306184250921536],[-99.11586186726159,19.306272849260004],[-99.11585096800225,19.306331893314802],[-99.11583567238789,19.306425675855216],[-99.11583476688607,19.306431093281184],[-99.11609281064638,19.306460630543086],[-99.11617634139142,19.306463678374406],[-99.11665627531507,19.3065182621002],[-99.11725291746221,19.306547745935088],[-99.11784958745707,19.306577281480244],[-99.11841084406674,19.306612531168962],[-99.11848703198267,19.306616172455143],[-99.11892356829499,19.306627773702346],[-99.11903024233666,19.30662865032395],[-99.11903757977586,19.306628529936763],[-99.11904269298651,19.306628446004993],[-99.11912974422913,19.306626978469314],[-99.11932512690508,19.306619642486176],[-99.11943371346,19.306615454371364],[-99.11953312013104,19.306616012221546],[-99.11959855970449,19.306619857826625],[-99.11969850716135,19.306626692761867],[-99.12001940694039,19.30664890757135],[-99.1206481818252,19.306706499215778],[-99.1208401509031,19.30672708200725],[-99.12086462280807,19.30663169476102],[-99.12195074258044,19.30304658286554],[-99.12195360910454,19.303035314555583],[-99.12195559258464,19.303016749099722],[-99.12195559977118,19.302988159921245],[-99.12195197327235,19.30296280261052],[-99.12194506522783,19.30293890692987],[-99.12193364045403,19.302908436434738],[-99.12191710022388,19.302874308032138]]]}},{"type":"Feature","properties":{"name":"Nueva Diaz Ordaz","id":"003-069","alc":"Coyoacán","clasif":"Colonia","fuente":"SGIRPC CDMX"},"geometry":{"type":"Polygon","coordinates":[[[-99.14828091063197,19.32656113088609],[-99.14827850494366,19.326558258901894],[-99.14826895585219,19.326540640447483],[-99.14826104349117,19.326517577257086],[-99.1482574969424,19.326499182311128],[-99.14823921622637,19.326390214677588],[-99.14821631008496,19.32621596006772],[-99.14814813693806,19.32566247371188],[-99.14807011645897,19.32512038281554],[-99.14804362963282,19.324903874861555],[-99.1480014168993,19.324518703343735],[-99.14796651285894,19.324206458174025],[-99.14796241654129,19.32416810713379],[-99.14796162961704,19.324147455330962],[-99.14791766157549,19.324148146211048],[-99.1478802862698,19.324149641563718],[-99.14783605142854,19.324152363546318],[-99.14762018716411,19.324170166210386],[-99.1476204979812,19.324027040399624],[-99.14761788388375,19.32393031030765],[-99.14732086851143,19.324172970420186],[-99.1472220322706,19.32424764732198],[-99.14702588872156,19.324409923427332],[-99.14681185971524,19.324581399496385],[-99.1468106990919,19.32458234722877],[-99.14654187015829,19.324801215611707],[-99.14643211040364,19.324891774767238],[-99.1463338239318,19.324972808252934],[-99.14620011778658,19.32508119022284],[-99.14599656223815,19.32501281890314],[-99.14558149206779,19.32485745471057],[-99.14546441463688,19.324813581891274],[-99.14545218227761,19.324808243910756],[-99.14544539730227,19.324821183236384],[-99.14543900399241,19.324832018564493],[-99.14543332304655,19.324842176577913],[-99.14542829966747,19.324849444774767],[-99.14542298164099,19.32485500654734],[-99.14541712103207,19.324859141637322],[-99.14541215514522,19.324861814441537],[-99.14540175714579,19.324864991628292],[-99.14532721404521,19.324873886563918],[-99.14524003793674,19.32488283405661],[-99.14511558982883,19.324894748504953],[-99.14509143682585,19.32489497060278],[-99.14507541716938,19.324893831291657],[-99.1450541378769,19.324890659191706],[-99.14503691986786,19.324887018312683],[-99.14502377392199,19.324882934933168],[-99.14499507544365,19.32487112898979],[-99.14496399014152,19.32485568386126],[-99.14493004101028,19.32484069903327],[-99.14486739340072,19.32481209332628],[-99.1446588665755,19.32472129846535],[-99.14440831656128,19.32460619820867],[-99.14438249179352,19.32458945267818],[-99.14435903588313,19.324571092270922],[-99.14433116654972,19.32454531699881],[-99.14430328913154,19.32451406047062],[-99.14424765826264,19.324444278333964],[-99.14423881345031,19.32443361252093],[-99.14422876938714,19.324424753164934],[-99.14421370194486,19.32441680509027],[-99.1441852505032,19.32440681404816],[-99.14412332513908,19.324387744091847],[-99.14409782286644,19.324381527875605],[-99.14407589588868,19.32437774202768],[-99.1440598672491,19.324376755299735],[-99.14404532262631,19.324376970616633],[-99.14402066477011,19.32438038940859],[-99.14397976806849,19.324388023834317],[-99.1439327457549,19.324396569541694],[-99.14387176721515,19.32441245467221],[-99.14381895975114,19.324429578297003],[-99.14377301002607,19.324447623374198],[-99.14371609187133,19.324471907550453],[-99.14364818552404,19.324506402315155],[-99.14360083622371,19.3245327286006],[-99.1435759591786,19.32454634272009],[-99.1435616130835,19.324552020638407],[-99.14354881748056,19.3245564439552],[-99.14353363415565,19.324561091913438],[-99.143513790371,19.324564954897994],[-99.14349274823383,19.324566767287973],[-99.1434568847927,19.324566762201847],[-99.14338608137865,19.324565606781988],[-99.14333042266196,19.32456345022448],[-99.14320982653004,19.32491653698122],[-99.1431091101153,19.32521706218861],[-99.1430703585906,19.325325110850684],[-99.14304452214469,19.325387758375044],[-99.1429680809039,19.325559246980937],[-99.14315138752751,19.325660208663567],[-99.14339409614759,19.32580392558379],[-99.14353832605639,19.325896683108414],[-99.14357588012685,19.325848404240322],[-99.1436578469049,19.32575141328822],[-99.14370607026602,19.32573120164042],[-99.14382620915546,19.325723477421654],[-99.14382832648462,19.325749231315424],[-99.1438795753716,19.325794126205967],[-99.14407342372508,19.325681474008334],[-99.14429379663392,19.325552623914096],[-99.14445755322201,19.325459245678715],[-99.14459014455794,19.3253726277917],[-99.14479161960816,19.325561353511233],[-99.14478605903653,19.325600254380507],[-99.14483567927795,19.32558767199744],[-99.1452411859837,19.325484759715394],[-99.1453059131932,19.325468566974493],[-99.14534550913423,19.325590125235905],[-99.14535186201992,19.325601513212117],[-99.14535871975883,19.325606760463117],[-99.14537329312768,19.32561111424011],[-99.14542186413676,19.32562107130084],[-99.14544893486791,19.325641726308195],[-99.14545867080895,19.325681242586835],[-99.14545343991902,19.32574403747394],[-99.14545339230828,19.325744443520904],[-99.1454476394972,19.325801206171853],[-99.14542933632333,19.325952240282337],[-99.14561363289037,19.32598969997524],[-99.14563832578088,19.325937663296887],[-99.1456605824404,19.325890727192405],[-99.14568098318048,19.32584772862598],[-99.14572733984242,19.325846379092695],[-99.1458670170893,19.325842295737136],[-99.1459077718571,19.325826931231607],[-99.14600931202695,19.32582020645201],[-99.14643771589097,19.325795250252348],[-99.14643853156129,19.325819351973436],[-99.146438396814,19.325829582827463],[-99.14643736824299,19.32583729432583],[-99.14642979364854,19.325859769310817],[-99.14641067749928,19.325898641287285],[-99.14636177141854,19.325901895594335],[-99.14623092281427,19.32612691902096],[-99.14614475551389,19.32627710598344],[-99.14614382306263,19.326278749663235],[-99.1461146790199,19.326331057495054],[-99.1461101209681,19.32634278704035],[-99.14609513347595,19.326381424938525],[-99.14607397904933,19.326435928264164],[-99.14603283261602,19.32653938925231],[-99.14622029484616,19.326601175902677],[-99.1462273088919,19.326577192973993],[-99.14624340490518,19.32658059900443],[-99.14624542252126,19.3265735021186],[-99.14625459701526,19.32653802361855],[-99.14628364224336,19.326438155155657],[-99.14629333057366,19.326404871305765],[-99.14632812861282,19.326410121074005],[-99.14637022187046,19.326416483016406],[-99.14664753629023,19.326455903318223],[-99.14668929627285,19.32646186769063],[-99.14670758956528,19.326462645873328],[-99.1467381547428,19.326462125389398],[-99.14676763565384,19.32646032319278],[-99.14678974319297,19.326459539923903],[-99.14680939653476,19.326459803556617],[-99.14694423904879,19.326477959457506],[-99.14706188152006,19.326505179741826],[-99.14710418408512,19.326515803882604],[-99.14712793733787,19.32652280498168],[-99.14716204906416,19.326531621839347],[-99.14720462831029,19.326537838821455],[-99.14750446978246,19.32656780562134],[-99.14751347808814,19.32656858295585],[-99.14752180277584,19.326568131983223],[-99.14752739568686,19.32656703082994],[-99.14753476905872,19.326564052036503],[-99.14754063865072,19.32656029590834],[-99.14754678492392,19.326554914752545],[-99.14755796984751,19.32657085392553],[-99.14756254496724,19.32657927066952],[-99.14756394274583,19.32658257582443],[-99.14756519769229,19.326586332799735],[-99.14756609151603,19.326591127350973],[-99.14756629094204,19.32659436892877],[-99.14756594778554,19.32659841496701],[-99.1475632833824,19.326610695493557],[-99.14753509335051,19.326717598849278],[-99.1475347600755,19.32672437191042],[-99.14753748915737,19.32673049394373],[-99.14754122704726,19.32673468493398],[-99.14754801920914,19.326737258527462],[-99.14783834842078,19.326771621421532],[-99.1478396608594,19.32677167567383],[-99.14784085921197,19.32677163074618],[-99.14784193449536,19.32677149511537],[-99.1478435137336,19.326771152647847],[-99.14784501661511,19.326770646575692],[-99.1478459400832,19.326770231206627],[-99.14784747171079,19.326769364865438],[-99.14784847063737,19.326768642631837],[-99.14784961149778,19.32676763133533],[-99.14785062030586,19.326766511534096],[-99.14785159048633,19.32676511199448],[-99.14785230464699,19.326763766707266],[-99.14785284722943,19.326762357843116],[-99.1478532559629,19.32676081419591],[-99.1478545216891,19.32675731068464],[-99.14785722471981,19.326746989185636],[-99.1478694067734,19.326698724979593],[-99.14788932511816,19.326625583522073],[-99.14792870366695,19.326583291277355],[-99.14806450917497,19.326590628059904],[-99.14816003781893,19.326588307924332],[-99.14819416032502,19.326583643069895],[-99.14821590763971,19.326579834385292],[-99.14828091063197,19.32656113088609]]]}},{"type":"Feature","properties":{"name":"Olimpica","id":"003-070","alc":"Coyoacán","clasif":"Colonia","fuente":"SGIRPC CDMX"},"geometry":{"type":"Polygon","coordinates":[[[-99.1729356524067,19.306502923755524],[-99.17292247771472,19.306478895487828],[-99.17285451118032,19.30635486016102],[-99.17270413140515,19.30607935783305],[-99.17265898567224,19.30599781817052],[-99.1726119660536,19.305912864376],[-99.1725654324236,19.30582882277086],[-99.17233481692385,19.30541026900844],[-99.1721040316425,19.30499322157214],[-99.17198304654006,19.304775465271227],[-99.17168433694516,19.30422825131888],[-99.1715454888433,19.30397780583258],[-99.1715320105207,19.303953750063993],[-99.1714986893119,19.303894332961963],[-99.17145244224447,19.30381182655334],[-99.17131047519192,19.303558599604827],[-99.1710854588913,19.303137560175696],[-99.17116754155207,19.30309720334982],[-99.1716495685504,19.302850823105523],[-99.17172432904327,19.30256524449925],[-99.17155194234027,19.30254158191047],[-99.17104356146643,19.302470789969217],[-99.17081028246189,19.302439875978024],[-99.17037881264777,19.30238107299441],[-99.1699011640382,19.30231749168295],[-99.16914864442633,19.302216890319816],[-99.16811387325396,19.302073567246875],[-99.1674735999335,19.301982502867318],[-99.16740985368435,19.301974223051705],[-99.16708094811943,19.30192847718981],[-99.16688530762703,19.30190168604944],[-99.16667805281618,19.30187355704304],[-99.16651546493631,19.301854855803956],[-99.16639756015695,19.30213028216092],[-99.16637618833803,19.302180471388585],[-99.16633274940416,19.302282528479246],[-99.16626509368686,19.302441448680675],[-99.16626347671932,19.302441240965262],[-99.16622819808148,19.302525329245274],[-99.16601106809078,19.30305485245313],[-99.16600559016423,19.303057633286347],[-99.1659544742279,19.303177362520945],[-99.1658890059083,19.30333497367684],[-99.16591737829826,19.303376972658402],[-99.1661426407372,19.303262769621046],[-99.16614494222097,19.30326687897497],[-99.16634843129408,19.303160667359805],[-99.16655535462652,19.30305455571787],[-99.16662441800383,19.303019130612505],[-99.16678079672853,19.30293894338596],[-99.16681492372616,19.302921434297495],[-99.16704256220909,19.302807392874914],[-99.16710743045405,19.302774884204567],[-99.16726692812934,19.302692565446698],[-99.16729958099164,19.302675724411657],[-99.16738874147855,19.30262970659658],[-99.16739623612295,19.302626176285752],[-99.16739998389431,19.30263279519453],[-99.16749502295639,19.302584447565067],[-99.16749296761101,19.302580628147595],[-99.16752179724347,19.302567046959304],[-99.16757665915448,19.30254122074013],[-99.16758943319783,19.302535196995496],[-99.16772125198263,19.3024684279483],[-99.16803827463292,19.303058252191192],[-99.16825122206765,19.303442877413516],[-99.16844998779901,19.303791192526262],[-99.168515400423,19.303910362516884],[-99.16856320606752,19.303996156683393],[-99.1686934510039,19.30423891929789],[-99.16886006962449,19.304526958710415],[-99.16894840545795,19.30469049219014],[-99.16922746530436,19.30519652507078],[-99.16936835527687,19.305439612307804],[-99.16950797053998,19.3056632217938],[-99.16956268333072,19.30572946559601],[-99.16957502977598,19.305744238529883],[-99.16960771228266,19.305772817900774],[-99.16965358744757,19.30581132162191],[-99.16999307247156,19.30603077383853],[-99.17002700183983,19.30605856724926],[-99.17004924053299,19.306080058963072],[-99.17008332171655,19.306113135001944],[-99.17017951511384,19.306229621714124],[-99.17023707286903,19.30631446682594],[-99.17026964218793,19.306372709696706],[-99.1703506845996,19.30652946149866],[-99.17045928552756,19.306759996834057],[-99.17053548781651,19.306912721238632],[-99.1706483404707,19.307142091165108],[-99.17067028541476,19.307196154119236],[-99.1706826803691,19.307245421936855],[-99.17068964410915,19.3072939038354],[-99.17069189079567,19.30738729244842],[-99.17068923807062,19.30742755834977],[-99.17068743245694,19.307479778957408],[-99.17094325737845,19.307372044051302],[-99.17095745884477,19.3073660747433],[-99.17101747708556,19.307339985618306],[-99.1711606083547,19.30727780170194],[-99.17125303331937,19.307237633259845],[-99.17135425548557,19.30719365397614],[-99.17164790756543,19.307067198739045],[-99.17193837332098,19.306937916008216],[-99.17193984745633,19.30693726574964],[-99.1722788878143,19.30679120334612],[-99.17262903763728,19.30663671456371],[-99.1729356524067,19.306502923755524]]]}},{"type":"Feature","properties":{"name":"Parque San Andres","id":"003-071","alc":"Coyoacán","clasif":"Colonia","fuente":"SGIRPC CDMX"},"geometry":{"type":"Polygon","coordinates":[[[-99.15573753115805,19.34360348504977],[-99.1557174574047,19.343600945626264],[-99.15495922001614,19.34349642153213],[-99.1543210658214,19.343412598444147],[-99.15431230365417,19.34341144231],[-99.15254481533199,19.34315682901194],[-99.15164350506474,19.343035330445034],[-99.15114293234741,19.342966741178184],[-99.15061882287128,19.342894311369445],[-99.1501239310998,19.342824952414748],[-99.14906517401097,19.34267930690531],[-99.14884559880608,19.34264929644343],[-99.14815002699342,19.342553689445555],[-99.14761885226758,19.342476410274035],[-99.14711391643291,19.34240168661273],[-99.14661910371316,19.342327117182432],[-99.14624752098575,19.342277790438295],[-99.14580455722758,19.34222075125959],[-99.14534859844052,19.342161398079917],[-99.14487318394103,19.342098962959984],[-99.1443912629439,19.342036524425584],[-99.14369522041402,19.341947275863394],[-99.14385701867477,19.342578866005624],[-99.1440060177394,19.343174469406716],[-99.14435222306001,19.344456804533895],[-99.14466793506831,19.345715802114842],[-99.14473479218327,19.345982322635297],[-99.14475320046012,19.34606247517836],[-99.14477676326999,19.34615778092098],[-99.14484646894277,19.346472494678324],[-99.14488701530146,19.346630398871696],[-99.14493135614387,19.346808530600693],[-99.14505395551889,19.347301160702454],[-99.14512449392998,19.347578815887395],[-99.1453265133593,19.348408681551692],[-99.14533140109272,19.3484290268527],[-99.14537270832447,19.34860078282682],[-99.14540316570412,19.348726032868466],[-99.1454484066585,19.348933015526537],[-99.14547097054182,19.349039563541297],[-99.14617444124077,19.349173206788574],[-99.14629058711883,19.349195442935333],[-99.1468818321877,19.349307616134087],[-99.14748336296657,19.34942331007987],[-99.14806846355886,19.34953459316946],[-99.14965858581633,19.349118996685817],[-99.1506058988093,19.348870143104556],[-99.15064846458073,19.348781345800393],[-99.15068479784073,19.348698462000893],[-99.15071180658803,19.348619595681686],[-99.15073397251768,19.348542698250455],[-99.15075013410798,19.348475074148467],[-99.1510086521787,19.34727748764],[-99.15108693047429,19.346915995397165],[-99.15110772018488,19.346800322558547],[-99.15111302204174,19.34676482556851],[-99.1511194997932,19.346686616891066],[-99.15111950697977,19.346606430751027],[-99.1511360782018,19.346230737330607],[-99.15112962739977,19.345731276631398],[-99.15112720554171,19.34568691188263],[-99.1511239635219,19.34565629085856],[-99.1511088727234,19.345578134200757],[-99.15106629886718,19.345367478046523],[-99.15102142262882,19.34515087064486],[-99.1513563109735,19.345083769799867],[-99.15169274891203,19.345016407019543],[-99.15194166668736,19.344961795469796],[-99.15175647449993,19.344895734549738],[-99.15177039479359,19.34487861476624],[-99.15178826318294,19.34486201879656],[-99.15179896750782,19.34485391067304],[-99.15180873848317,19.344847789319196],[-99.15182265877685,19.344840177887654],[-99.15183118289055,19.34483592548732],[-99.15184355179369,19.344830779718546],[-99.15187412146281,19.344820189825647],[-99.15193544944725,19.34480109597756],[-99.15198886237576,19.34478669782282],[-99.15208216679106,19.34476222511025],[-99.15319888767353,19.34447633832665],[-99.15442234098823,19.34416957546191],[-99.1548030559888,19.344072690322907],[-99.15581483657813,19.343815108053608],[-99.15578793293373,19.343788675535727],[-99.15577402431818,19.34377402809621],[-99.15576047772369,19.3437587305432],[-99.15574827231391,19.343743974607786],[-99.15573832257382,19.343729101701573],[-99.15573346178984,19.343716170654865],[-99.15573127439211,19.34370306754361],[-99.1557293726586,19.343684627915238],[-99.15572861268393,19.34366871753599],[-99.15572861358223,19.343651180602482],[-99.15573356240114,19.3436231604947],[-99.15573753115805,19.34360348504977]]]}},{"type":"Feature","properties":{"name":"Paseos De Taxqueña","id":"003-072","alc":"Coyoacán","clasif":"Colonia","fuente":"SGIRPC CDMX"},"geometry":{"type":"Polygon","coordinates":[[[-99.13178775577731,19.340000378052032],[-99.13158212152726,19.339942843912926],[-99.13121584784321,19.339845240022736],[-99.13077925583536,19.339725822452433],[-99.13034633164878,19.339623904867427],[-99.13011545114604,19.339556160097526],[-99.1297420026178,19.339431768444893],[-99.12892258726339,19.339216938269416],[-99.12830368306697,19.339044173066235],[-99.12772382324599,19.338869580191542],[-99.12713083993708,19.338678728736202],[-99.12577923476057,19.338271220688004],[-99.12549844116567,19.338199098181708],[-99.12340086419746,19.33773985862372],[-99.12270189944799,19.33758683075497],[-99.12250830621603,19.33827069261303],[-99.1221604533852,19.339496869521092],[-99.12206349911487,19.339848394032053],[-99.12181990655257,19.340741450058356],[-99.12171934913965,19.341112397589715],[-99.12161139499868,19.341570907187467],[-99.12126920514743,19.34274081790937],[-99.121073661673,19.34341503276742],[-99.12075711063827,19.34448947358475],[-99.1206777292115,19.344785512032647],[-99.12063511313445,19.345001689339753],[-99.12056099853025,19.345446517151615],[-99.12050773831537,19.345721369109892],[-99.12043074281405,19.34608671376068],[-99.12030196662309,19.346607180867316],[-99.12006650022084,19.347458111408944],[-99.11995828287355,19.34787393503709],[-99.11954066238613,19.34942956687396],[-99.11949267977354,19.349570097185214],[-99.11952198012317,19.349614993154233],[-99.1197542278618,19.349927167699104],[-99.11991048980543,19.35015930642503],[-99.12001396764137,19.350323408718424],[-99.12012373098926,19.35043145432752],[-99.12022925788234,19.350517474098556],[-99.1203347838771,19.350607494346313],[-99.12040732193795,19.350670117761382],[-99.12050005592306,19.350708744817073],[-99.12071960867006,19.350805575162088],[-99.120816547669,19.35084708306587],[-99.12093017467096,19.350887837472275],[-99.1211019397398,19.35094106720041],[-99.12118920837473,19.35096407947705],[-99.12125436767386,19.350977297274362],[-99.12129965354396,19.35098447870361],[-99.12132906169143,19.350989009792936],[-99.12135369349652,19.350991273642425],[-99.12142838841238,19.350994687639158],[-99.12160146951314,19.351005458510528],[-99.12181064941355,19.351009230179937],[-99.1220480588718,19.35101131095489],[-99.1228183696178,19.351026930750578],[-99.12328814449398,19.351035115695844],[-99.12379120195139,19.351041085950712],[-99.12451663376416,19.35105552338927],[-99.12576106813059,19.351078517003213],[-99.12627475175951,19.351089242100436],[-99.12676878024998,19.35109191532282],[-99.1271170993065,19.35108881323223],[-99.12756586079152,19.351084168571894],[-99.12791807943464,19.351086086613158],[-99.1279247799683,19.350875958823337],[-99.1279584614016,19.349901915143743],[-99.12790792667529,19.34988253456334],[-99.127847735958,19.34985615388243],[-99.12782031937553,19.349841275600305],[-99.1277989547431,19.349826399012027],[-99.12778400138689,19.349812868367238],[-99.12775266006493,19.349779396883363],[-99.12732290333805,19.349262081856384],[-99.12702026002052,19.348895902670805],[-99.12697944596394,19.348846996615368],[-99.1269753469513,19.348841252583256],[-99.12697303648439,19.34883710708211],[-99.12697179052107,19.348834235489644],[-99.12697072601742,19.348829584832078],[-99.12697028135139,19.34882062678552],[-99.12696983848194,19.348802033476343],[-99.12695785226111,19.348284808584275],[-99.12693419692474,19.34743356959505],[-99.12691794190968,19.34690248315802],[-99.12689283579412,19.345875572592274],[-99.12687783572548,19.34558810699572],[-99.12686689065207,19.345171955456163],[-99.12684531311892,19.344308805845248],[-99.12736769333813,19.344344416948015],[-99.12813640598127,19.344390706114865],[-99.12858058426171,19.344419343144025],[-99.12878078280592,19.344430880679997],[-99.12882298565799,19.344434772013003],[-99.12885824273629,19.344438328543966],[-99.12887747027662,19.344441122234514],[-99.12888522363582,19.344442939489365],[-99.12889349981452,19.344445947622717],[-99.12890035845173,19.34444915494197],[-99.12890836783079,19.344453888789268],[-99.12891579689821,19.34445981351457],[-99.12892216056366,19.344466234933357],[-99.1290053301859,19.344429879664087],[-99.12908451308495,19.34443643330961],[-99.1291612696344,19.344442797940154],[-99.12917283813866,19.344443748100026],[-99.1292538095834,19.344450456008293],[-99.12940143422563,19.344461683320493],[-99.12941861630209,19.3444629962532],[-99.12982233176714,19.344493699718388],[-99.12996030940154,19.344504202329677],[-99.1300144328974,19.34450831234176],[-99.13010792506057,19.344515428790558],[-99.1302266850361,19.344524545574597],[-99.13052891782354,19.344547768113404],[-99.13053535874415,19.344548257178378],[-99.130558143613,19.344550013405026],[-99.13063176144884,19.344555662656955],[-99.13078176482993,19.344567187469373],[-99.1308290099257,19.34457099827716],[-99.13084385099248,19.344572184069023],[-99.13102688632493,19.344586921282403],[-99.13108881079069,19.344591900081877],[-99.13111090216017,19.344593683431125],[-99.13120994052191,19.344601649170922],[-99.13118925860915,19.34454871064422],[-99.1312486956399,19.34453217058265],[-99.13127401375785,19.344525113466567],[-99.13129300504131,19.34451986173783],[-99.13136425851131,19.344502294382124],[-99.13131073059847,19.344378852420984],[-99.131294215072,19.34437999583418],[-99.13123929746541,19.344262260679535],[-99.13118359473128,19.3441236388347],[-99.13110420881299,19.343957298568238],[-99.13101770015284,19.343776257293985],[-99.13095219949385,19.34363764181728],[-99.13093111154258,19.34357492416202],[-99.13092470924953,19.343572728865624],[-99.13091962927658,19.343570533569203],[-99.13091313176214,19.34356757034274],[-99.13090574042401,19.343562503361255],[-99.13089364101543,19.34355108697134],[-99.1308732483602,19.34352750490623],[-99.13086230149014,19.343510852009576],[-99.13084868392875,19.343482620824016],[-99.1308317776351,19.343442389235864],[-99.13082038699729,19.34341094391795],[-99.13080851306586,19.34336896115851],[-99.13083245676141,19.343292553712274],[-99.1307972428023,19.343219846033076],[-99.13069011241645,19.342980564815313],[-99.13070113115172,19.342929754954433],[-99.13070201689062,19.34292689258174],[-99.130733368094,19.342826674755536],[-99.13074148886422,19.342800742166705],[-99.1307656804948,19.342723385979646],[-99.13084161957732,19.342462785782722],[-99.13084416091128,19.342454090145853],[-99.130875894797,19.34234515773933],[-99.13089359430306,19.342284452664522],[-99.13090470466645,19.342246293191668],[-99.1309471294024,19.34210072853666],[-99.13094764413705,19.342099257081458],[-99.13095909765693,19.34205742316449],[-99.13098045420453,19.341979480077],[-99.1309858458928,19.341959795957884],[-99.13099565459741,19.34194406849497],[-99.13100629693857,19.34191927241536],[-99.1310312485439,19.34184793980155],[-99.13107522017877,19.341718024296988],[-99.1311268751042,19.34165391242538],[-99.13131034971279,19.34137978680554],[-99.13140760042711,19.341238837499425],[-99.13142470255352,19.341211795975294],[-99.13143770297232,19.34118965706429],[-99.1314546245373,19.34115973448068],[-99.13147066305841,19.34112526103339],[-99.13148670247782,19.34108232665889],[-99.13151021857531,19.341004582296044],[-99.13162854376621,19.340585412560692],[-99.13178775577731,19.340000378052032]]]}},{"type":"Feature","properties":{"name":"Pedregal De Carrasco","id":"003-073","alc":"Coyoacán","clasif":"Colonia","fuente":"SGIRPC CDMX"},"geometry":{"type":"Polygon","coordinates":[[[-99.18053360757136,19.303411103923388],[-99.18052227891734,19.303411421005528],[-99.18027198402464,19.303418563831023],[-99.18003103879748,19.303424677411225],[-99.17980006127664,19.303429426012176],[-99.17942010355587,19.303426752857654],[-99.17933945550462,19.30342590080554],[-99.17916347284547,19.303424061898934],[-99.17883412620785,19.303415279403115],[-99.17845415860556,19.30340041384711],[-99.17808417757438,19.303378106184795],[-99.1777783524241,19.303357138912443],[-99.1771888060694,19.303302352352098],[-99.17654383456002,19.303227818488782],[-99.17592648444901,19.303141875551677],[-99.17531696405402,19.30305838614599],[-99.174641033905,19.302964251527104],[-99.1740488060792,19.30288369208246],[-99.17324501332594,19.302775036811614],[-99.17324214141196,19.30277463070745],[-99.1728856108555,19.302723632845026],[-99.17244005276274,19.302664193252813],[-99.17174388446871,19.30256793547209],[-99.17172432904327,19.30256524449925],[-99.1716495685504,19.302850823105523],[-99.17116754155207,19.30309720334982],[-99.1710854588913,19.303137560175696],[-99.17131047519192,19.303558599604827],[-99.17145244224447,19.30381182655334],[-99.1714986893119,19.303894332961963],[-99.1715320105207,19.303953750063993],[-99.1715454888433,19.30397780583258],[-99.17168433694516,19.30422825131888],[-99.17198304654006,19.304775465271227],[-99.1721040316425,19.30499322157214],[-99.17233481692385,19.30541026900844],[-99.1725654324236,19.30582882277086],[-99.1726119660536,19.305912864376],[-99.17265898567224,19.30599781817052],[-99.17270413140515,19.30607935783305],[-99.17285451118032,19.30635486016102],[-99.17292247771472,19.306478895487828],[-99.1729356524067,19.306502923755524],[-99.17262903763728,19.30663671456371],[-99.1722788878143,19.30679120334612],[-99.17193984745633,19.30693726574964],[-99.17193837332098,19.306937916008216],[-99.17164790756543,19.307067198739045],[-99.17135425548557,19.30719365397614],[-99.17125303331937,19.307237633259845],[-99.1711606083547,19.30727780170194],[-99.17101747708556,19.307339985618306],[-99.17095745884477,19.3073660747433],[-99.17094325737845,19.307372044051302],[-99.17068743245694,19.307479778957408],[-99.17068923807062,19.30742755834977],[-99.17069189079567,19.30738729244842],[-99.17068964410915,19.3072939038354],[-99.1706826803691,19.307245421936855],[-99.17067028541476,19.307196154119236],[-99.1706483404707,19.307142091165108],[-99.17053548781651,19.306912721238632],[-99.17045928552756,19.306759996834057],[-99.1703506845996,19.30652946149866],[-99.17026964218793,19.306372709696706],[-99.17023707286903,19.30631446682594],[-99.17017951511384,19.306229621714124],[-99.17008332171655,19.306113135001944],[-99.17004924053299,19.306080058963072],[-99.17002700183983,19.30605856724926],[-99.16999307247156,19.30603077383853],[-99.16965358744757,19.30581132162191],[-99.16960771228266,19.305772817900774],[-99.16957502977598,19.305744238529883],[-99.16956268333072,19.30572946559601],[-99.16950797053998,19.3056632217938],[-99.16936835527687,19.305439612307804],[-99.16922746530436,19.30519652507078],[-99.16894840545795,19.30469049219014],[-99.16886006962449,19.304526958710415],[-99.1686934510039,19.30423891929789],[-99.16856320606752,19.303996156683393],[-99.168515400423,19.303910362516884],[-99.16844998779901,19.303791192526262],[-99.16825122206765,19.303442877413516],[-99.16803827463292,19.303058252191192],[-99.16772125198263,19.3024684279483],[-99.16758943319783,19.302535196995496],[-99.16757665915448,19.30254122074013],[-99.16752179724347,19.302567046959304],[-99.16749296761101,19.302580628147595],[-99.16749502295639,19.302584447565067],[-99.16739998389431,19.30263279519453],[-99.16739623612295,19.302626176285752],[-99.16738874147855,19.30262970659658],[-99.16729958099164,19.302675724411657],[-99.16726692812934,19.302692565446698],[-99.16710743045405,19.302774884204567],[-99.16704256220909,19.302807392874914],[-99.16681492372616,19.302921434297495],[-99.16678079672853,19.30293894338596],[-99.16662441800383,19.303019130612505],[-99.16655535462652,19.30305455571787],[-99.16634843129408,19.303160667359805],[-99.16614494222097,19.30326687897497],[-99.1661426407372,19.303262769621046],[-99.16591737829826,19.303376972658402],[-99.1658890059083,19.30333497367684],[-99.1659544742279,19.303177362520945],[-99.16600559016423,19.303057633286347],[-99.16601106809078,19.30305485245313],[-99.16622819808148,19.302525329245274],[-99.16626347671932,19.302441240965262],[-99.16626509368686,19.302441448680675],[-99.16633274940416,19.302282528479246],[-99.16637618833803,19.302180471388585],[-99.16639756015695,19.30213028216092],[-99.16651546493631,19.301854855803956],[-99.16603822865342,19.301789368385197],[-99.1655830307394,19.30172691444672],[-99.16490736828835,19.301634197468495],[-99.16426542499978,19.301546101919946],[-99.16422249541066,19.301831460176068],[-99.16416269096894,19.30223977296198],[-99.16404069705843,19.302230452037296],[-99.16399516594825,19.30222395858947],[-99.16396477684049,19.30223832488678],[-99.16390405521885,19.302237141331076],[-99.16367069177264,19.302248442760977],[-99.16356160485611,19.302256785301378],[-99.16355734324844,19.302253353329522],[-99.16355692463348,19.30225393154216],[-99.16351261074054,19.302273083775404],[-99.16350968133442,19.302273083775404],[-99.16350697021883,19.30229938820684],[-99.16342759597872,19.30232622421644],[-99.16336159495812,19.302371914858917],[-99.16326318811203,19.30245592856655],[-99.16323844850909,19.302477040931418],[-99.1632062421095,19.30250096974431],[-99.16321954795549,19.302527193596507],[-99.1632299908707,19.302552974883607],[-99.16323687645733,19.302577816784897],[-99.16324225916254,19.302599578562024],[-99.16324685314686,19.30262945988174],[-99.16324904952778,19.302649650646895],[-99.1632501239128,19.302677002919527],[-99.1632498283671,19.302696499316916],[-99.16324883932198,19.302715814279164],[-99.1632461371896,19.302732709570435],[-99.1632404301926,19.30276367352742],[-99.163228416124,19.302807541242714],[-99.16319206040612,19.302929284222635],[-99.16319082432432,19.30293443131135],[-99.16319055752469,19.302937031561832],[-99.163190624,19.302941799676606],[-99.16319088990133,19.302945926842806],[-99.16319180348799,19.30295283484381],[-99.16319258322562,19.302957295201104],[-99.16319519822144,19.302965350295953],[-99.16319832795185,19.302973161219512],[-99.16320393882916,19.302984070060113],[-99.16328137001337,19.30309624277568],[-99.16330327453323,19.303124859912987],[-99.16330673664035,19.303128832772263],[-99.16331019874747,19.303134593672485],[-99.16331156867825,19.303138648769504],[-99.16331300418608,19.303144572449714],[-99.16331424026795,19.303152130715954],[-99.16331456366144,19.30315771103078],[-99.16331430674326,19.303162912372418],[-99.16331346053026,19.303168736857515],[-99.16331006489847,19.30318311239776],[-99.16320562227199,19.30346619481209],[-99.16308656764905,19.303827349973187],[-99.16307847293002,19.3038603187956],[-99.163072204486,19.303891797160293],[-99.16306777130004,19.303916584598426],[-99.16310886113949,19.30392541708824],[-99.16313076565935,19.303931422129647],[-99.16323353831777,19.303945737408444],[-99.16328824841351,19.30392947470907],[-99.1633801775081,19.30393295327536],[-99.16338774940762,19.303912626170995],[-99.16338801620724,19.303911895358343],[-99.16359176309683,19.303919078009155],[-99.16369255766499,19.303882020207542],[-99.16369349909938,19.30388118935305],[-99.16375102451524,19.303881298720707],[-99.16398088004026,19.303954427464507],[-99.16411899691354,19.303998378793708],[-99.16420092865732,19.304024440474027],[-99.16421722229997,19.304029606180045],[-99.16425410802385,19.304041282218144],[-99.16419810076081,19.304209593587235],[-99.1641135109021,19.304454253278625],[-99.16391246434821,19.305012723627975],[-99.1637918412668,19.305377103808073],[-99.16368139519928,19.30572760382469],[-99.1635675624831,19.306095703402974],[-99.16325710741586,19.307153643203126],[-99.16315391704084,19.307489451416625],[-99.16338206127527,19.307712155202857],[-99.16345978081864,19.30778558065602],[-99.16350054726459,19.307824283981898],[-99.16352606750351,19.307849966090444],[-99.16354988453661,19.307878898621734],[-99.16357750593498,19.30791254485938],[-99.16370841382808,19.308057913617787],[-99.16376184112963,19.308096246395433],[-99.16386889515866,19.308153038913318],[-99.16401557567147,19.30823134912408],[-99.16403594586889,19.30824377515455],[-99.16415996368374,19.308319421573007],[-99.1646392220743,19.308597581328495],[-99.16511715994147,19.30887447486817],[-99.16537337024032,19.309024403001928],[-99.16570001564386,19.30920586429382],[-99.16592577844449,19.309343971494364],[-99.16698490743578,19.309963218555186],[-99.16739007817166,19.31020175546504],[-99.16763238524484,19.31034083507271],[-99.16808651596033,19.310601801039432],[-99.16832006356113,19.310737711323302],[-99.16840550053116,19.310787447741173],[-99.16846216356433,19.310822348087015],[-99.16853321850667,19.31086954793793],[-99.16855608512225,19.310886370326],[-99.16857627026667,19.310902642506953],[-99.16859703482449,19.310920910346574],[-99.16861703850921,19.310940442215568],[-99.16868581083243,19.31101097531084],[-99.16872828228078,19.311060893069143],[-99.16875571593123,19.311092904145134],[-99.16877667093186,19.311119308043075],[-99.16881782006006,19.311171392675817],[-99.16886391621058,19.311231432790354],[-99.16891783129728,19.3113016054569],[-99.16903307885998,19.311329993955685],[-99.16905517561938,19.311361102101777],[-99.16906676119157,19.311376669737022],[-99.1690934330707,19.311410316102734],[-99.16911639580597,19.311437477857147],[-99.16916177779582,19.311489625971422],[-99.1691926735534,19.311522558490676],[-99.16932395065406,19.311633229035014],[-99.1694687438065,19.31175121321559],[-99.16961214906183,19.31185990575927],[-99.16969101395723,19.311907647035166],[-99.169750835467,19.31194055997148],[-99.16979783532264,19.311960588511095],[-99.16986417231311,19.311984688033622],[-99.16991461451292,19.312000625236557],[-99.16995904608522,19.31201326716167],[-99.17007714759563,19.31204328070889],[-99.17033774077468,19.31211489338488],[-99.17059760182684,19.312192420056554],[-99.17077694777832,19.31203822716136],[-99.17143431783529,19.31151102710783],[-99.17146061781185,19.31148948948027],[-99.17158366185296,19.31138876489751],[-99.1716585193639,19.311333779257957],[-99.1717034818405,19.31130104338392],[-99.17175738524911,19.31126722489789],[-99.17191395890819,19.311177741647114],[-99.17290941800718,19.310737999566822],[-99.17342297766854,19.31050812093155],[-99.17448298521224,19.310054417526963],[-99.1753449923892,19.30968652947854],[-99.17556738560916,19.30959820427935],[-99.17583558662035,19.309501253703004],[-99.1763453275435,19.309326530914102],[-99.17646876055514,19.309284562284905],[-99.1765487627177,19.309252365190513],[-99.17674534913617,19.309173143253894],[-99.17727095969708,19.308940896252157],[-99.17830616924738,19.30850786771429],[-99.17924946407604,19.30810806202824],[-99.17974888515322,19.307917835915458],[-99.18008641903639,19.30778904218454],[-99.18043514952123,19.30767464130123],[-99.18043156344665,19.307562949032175],[-99.1804277420134,19.307475049973316],[-99.18042773842015,19.307429475208284],[-99.18040521585937,19.30687606936138],[-99.18039184443636,19.30644744898952],[-99.18038611498147,19.306295897503222],[-99.18037160718964,19.305924790380672],[-99.18036278034369,19.30568849221018],[-99.1803570329225,19.30554587161573],[-99.18034273533642,19.305190846480272],[-99.1803359288015,19.30500725613448],[-99.18032746307824,19.304775752677447],[-99.18030797233155,19.304062468985574],[-99.18030681799644,19.303909825004926],[-99.18032386083397,19.3038846840288],[-99.18033595754758,19.303868501017547],[-99.18035662418899,19.303839287151416],[-99.18040004964818,19.303786837320246],[-99.18042595616267,19.303759889639235],[-99.1804577610153,19.303730412932076],[-99.18049375920363,19.303699662806544],[-99.180540609939,19.303663484983918],[-99.18054937929278,19.3036604142094],[-99.18055823488483,19.303657875860743],[-99.18057280555878,19.303654262486486],[-99.18059070628748,19.303651091670105],[-99.18067852469132,19.303636348220508],[-99.18053360757136,19.303411103923388]]]}},{"type":"Feature","properties":{"name":"Pedregal De Santa Ursula","id":"003-074","alc":"Coyoacán","clasif":"Colonia","fuente":"SGIRPC CDMX"},"geometry":{"type":"Polygon","coordinates":[[[-99.16403594586889,19.30824377515455],[-99.16401557567147,19.30823134912408],[-99.16386889515866,19.308153038913318],[-99.16376184112963,19.308096246395433],[-99.16370841382808,19.308057913617787],[-99.16357750593498,19.30791254485938],[-99.16354988453661,19.307878898621734],[-99.16352606750351,19.307849966090444],[-99.16350054726459,19.307824283981898],[-99.16345978081864,19.30778558065602],[-99.16338206127527,19.307712155202857],[-99.16315391704084,19.307489451416625],[-99.16286833273055,19.307212864128655],[-99.16268508359911,19.3070335591098],[-99.1623526476552,19.306704694258006],[-99.16222739106358,19.306581963861575],[-99.16186553888731,19.30620723304887],[-99.16176576390703,19.306107917645974],[-99.16137597861703,19.30569979340159],[-99.16127038435033,19.305589604632306],[-99.16099191200215,19.305295171262454],[-99.16067724114131,19.304972516478493],[-99.16030124319427,19.3045804180425],[-99.15993245602407,19.304204076893857],[-99.15964513257536,19.303921397618712],[-99.15964490889486,19.304040865095697],[-99.15965214302784,19.304354579036236],[-99.15965478766802,19.304574624128886],[-99.15965565005074,19.304645564373565],[-99.15965797219573,19.304838808241694],[-99.15965968079142,19.304933217318506],[-99.15966135075952,19.30502480993338],[-99.15966158791478,19.305038336658118],[-99.159663001863,19.305115941291486],[-99.15966304947372,19.305118948453305],[-99.15966347617348,19.305142137594622],[-99.15966360912417,19.305149812765556],[-99.1596636181073,19.30514992128448],[-99.15966621873001,19.305293183163574],[-99.15966632293463,19.30529933312927],[-99.15966870616505,19.30540071342302],[-99.15966892445569,19.305410385157373],[-99.15967130768611,19.305512036679083],[-99.15967235152847,19.30555629279855],[-99.1596730162818,19.305584963764773],[-99.15967334865844,19.305598815151235],[-99.15967464941897,19.305654404658267],[-99.15967204340636,19.305654486047185],[-99.15967284919512,19.305713298875478],[-99.15967362803453,19.305750746250627],[-99.15967516505192,19.305825452763447],[-99.15967541208867,19.305837733155013],[-99.15967599150198,19.305865491838766],[-99.15967756714699,19.30594216604309],[-99.15968048128181,19.306083288230695],[-99.15968123047675,19.306120031847794],[-99.15968448686966,19.306278031003178],[-99.15968630865305,19.306374065325368],[-99.15968635626378,19.306376856275637],[-99.15968800736725,19.306463932713708],[-99.15968820679325,19.306474859125093],[-99.15968845382994,19.30648756506224],[-99.15968973482754,19.306555787288296],[-99.15968981028605,19.30655943535808],[-99.15969009505197,19.30657442525307],[-99.15969535558627,19.306795120161883],[-99.15969575264162,19.306848109073915],[-99.15969690607848,19.307006216043717],[-99.1596970012999,19.307018343743646],[-99.15969739027041,19.307036177946543],[-99.15969786458088,19.307057362630495],[-99.15969962168555,19.30713680008393],[-99.15970019121742,19.307162896871468],[-99.15970075086787,19.307187955955662],[-99.15970080836003,19.30719080030303],[-99.15970158630113,19.307226080380026],[-99.15970457230111,19.30746480864467],[-99.15970875036547,19.307639007792037],[-99.1594554470149,19.307524749232886],[-99.15945329734649,19.307523774272244],[-99.15944499421825,19.307520035510215],[-99.15924779065723,19.307431080926836],[-99.15924094279983,19.307427983941523],[-99.15923833588887,19.307426836878573],[-99.15923718514695,19.30742632226854],[-99.15921486201216,19.307416469225878],[-99.15906249606189,19.30734915280136],[-99.15903187788375,19.307335615246462],[-99.15896256746967,19.30730500059778],[-99.15893635373135,19.30729341381102],[-99.15893175974696,19.30729139097683],[-99.15884271244786,19.30725204320204],[-99.15882673321558,19.30724488189246],[-99.1588245835471,19.307243924733893],[-99.15879226306144,19.307229438489568],[-99.15879121742249,19.307228978137736],[-99.15871602843322,19.30719528343533],[-99.1586880926245,19.307182775936884],[-99.15866668217805,19.30717317636971],[-99.15864274207568,19.307162456018826],[-99.15840623811926,19.30705649618473],[-99.15834242449644,19.307028553731833],[-99.15831091339292,19.307014745703963],[-99.15827184027127,19.30699764060192],[-99.15808588990582,19.30691619889362],[-99.15807171718558,19.306909552180983],[-99.15788513979601,19.30682192406536],[-99.1578634158375,19.3068121617003],[-99.15783533809494,19.306799527851084],[-99.15755435944715,19.306673174044807],[-99.15750405289292,19.306650542122753],[-99.1574573135487,19.306629499815948],[-99.1574484867027,19.30662551686813],[-99.15738109868336,19.306595172533658],[-99.15735041402989,19.30658134581773],[-99.1573410931105,19.3065771551586],[-99.1572816848258,19.3065503961481],[-99.15724357200325,19.30653202693227],[-99.15722835364402,19.3065246850104],[-99.1571445480145,19.306484289173728],[-99.15710803419314,19.30646669653293],[-99.15699867149385,19.306413972857822],[-99.15694142275915,19.306384938331604],[-99.15690487929335,19.30636889036759],[-99.15690457476448,19.306368619072334],[-99.15678941074503,19.30631310526212],[-99.15671903582738,19.306278488814254],[-99.15671652503616,19.306277261202396],[-99.15663481248126,19.30623707216737],[-99.15663447920633,19.306236900912186],[-99.15656751878505,19.306203973263035],[-99.15655426054978,19.30619744436548],[-99.15647415508093,19.306158050546273],[-99.15637121353923,19.30610833391533],[-99.15629655814924,19.306071451256493],[-99.15625924572561,19.306053027727692],[-99.1562566298315,19.306051727203336],[-99.15616203902871,19.30600499988191],[-99.15615281333073,19.306000448045225],[-99.15613372413092,19.305991011186325],[-99.15612255717367,19.305985502183308],[-99.15604582937031,19.305947589419745],[-99.15592616658795,19.305888479945608],[-99.15584070716002,19.305849916896516],[-99.1557589757405,19.305804680798932],[-99.15543168085497,19.30564995709146],[-99.15541654783564,19.30564296696754],[-99.1554027092887,19.305636590651858],[-99.15535102471881,19.305612242635632],[-99.15531911386499,19.30559722382725],[-99.1552782719606,19.305577987203066],[-99.15522336333721,19.30555213941632],[-99.15491490163159,19.305400207284688],[-99.15480642556946,19.30534678721955],[-99.15458553523094,19.305238827088164],[-99.15462128278935,19.305228871329373],[-99.15458323015392,19.305018041907704],[-99.15456753658592,19.305021201676162],[-99.15421941426052,19.305096614743288],[-99.15387485195853,19.305171258817442],[-99.15376584948366,19.305266240817534],[-99.15373290826223,19.30529428530793],[-99.1537037435582,19.30531459189329],[-99.15368499571821,19.305326094887803],[-99.15365905596606,19.30533993612242],[-99.15364125944193,19.305348567606085],[-99.15353825411992,19.30538882553129],[-99.15319043273009,19.30550133317532],[-99.15298063748372,19.305577531085596],[-99.15283408722658,19.30562786253398],[-99.15271745176668,19.305667938113316],[-99.15267385922093,19.305682265957085],[-99.15263830390198,19.30569273799925],[-99.1526140673556,19.305698668369363],[-99.15257430792114,19.305706214648385],[-99.1525330267406,19.305713047078484],[-99.15246562614482,19.305723642897735],[-99.15242340352981,19.30572903067396],[-99.15236736033415,19.305734959347067],[-99.15233062552727,19.305738911795807],[-99.15225981133341,19.30574429702817],[-99.15217839162932,19.3057457348987],[-99.15211175280488,19.305746804823592],[-99.15205797426212,19.305742844744984],[-99.15201859571332,19.305737451034517],[-99.15191370303086,19.30572341907817],[-99.151845923346,19.30571190932923],[-99.15178912107402,19.305701122754087],[-99.15174065067623,19.305689252687966],[-99.15166416092642,19.30566048593842],[-99.15156760191479,19.305616970825845],[-99.1514472662943,19.305554093600033],[-99.15122975631624,19.30543178115477],[-99.15108706072996,19.30535213261801],[-99.15095807074003,19.30527593460275],[-99.15084416526034,19.305215622700068],[-99.15050916462627,19.30503677076273],[-99.14989948612778,19.30469161299027],[-99.14986138408497,19.304670993487044],[-99.14979293246034,19.30464064624647],[-99.14974118231345,19.304620847413865],[-99.14971281890664,19.304612383757572],[-99.14967929198363,19.304606231222674],[-99.14962634078921,19.304602243986658],[-99.14953642841245,19.304598614524913],[-99.14941337718477,19.30459715799248],[-99.1492567972375,19.304596782413935],[-99.1491844136869,19.304593524291707],[-99.14915755316156,19.304591526010583],[-99.14911127105978,19.3045862840196],[-99.14905298477089,19.30457542445877],[-99.14896155244466,19.30455226236691],[-99.14883050621104,19.304513908411252],[-99.14862699108679,19.305164965568114],[-99.14857592006624,19.30536390182],[-99.14850961092354,19.305567170945956],[-99.14847988477247,19.305670616318025],[-99.1484772104879,19.30568454060813],[-99.14847530695779,19.305700451295408],[-99.14847397385792,19.305714384908786],[-99.14847454249144,19.305727767450307],[-99.14847720240303,19.305757061520232],[-99.14848139484046,19.3057802149634],[-99.1485093522087,19.30593068513469],[-99.1485121405794,19.306001147480053],[-99.14851133658723,19.30604418433135],[-99.1485119052208,19.306066434827674],[-99.14851095210825,19.306079546044497],[-99.14850800204086,19.30609401204355],[-99.14850466210461,19.306107303839465],[-99.14849780256914,19.30612719659788],[-99.14841061208762,19.30635174789501],[-99.14838974242697,19.306447365057647],[-99.14839013858403,19.30647695657555],[-99.14838785416826,19.306493598834766],[-99.14838670881626,19.306523795671325],[-99.14838746699434,19.306548213071206],[-99.14839127315625,19.306620191858325],[-99.14839820635362,19.30680082073936],[-99.14841326750764,19.306848167571797],[-99.14839898070134,19.306936940196408],[-99.14838181928617,19.30704219304742],[-99.14835513213572,19.30719193634645],[-99.14834769857674,19.307231189182815],[-99.14833836148766,19.307288511023966],[-99.14833683614833,19.307316007493444],[-99.14833607258034,19.307344940119204],[-99.14833797251713,19.30736555589424],[-99.14834406578969,19.30739666479463],[-99.1483554959534,19.30742072175229],[-99.1483682673018,19.307447497576206],[-99.148392061877,19.307484387554958],[-99.14841681764965,19.307517665932018],[-99.14843605776638,19.30753593584555],[-99.14846157531035,19.307555651241746],[-99.14848385981759,19.30757011965359],[-99.14852958137062,19.30758675756257],[-99.14856995704935,19.307600505348965],[-99.14859700711925,19.307609916681333],[-99.1485383085036,19.307713422650043],[-99.14849148831102,19.307827549669952],[-99.14846930890661,19.307892861722113],[-99.14844341496854,19.308005978899715],[-99.1484064753458,19.308139999076857],[-99.14837653809062,19.308341809101204],[-99.14834698711103,19.30849353842253],[-99.1483260222289,19.308587584232686],[-99.14830849250446,19.30866281253359],[-99.14828676764765,19.30874836089275],[-99.1482749503101,19.308783621982485],[-99.1482562437926,19.30883691545287],[-99.14820313090142,19.308827203227494],[-99.14816999205061,19.308823217789815],[-99.14814115253672,19.308822041064108],[-99.14808617384472,19.308821763838427],[-99.14799138810751,19.308821483221546],[-99.1478626271879,19.30881428213469],[-99.14782779591111,19.308809240356467],[-99.14780923851394,19.308803847594994],[-99.14777667188997,19.30879090361017],[-99.14775811539111,19.308776155537178],[-99.14774656934478,19.30876483082039],[-99.14773804792601,19.30875512282958],[-99.14772782509807,19.30874092666169],[-99.1477085194043,19.308711801835532],[-99.14769110556252,19.308684475157968],[-99.14767293264431,19.30865390654219],[-99.14766037958657,19.308633199368664],[-99.14765380751193,19.308624601969868],[-99.14764753996619,19.308617919719595],[-99.14763363494393,19.308605140190643],[-99.14761651485124,19.308595305022344],[-99.14760161988549,19.308589172136415],[-99.14759075835539,19.308586308314243],[-99.14757372270437,19.308584328733144],[-99.14755308211409,19.30858541050854],[-99.14754058295522,19.308587206120013],[-99.14743550342318,19.308612181054936],[-99.1472889414879,19.308641648404496],[-99.14726811943797,19.308643804324277],[-99.14724615652757,19.308643802628733],[-99.14723526625139,19.308641823896142],[-99.1472255168356,19.30863876169303],[-99.14721462655942,19.308632737325325],[-99.14719967499984,19.308623570214188],[-99.1471767625702,19.308608532183207],[-99.14704447845811,19.308871356715553],[-99.14703178616142,19.308900477274364],[-99.1470229278744,19.308923683683062],[-99.1470185315194,19.30894056900734],[-99.1470147343407,19.30896123883951],[-99.14701113568964,19.30898892408361],[-99.14700298437681,19.309061724146957],[-99.14699654165956,19.309170300636495],[-99.14699387995137,19.30923142495247],[-99.14683407235727,19.309224210319208],[-99.1465939841229,19.309217357688972],[-99.14624597408684,19.309212641471834],[-99.14591992696124,19.30920793627571],[-99.14534205421369,19.30919671671387],[-99.14533915085872,19.30929239918794],[-99.14531869891464,19.30973727253145],[-99.14531164624132,19.310066959564647],[-99.1453015725337,19.310359613337084],[-99.14529778343984,19.310389809459785],[-99.14529447943626,19.310415075754765],[-99.14526289826414,19.310569964509256],[-99.14522735911486,19.310738560794],[-99.14520156668642,19.31085123516043],[-99.1451866160251,19.31091045220365],[-99.14517491996016,19.310952395830075],[-99.1451591338656,19.31099900644065],[-99.14514588820674,19.311037518256818],[-99.14510862519045,19.31114114328773],[-99.1450564052247,19.311284651706856],[-99.14499964427517,19.311450374157236],[-99.1455077071453,19.311604224259654],[-99.14543737894007,19.311872987687483],[-99.14540001980401,19.311990356215013],[-99.14520680386448,19.31255421550898],[-99.14506766920005,19.312932026115025],[-99.1450509865869,19.312989798663395],[-99.1450421076386,19.313026197384563],[-99.14503733848277,19.313048194297323],[-99.14503516815304,19.31306464683663],[-99.14503336792924,19.31308089167223],[-99.14503264388709,19.313091582811342],[-99.14533834057828,19.313182181517902],[-99.1455740414409,19.31325042214516],[-99.1454838532813,19.313507380341473],[-99.14535082626242,19.313869651019953],[-99.1450802267494,19.31465815138803],[-99.1448656578556,19.315250615648612],[-99.14490273492062,19.315256552454066],[-99.14487796657161,19.315320355932453],[-99.14490533284838,19.315325940070842],[-99.14507947306285,19.315465394264077],[-99.14513144778859,19.315471016546287],[-99.14521164398724,19.315477301769192],[-99.14523532896804,19.315479165125026],[-99.14541304447735,19.31549310129612],[-99.14547661735169,19.31569124590127],[-99.1454767790484,19.315690767770658],[-99.14561006029052,19.315802575715637],[-99.14585631725598,19.31606629916469],[-99.14585585103035,19.3160676716679],[-99.14593730307375,19.316159146991087],[-99.14594117391432,19.31616348152169],[-99.14592101032947,19.316220937566463],[-99.1459214945214,19.31622224733505],[-99.14598849536686,19.316405348656133],[-99.14601323856306,19.316467315469403],[-99.14601788824298,19.31647786311802],[-99.14601357632958,19.316502939424932],[-99.14600695215266,19.316530759878926],[-99.14597327970257,19.31667236546735],[-99.14592335223743,19.31688156830263],[-99.14585966437868,19.317128361451147],[-99.14585715179088,19.317138077422257],[-99.14584595518913,19.317218389933803],[-99.1458327113269,19.317313285248282],[-99.14581979175652,19.317405959427333],[-99.14580228538827,19.317580003019714],[-99.14579781087986,19.31761368456143],[-99.14579316119989,19.317670753527324],[-99.14578809470169,19.317717194370122],[-99.14597778924534,19.317723844034443],[-99.14598091897574,19.317723854207333],[-99.14613260310476,19.317724602760812],[-99.14627714383057,19.317722442722037],[-99.14643601897342,19.31772028353084],[-99.14653202731776,19.31772391524458],[-99.14662651211928,19.31772899150518],[-99.14672976807134,19.317736597418545],[-99.14695912952293,19.317744939168808],[-99.14711228688898,19.317748757384386],[-99.14718657846129,19.317746769436926],[-99.14725248965033,19.317748230090785],[-99.14735574650068,19.31775076991629],[-99.14757659192334,19.317771508149114],[-99.14778436775704,19.31779350018461],[-99.14805444984044,19.317819362991003],[-99.14829832447379,19.317844183922933],[-99.14840500390534,19.31785793847643],[-99.14848463147041,19.317861748212025],[-99.14855016267207,19.317861935562103],[-99.14869456056583,19.317857967299517],[-99.14894297708119,19.317847507904805],[-99.14905021975646,19.317843816004522],[-99.1491250925388,19.317838115811902],[-99.14920091573863,19.31783342781879],[-99.14942684472756,19.317825484510223],[-99.14946723477937,19.317822598808647],[-99.14950838570418,19.317817175825848],[-99.14955028851894,19.317807598924247],[-99.14959372296126,19.31779403934636],[-99.14964249519296,19.31777595708174],[-99.14985813937015,19.317783932606893],[-99.14997129834991,19.317785026189654],[-99.15009169685247,19.31778160641201],[-99.15022161659873,19.31777637162586],[-99.15036525451775,19.317767697563685],[-99.15083007877836,19.317733740538458],[-99.15100991161677,19.31772001225441],[-99.15117145206105,19.317696872370266],[-99.15130977464848,19.317667500751927],[-99.15147282965233,19.317627095799935],[-99.15182602206924,19.317533438367896],[-99.1520146269564,19.317488601397255],[-99.15216283280859,19.31745317009362],[-99.15230799427027,19.317415561784706],[-99.15256745916537,19.317344687269753],[-99.1526459467684,19.317324800114786],[-99.15267889158315,19.317280148742153],[-99.15270635757292,19.317240319310944],[-99.15272436609945,19.317215912832957],[-99.15275859460674,19.317182079463407],[-99.15278020717416,19.31716665819257],[-99.15280454073859,19.317157647544445],[-99.15282437464172,19.317154632974386],[-99.1528685501941,19.317152460211904],[-99.15295013698486,19.317155816422044],[-99.15302201208907,19.317147415299743],[-99.1530376319952,19.31714596227013],[-99.15305020751084,19.317143615720422],[-99.15306487520287,19.317140727463613],[-99.15308227377326,19.31713556301954],[-99.15313635325165,19.31711459072926],[-99.15340704439288,19.317008380478672],[-99.15349198279793,19.316973106751103],[-99.1536211452644,19.31691813146713],[-99.15388861145375,19.316809636419777],[-99.15429019431839,19.316649073688644],[-99.15465691446514,19.31649183057053],[-99.15504764388449,19.316317069474],[-99.15550971750365,19.316103979842516],[-99.15584089580625,19.31596047650158],[-99.15627524921238,19.315739138653168],[-99.15675188362405,19.315503336187657],[-99.15697368934579,19.315353475880713],[-99.15721213995144,19.315212186209052],[-99.15730815009235,19.31515215009967],[-99.15753333078464,19.31500820424372],[-99.15771888229816,19.314902228300078],[-99.15783279316774,19.31484219292464],[-99.15805204677578,19.31471567408672],[-99.15816574923628,19.31465006634998],[-99.15852952380715,19.31445729186412],[-99.15875844867757,19.314340452412115],[-99.15910193030622,19.314182459351322],[-99.15942979202872,19.314041946909363],[-99.15966175050985,19.313935671928366],[-99.15976955463212,19.313860057779802],[-99.16022082780667,19.313650351747082],[-99.16088435761151,19.31331010289292],[-99.16113628025145,19.313196295915013],[-99.16157677184596,19.313325104037737],[-99.16163641189603,19.313333711362535],[-99.16165358139602,19.31333461507646],[-99.16166715493999,19.313333865655185],[-99.16168693045262,19.313330904423527],[-99.16172338139191,19.313321297587375],[-99.16175207987031,19.313309857041933],[-99.16177901854905,19.31329694478116],[-99.16180169562007,19.313282741377787],[-99.16181972121458,19.31326946796811],[-99.1618321260503,19.313259146464954],[-99.16184302710629,19.313242369252464],[-99.1618502756123,19.313233095581715],[-99.16185845656963,19.31321865649484],[-99.161864030616,19.31320616810799],[-99.16198725971003,19.31287713340073],[-99.16199692648078,19.312790825061313],[-99.16200233074552,19.312729294301086],[-99.16201012273228,19.31267900573103],[-99.16202964312345,19.312617475776488],[-99.16205603203319,19.31253365888396],[-99.16207164295619,19.31249976944058],[-99.16208502695567,19.31247622867178],[-99.16210472700983,19.31244840752777],[-99.16213632704657,19.312413100601116],[-99.16216606218076,19.31237743251838],[-99.16216234674879,19.31224759785058],[-99.16216840678365,19.31220425404433],[-99.16228056414184,19.311823512712795],[-99.1625288845375,19.311095894241586],[-99.16258934025781,19.31093102683598],[-99.16279776018355,19.311052326317753],[-99.16290492740029,19.3108092338592],[-99.16295201439253,19.310702418439508],[-99.1629520808679,19.31070227346989],[-99.16298825692266,19.310620208795797],[-99.16303503848775,19.31051407995139],[-99.16307230869054,19.310429540522556],[-99.1631115560853,19.31034050528737],[-99.16403594586889,19.30824377515455]]]}},{"type":"Feature","properties":{"name":"Pedregal De Santo Domingo","id":"003-075","alc":"Coyoacán","clasif":"Colonia","fuente":"SGIRPC CDMX"},"geometry":{"type":"Polygon","coordinates":[[[-99.17385480321548,19.332714018181196],[-99.17381839359874,19.332437844008755],[-99.17377956661554,19.33214407101546],[-99.17373079528213,19.33177000319388],[-99.17370192253055,19.331537155943057],[-99.17368395712322,19.331441257621815],[-99.17366971163942,19.33132416499317],[-99.17362957221758,19.33101620593573],[-99.17359562757795,19.330755681144055],[-99.17350233034914,19.3300243137758],[-99.17347590371011,19.329817454638164],[-99.17344704982324,19.329561173951063],[-99.17343281332258,19.329441391139586],[-99.17341834775159,19.329297325632616],[-99.17341643254339,19.329210519900453],[-99.17341909964148,19.329071619952202],[-99.17342442126122,19.328932728362677],[-99.17343667697666,19.32877229113286],[-99.17345184323358,19.328611537559972],[-99.1734701302378,19.328457448314577],[-99.17351583741775,19.328167355590857],[-99.17353602346054,19.32793044278843],[-99.17356181319403,19.327472790047707],[-99.17365398932532,19.326716095043125],[-99.17372407049392,19.32604188159288],[-99.17380860645373,19.325283434546954],[-99.17315882266936,19.324724724879335],[-99.17308999644722,19.32444063235865],[-99.17302201464148,19.324091478776594],[-99.17294174927255,19.323689012101504],[-99.1729234523868,19.32358773131017],[-99.17291850446627,19.32355156636546],[-99.17291202401978,19.32348031049935],[-99.17290896795117,19.323421353170303],[-99.17290706352277,19.32336239582],[-99.17289982130495,19.32329294634155],[-99.17284151794807,19.32301986140821],[-99.17277291989801,19.322711685787894],[-99.17269213440454,19.322341302577172],[-99.17255304555411,19.321679024752314],[-99.17253246694762,19.32159981392405],[-99.17251703478932,19.32152258926346],[-99.17251283875868,19.321482441275897],[-99.17251017345724,19.3214495268699],[-99.17251093343191,19.32140974084063],[-99.17251511688625,19.321363804592767],[-99.172523125367,19.321311718968953],[-99.17252979266304,19.321284041745756],[-99.17254178607034,19.321249140242625],[-99.17255550244646,19.32121875369317],[-99.17257627688572,19.32118650639049],[-99.17260032298923,19.321152182164635],[-99.1723110744509,19.321138303273347],[-99.17229501437025,19.32106275857899],[-99.17228551019454,19.321019902007205],[-99.17224324895203,19.320829567998267],[-99.17219537503554,19.320626094895996],[-99.17216226582913,19.320447228450114],[-99.17214288557521,19.32035524858705],[-99.17214000288148,19.320342128342222],[-99.17210270842415,19.32017272560149],[-99.1720958488886,19.320141598786762],[-99.17202549283556,19.319821991212322],[-99.17202492240534,19.319819372580394],[-99.17199882544804,19.319694135122155],[-99.171998064575,19.31969045089308],[-99.17193569095157,19.319391016722964],[-99.17189065211814,19.319169229983775],[-99.17188147133594,19.31912398061661],[-99.17186471685757,19.31903919810235],[-99.17185806662953,19.319005579586516],[-99.17185181615179,19.318973911696094],[-99.17183947689303,19.318911505012075],[-99.17183884897068,19.3189082988867],[-99.17183147559882,19.31887860873846],[-99.17181566435151,19.318814838862977],[-99.17178671434482,19.318698171224703],[-99.17170036648307,19.31828180619867],[-99.1716985204452,19.31827236157106],[-99.1716760392069,19.318156912590926],[-99.17167434588254,19.318148369948126],[-99.17167117842286,19.318132296858927],[-99.17166966565992,19.318124675704713],[-99.17163071560752,19.317927504709225],[-99.17160989984578,19.31783195868823],[-99.17159825498474,19.317778455367467],[-99.17158689578797,19.317726334691447],[-99.17156155161888,19.317609946877976],[-99.17150985537086,19.317402943166293],[-99.17150969367415,19.317402157310845],[-99.17149548951288,19.317330658004956],[-99.17148199861391,19.317262806498753],[-99.17146688176432,19.317190638263817],[-99.17146506447253,19.31718193365182],[-99.17141583140507,19.31694693608012],[-99.17140932400913,19.316915837474266],[-99.1713642294802,19.316703604845053],[-99.17134944590555,19.316633992313115],[-99.17127150178332,19.316281577726457],[-99.17125098066894,19.316164585288362],[-99.1712246779974,19.31614383498322],[-99.17114544928427,19.31575132674342],[-99.17114418445638,19.31574513224015],[-99.17116336079275,19.315745890128],[-99.17114923298828,19.315675068297327],[-99.17113659908212,19.315611785475884],[-99.17112430743408,19.315550155742837],[-99.17111750539077,19.315516094831406],[-99.17095353410535,19.31554019976408],[-99.17091576174428,19.315545744898476],[-99.17044034185488,19.315599556683196],[-99.1701923583274,19.315627076339844],[-99.17012486879848,19.315634572143477],[-99.17001463203833,19.31564680093344],[-99.17001431852634,19.315644616282437],[-99.17000157951728,19.31554938513787],[-99.16973418878644,19.315476471821437],[-99.16966416870329,19.315407438628515],[-99.1695344187386,19.31521373674732],[-99.16949027013567,19.315079468890197],[-99.16917296182113,19.315065937909644],[-99.16916174545649,19.31499798712406],[-99.16906944086605,19.315125294153223],[-99.16895112106505,19.31529375094813],[-99.16890716649817,19.315354063372343],[-99.16883178347285,19.315457522051354],[-99.16878950246738,19.315515531077462],[-99.1685877983467,19.315796603324532],[-99.16857512850797,19.315797750328855],[-99.1685515378503,19.315799899372355],[-99.16848571289951,19.315805878545316],[-99.16846412997648,19.315807847018228],[-99.16845771870034,19.315808425182944],[-99.16846219949696,19.315815017277927],[-99.1684701145529,19.315915277958673],[-99.16843238890422,19.315942404207018],[-99.16840887550165,19.31596188206784],[-99.16837354655821,19.31599257563172],[-99.16834571405575,19.31601945008611],[-99.16832266598051,19.316045854036147],[-99.1682525614557,19.31613628155609],[-99.16814589280393,19.316291454819584],[-99.16803997514376,19.316446266796273],[-99.16791043807977,19.31662748333008],[-99.16781099727278,19.31677216360177],[-99.16778584713974,19.316810505357036],[-99.16774851225823,19.316875612058045],[-99.1677175401439,19.316932844896005],[-99.16764298356856,19.317059356931445],[-99.16759573577785,19.31712700082522],[-99.16747821188416,19.31729685687344],[-99.16739345763376,19.31742006413456],[-99.16705624714409,19.317885862123852],[-99.16661123882034,19.3185101649351],[-99.16656590264456,19.318569844610288],[-99.16649007944469,19.318662077255222],[-99.16644284063715,19.318723572720735],[-99.16636374487473,19.318822135303115],[-99.16625995442509,19.31895216820506],[-99.16593991613038,19.319378981495653],[-99.16562177058603,19.319763470838932],[-99.16548747155271,19.319927935143543],[-99.16539965135227,19.32003909422217],[-99.16533868538883,19.320115767713745],[-99.16527009991523,19.320197516505665],[-99.16521790420394,19.320250685030555],[-99.16513217707805,19.320341834181562],[-99.16507312272962,19.320408394171974],[-99.16504932186615,19.32043613427517],[-99.16518690064854,19.320520746519886],[-99.16518301004508,19.32052546919256],[-99.1651552709674,19.320561634807046],[-99.16506771666823,19.320699839227466],[-99.16506579517186,19.32070295461127],[-99.1650350117037,19.320752592204514],[-99.16497254196052,19.320830386050837],[-99.16495393515603,19.320853403419314],[-99.16491712129739,19.320916071308012],[-99.16486966240261,19.32098683067946],[-99.1648653154549,19.320993323382172],[-99.16469082310086,19.32125352211058],[-99.1646522395611,19.321312208103507],[-99.16464531444856,19.32132310724335],[-99.16453844816745,19.32148200809119],[-99.16453680245382,19.321484463934365],[-99.16444136094648,19.321626379734578],[-99.16444011498317,19.321628248954248],[-99.16440650631344,19.321678193988237],[-99.16430579439036,19.321837202998665],[-99.16421770559359,19.321970349708945],[-99.16420194285529,19.321994134948202],[-99.16414667400743,19.322062699115033],[-99.16412336721737,19.322099315374373],[-99.16408676176786,19.322156863428763],[-99.16398203437541,19.322315953354003],[-99.16398236765035,19.322331927696936],[-99.16392559502275,19.322415842986388],[-99.16387415838787,19.322501203585407],[-99.16382920040287,19.322574635112005],[-99.16381180183245,19.322604018564107],[-99.1637616596699,19.322649331393936],[-99.163719964366,19.322712848002432],[-99.1636916827059,19.322755911819925],[-99.16367709945555,19.32277813461041],[-99.16361999355296,19.322865102282616],[-99.16357179175144,19.322934903743345],[-99.16354393679116,19.32299692996388],[-99.16352853607387,19.323020110635365],[-99.1635149993609,19.323010511150507],[-99.1634507015461,19.323092782379742],[-99.16346354386143,19.32309851714517],[-99.16340692215074,19.323184915832975],[-99.16340046326386,19.323194758600536],[-99.16339510750815,19.323202289660973],[-99.16339299556888,19.323205242236664],[-99.1633709158775,19.323236232834212],[-99.16326803362468,19.32338056732386],[-99.16326680652595,19.323382093201047],[-99.16324327156386,19.32341118743909],[-99.16325385910781,19.323419305952186],[-99.16315161376049,19.32356138283192],[-99.16315529415819,19.323575632813803],[-99.16306392201908,19.323710846514864],[-99.16301840168869,19.32378888394025],[-99.16300133549491,19.323820154170527],[-99.16298585752254,19.323846422074883],[-99.16296069571148,19.323884230658248],[-99.16294635051466,19.323904719734625],[-99.16292699092197,19.323931963335845],[-99.16287135915478,19.324005023771736],[-99.16278448577857,19.324127641058762],[-99.1627155167243,19.324220234232396],[-99.16262064295219,19.32434683302628],[-99.16252386654833,19.324486805946332],[-99.16240345906262,19.3246680186507],[-99.16225637610448,19.324884682046598],[-99.16216836096959,19.325006576431942],[-99.16210816216744,19.325082165926446],[-99.16204186470284,19.32516897893862],[-99.16188106357207,19.325386716552757],[-99.16183114778495,19.32545399842296],[-99.16179114580537,19.325501016032096],[-99.16167835782989,19.325630865602832],[-99.16157662452228,19.325741905515137],[-99.1614653582929,19.325865965973748],[-99.16137696227226,19.325963985113365],[-99.16131600169878,19.32603234925348],[-99.16115253616486,19.326228026156336],[-99.16075930583574,19.326689548709425],[-99.16052915117176,19.32694853210242],[-99.16055507295758,19.326966610809123],[-99.16059850739991,19.32699518392665],[-99.16063527454615,19.327015800614248],[-99.16067642636929,19.32703769053054],[-99.16071566657756,19.327055779399558],[-99.16078349207649,19.32708182384103],[-99.16082159142428,19.32709556914014],[-99.16080255522509,19.327120500558117],[-99.16074017531345,19.327204838928427],[-99.1606624126509,19.327320746049768],[-99.16063339706723,19.327361524978773],[-99.16058969223198,19.327437727958014],[-99.16058886398532,19.32743915461779],[-99.16054553015435,19.327505524378036],[-99.1605120625201,19.32755042048139],[-99.16051279464706,19.327550637489466],[-99.16045649363492,19.327636231062968],[-99.16042831528114,19.32768166965029],[-99.16040337086228,19.32772187036664],[-99.16037835008669,19.327756951044435],[-99.16037575305722,19.327760580839655],[-99.1603539482503,19.32779116537888],[-99.16027189433561,19.32791415195838],[-99.16025825162139,19.327934613403436],[-99.1602502323609,19.327946623417738],[-99.16024070932055,19.327961052726494],[-99.16018118335654,19.328051170181705],[-99.16018334200817,19.328051775429035],[-99.16016725497809,19.328076345587235],[-99.16015372634989,19.328096988416497],[-99.16013888528309,19.32811967077342],[-99.1600885688474,19.328196496447003],[-99.16006605976132,19.3282183395824],[-99.16002273581178,19.32827921857583],[-99.16000139812886,19.328267461195935],[-99.15991083806676,19.3284225483438],[-99.1597188537175,19.328717418149658],[-99.15968989472766,19.328754855168807],[-99.15966381843162,19.32878621599819],[-99.15964681781487,19.32880453693831],[-99.1596323576337,19.32882014021003],[-99.15960148613068,19.328851608682395],[-99.15957596140018,19.328884883556917],[-99.15955804719675,19.328909471391057],[-99.15931096827285,19.32928339657253],[-99.15914221435683,19.329536348017594],[-99.15905638212804,19.329671786505667],[-99.15882471290448,19.330021510514204],[-99.15875900114145,19.330119700085994],[-99.15856686138368,19.33039795243459],[-99.15858032802811,19.330473381767277],[-99.15850968810742,19.330581025156025],[-99.15840612043996,19.330738875211487],[-99.1583813655657,19.330776592346513],[-99.15810620620428,19.331193632488464],[-99.15798578793871,19.331376367793887],[-99.15795937746938,19.331416459947132],[-99.1579452119357,19.331437950869812],[-99.15792626017813,19.331466367234338],[-99.15791724019434,19.331479876512883],[-99.15772037799309,19.331774986622513],[-99.15768879232941,19.331822347412263],[-99.15760256663854,19.33195159944018],[-99.15755018317937,19.3320321632081],[-99.15750787432616,19.332097212984067],[-99.15735926513034,19.33232574737384],[-99.15735806677776,19.33232753509541],[-99.15725429698942,19.33248304561016],[-99.15724564890816,19.332495993652213],[-99.15714868206145,19.332641309181522],[-99.1571122616649,19.332695875688444],[-99.1570468337695,19.33279392972199],[-99.1570184245486,19.332837029026724],[-99.15696147315623,19.332923461556472],[-99.1569175473355,19.3329901096636],[-99.15667681141576,19.333348788005807],[-99.15662590119364,19.33342623594341],[-99.15662475045178,19.333427997375544],[-99.1565662189228,19.333517057329185],[-99.15653049741553,19.333507862793564],[-99.1564638289467,19.333496427051994],[-99.15645734221208,19.33362297373098],[-99.15645211222046,19.333744291970927],[-99.1564445978131,19.33387557006885],[-99.15636406474623,19.33469270333043],[-99.15633123401751,19.33499884741911],[-99.15654511210691,19.335012603071412],[-99.1578816489428,19.335091956582172],[-99.15921890982086,19.335171904255887],[-99.15950138057035,19.3351821921641],[-99.15984646748844,19.335195551949134],[-99.16023841771828,19.335215793788795],[-99.16069981490608,19.335253419191485],[-99.16100142605936,19.335278478206675],[-99.16133589578907,19.335307429616346],[-99.16179963398649,19.335332103791302],[-99.16177564627345,19.335485270244366],[-99.16177347684203,19.33549874358926],[-99.16176066057791,19.335548534349023],[-99.16197623199159,19.335621169156763],[-99.16208931730941,19.33565926067137],[-99.16242178828769,19.33577137705668],[-99.16281633464864,19.33590630348255],[-99.16292589946889,19.335943780388398],[-99.16291196929379,19.33605797415344],[-99.16288564865596,19.336313324953245],[-99.163250697038,19.336390322234532],[-99.16338006971024,19.336417730738745],[-99.16342981481746,19.33642826099407],[-99.16355400331223,19.3364545675577],[-99.16368175901695,19.33648151493404],[-99.16373519530164,19.336492794500487],[-99.16409692351034,19.33656910426021],[-99.16415130212779,19.33658249614213],[-99.16426878380065,19.33660698703393],[-99.16432973628926,19.33661968469483],[-99.16440612902102,19.33663561440918],[-99.16446619666911,19.336648130672792],[-99.16458294531672,19.336671212776064],[-99.16462153244974,19.336678834760253],[-99.16466345772238,19.336687892647234],[-99.164820819204,19.336720898918465],[-99.16483918975153,19.33672474551039],[-99.16492341219929,19.33674240948645],[-99.16494541733053,19.336747033363974],[-99.16497321479865,19.336752568454532],[-99.16500291579689,19.33675698465982],[-99.16545928511407,19.336854765857755],[-99.16558581461847,19.336880041622987],[-99.1656540641222,19.336893686076024],[-99.16580821053331,19.336924479119464],[-99.16588431849918,19.33694078769876],[-99.16590985221276,19.3369463778793],[-99.16595567886867,19.33695639188836],[-99.16597951925803,19.336961611650143],[-99.16601151275688,19.33696860128203],[-99.16608858192001,19.33698546082234],[-99.1661503752318,19.336997314205394],[-99.16615056567464,19.336991302750057],[-99.1661654786067,19.336992102073562],[-99.16632131564722,19.33700045725055],[-99.16632113867911,19.337006473791376],[-99.16660943500324,19.337018213589445],[-99.16669453241008,19.337023676621435],[-99.1670205597728,19.337036535301298],[-99.16723213009018,19.33704570929499],[-99.1673129560079,19.337049971222093],[-99.16735788794175,19.337052110662086],[-99.16741669076197,19.337054901088464],[-99.16746199459834,19.33705705917638],[-99.16748154463389,19.337057979711954],[-99.1675267999613,19.337060137799842],[-99.16761302116056,19.337064227656036],[-99.16771640377503,19.337069094796643],[-99.16771636604581,19.33706976273572],[-99.16779857177576,19.337074295059093],[-99.16783148874272,19.33707610137669],[-99.16786287318382,19.33707783479754],[-99.1680163737063,19.33708627642913],[-99.16802151027305,19.337086565473893],[-99.16812277196514,19.33709390602273],[-99.16822159832454,19.337097607659693],[-99.16823011255678,19.337097933152915],[-99.16827333230172,19.33709954875164],[-99.16842488258173,19.337105661072002],[-99.16846149970934,19.337108974490295],[-99.16852294716972,19.33711313639449],[-99.16870170562305,19.33712460324528],[-99.16880693427547,19.337127401299217],[-99.16903919638709,19.337136888913804],[-99.16921711761061,19.337144164192367],[-99.16932296520223,19.337148415945332],[-99.16969779623767,19.337170750361103],[-99.16973838122384,19.337172953372278],[-99.16974538269316,19.337173323790147],[-99.16984847155855,19.33717770099271],[-99.17007183855229,19.33718716063235],[-99.17014963984245,19.337190463877437],[-99.1702426244575,19.33719439946023],[-99.17035229617724,19.33720001421352],[-99.17041334388732,19.337203128435124],[-99.17061867360846,19.33721363490598],[-99.17062730282508,19.33721406804884],[-99.170732883617,19.337220504162563],[-99.17075537383852,19.337221867164097],[-99.17092607440375,19.337232265983772],[-99.17100113583224,19.337236986478096],[-99.1710963374894,19.337237968890143],[-99.17127175690486,19.337246895362192],[-99.17130016432904,19.33724834821317],[-99.17137158219076,19.337251191189733],[-99.17143966999778,19.337255252221386],[-99.17149349704957,19.337249697652233],[-99.1715799841502,19.3372406652256],[-99.17159737463577,19.337238841109365],[-99.1716008852519,19.33723847916794],[-99.17161036068151,19.33723748573661],[-99.17180908688697,19.337220964429818],[-99.17183837915175,19.337218534252386],[-99.17188480498396,19.337214668176518],[-99.1719285188023,19.337210405405855],[-99.1719723098758,19.337206123139627],[-99.17212715068466,19.337193242434537],[-99.17216229367692,19.33719032401719],[-99.17235436965434,19.337174344346266],[-99.17253770412574,19.33715950220412],[-99.17253948279,19.337159366582036],[-99.17273200612838,19.337142799494927],[-99.17278411200816,19.3371383095555],[-99.1728105116977,19.33713604212323],[-99.17290370562027,19.337129166929646],[-99.17311368591962,19.337110530754263],[-99.17312196299663,19.337109789918372],[-99.1732611443735,19.337098876574363],[-99.17330006927307,19.336986893332185],[-99.17326754217491,19.336979887595927],[-99.17340816265286,19.33655824258608],[-99.17359851206835,19.335993821915203],[-99.17312356379446,19.335967624623436],[-99.17300812758549,19.335962427716343],[-99.1729927044104,19.33591000853703],[-99.17295339054027,19.335802317802],[-99.17292254598668,19.335744228671192],[-99.17290885566179,19.335716362325304],[-99.17289915026342,19.33568754745917],[-99.17289517342167,19.335665821450142],[-99.1728911956816,19.3356445743582],[-99.17288870285667,19.335622369423536],[-99.17288745509677,19.335601591074298],[-99.17288720716174,19.335580099851907],[-99.17288795815332,19.335554599259233],[-99.17288945115332,19.335538065067517],[-99.17289317916175,19.33551633819096],[-99.17289666013345,19.33550004811758],[-99.17290337593853,19.33547855603416],[-99.17290835080857,19.335464857213502],[-99.17291807327491,19.33544206568264],[-99.1729302400571,19.335419046979155],[-99.17303719167823,19.335232085585808],[-99.17308471614996,19.335140375122876],[-99.1731785020623,19.33495853321356],[-99.17328188377847,19.334735352031693],[-99.17344715312949,19.334361294383807],[-99.17350245790995,19.334233932834525],[-99.17350355205798,19.33423138648409],[-99.1736078464624,19.334002804749495],[-99.17372625699329,19.333738843239257],[-99.17383685667274,19.333487387636477],[-99.17385896241527,19.333419273284914],[-99.17387066207353,19.333385211860076],[-99.17388365530583,19.333335058490757],[-99.17389467853265,19.333276236105394],[-99.17390177252844,19.33320564819788],[-99.17390038912289,19.333127646634303],[-99.17388457158738,19.332968871547845],[-99.17385480321548,19.332714018181196]]]}},{"type":"Feature","properties":{"name":"Pedregal De Sn Francisco","id":"003-076","alc":"Coyoacán","clasif":"Colonia","fuente":"SGIRPC CDMX"},"geometry":{"type":"Polygon","coordinates":[[[-99.1732611443735,19.337098876574363],[-99.17312196299663,19.337109789918372],[-99.17311368591962,19.337110530754263],[-99.17290370562027,19.337129166929646],[-99.1728105116977,19.33713604212323],[-99.17278411200816,19.3371383095555],[-99.17273200612838,19.337142799494927],[-99.17253948279,19.337159366582036],[-99.17253770412574,19.33715950220412],[-99.17235436965434,19.337174344346266],[-99.17216229367692,19.33719032401719],[-99.17212715068466,19.337193242434537],[-99.1719723098758,19.337206123139627],[-99.1719285188023,19.337210405405855],[-99.17188480498396,19.337214668176518],[-99.17183837915175,19.337218534252386],[-99.17180908688697,19.337220964429818],[-99.17161036068151,19.33723748573661],[-99.1716008852519,19.33723847916794],[-99.17159737463577,19.337238841109365],[-99.1715799841502,19.3372406652256],[-99.17149349704957,19.337249697652233],[-99.17143966999778,19.337255252221386],[-99.17137158219076,19.337251191189733],[-99.17130016432904,19.33724834821317],[-99.17127175690486,19.337246895362192],[-99.1710963374894,19.337237968890143],[-99.17100113583224,19.337236986478096],[-99.17092607440375,19.337232265983772],[-99.17075537383852,19.337221867164097],[-99.170732883617,19.337220504162563],[-99.17062730282508,19.33721406804884],[-99.17061867360846,19.33721363490598],[-99.17041334388732,19.337203128435124],[-99.17035229617724,19.33720001421352],[-99.1702426244575,19.33719439946023],[-99.17014963984245,19.337190463877437],[-99.17007183855229,19.33718716063235],[-99.16984847155855,19.33717770099271],[-99.16974538269316,19.337173323790147],[-99.16973838122384,19.337172953372278],[-99.16969779623767,19.337170750361103],[-99.16932296520223,19.337148415945332],[-99.16921711761061,19.337144164192367],[-99.16903919638709,19.337136888913804],[-99.16880693427547,19.337127401299217],[-99.16870170562305,19.33712460324528],[-99.16852294716972,19.33711313639449],[-99.16846149970934,19.337108974490295],[-99.16842488258173,19.337105661072002],[-99.16827333230172,19.33709954875164],[-99.16823011255678,19.337097933152915],[-99.16822159832454,19.337097607659693],[-99.16812277196514,19.33709390602273],[-99.16802151027305,19.337086565473893],[-99.1680163737063,19.33708627642913],[-99.16786287318382,19.33707783479754],[-99.16783148874272,19.33707610137669],[-99.16779857177576,19.337074295059093],[-99.16771636604581,19.33706976273572],[-99.16771640377503,19.337069094796643],[-99.16761302116056,19.337064227656036],[-99.1675267999613,19.337060137799842],[-99.16748154463389,19.337057979711954],[-99.16746199459834,19.33705705917638],[-99.16741669076197,19.337054901088464],[-99.16735788794175,19.337052110662086],[-99.1673129560079,19.337049971222093],[-99.16723213009018,19.33704570929499],[-99.1670205597728,19.337036535301298],[-99.16669453241008,19.337023676621435],[-99.16660943500324,19.337018213589445],[-99.16632113867911,19.337006473791376],[-99.16632131564722,19.33700045725055],[-99.1661654786067,19.336992102073562],[-99.16615056567464,19.336991302750057],[-99.1661503752318,19.336997314205394],[-99.16608858192001,19.33698546082234],[-99.16601151275688,19.33696860128203],[-99.16597951925803,19.336961611650143],[-99.16595567886867,19.33695639188836],[-99.16590985221276,19.3369463778793],[-99.16588431849918,19.33694078769876],[-99.16580821053331,19.336924479119464],[-99.1656540641222,19.336893686076024],[-99.16558581461847,19.336880041622987],[-99.16545928511407,19.336854765857755],[-99.16500291579689,19.33675698465982],[-99.16497321479865,19.336752568454532],[-99.16494541733053,19.336747033363974],[-99.16492341219929,19.33674240948645],[-99.16483918975153,19.33672474551039],[-99.164820819204,19.336720898918465],[-99.16466345772238,19.336687892647234],[-99.16462153244974,19.336678834760253],[-99.16458294531672,19.336671212776064],[-99.16446619666911,19.336648130672792],[-99.16440612902102,19.33663561440918],[-99.16432973628926,19.33661968469483],[-99.16426878380065,19.33660698703393],[-99.16415130212779,19.33658249614213],[-99.16409692351034,19.33656910426021],[-99.16373519530164,19.336492794500487],[-99.16368175901695,19.33648151493404],[-99.16355400331223,19.3364545675577],[-99.16342981481746,19.33642826099407],[-99.16338006971024,19.336417730738745],[-99.163250697038,19.336390322234532],[-99.16288564865596,19.336313324953245],[-99.16288066300612,19.336361707530894],[-99.1628425097594,19.336564422738064],[-99.16277434649399,19.336926670267015],[-99.16272068383387,19.33720472199424],[-99.16266521286502,19.337486042581624],[-99.16263061784511,19.337679366288263],[-99.16261853999613,19.3378617281579],[-99.16262677934394,19.337862423218155],[-99.16262048664538,19.338039574480145],[-99.16262478238903,19.338182159089175],[-99.16262306660684,19.338325032616268],[-99.16261974553528,19.338375131052114],[-99.16261897478073,19.33837578966199],[-99.16258770262903,19.338402166265247],[-99.16246245412228,19.338507842161548],[-99.16235664246325,19.338597101080538],[-99.16230155597339,19.338694633668393],[-99.16225134104732,19.33878356021439],[-99.16224811609545,19.33878925798091],[-99.16223728870133,19.33881009017265],[-99.16216605679087,19.33894703822504],[-99.16214241313263,19.339039342432443],[-99.16211509626316,19.33914594098304],[-99.16208268055611,19.339278619256046],[-99.16209376127517,19.339354896351473],[-99.16212474147434,19.33956796921755],[-99.16217136852914,19.339871903733076],[-99.1621862643932,19.33996905836688],[-99.16219006965675,19.339993809818626],[-99.16219051611944,19.339996762938483],[-99.16219677558038,19.34003752429262],[-99.162198934232,19.340051629588753],[-99.1622549495798,19.34043207543451],[-99.16225748013402,19.34044921433212],[-99.16263218360868,19.340549601447],[-99.16265605274407,19.340556004371866],[-99.16277964745247,19.34005794607566],[-99.16281609390016,19.340066208704854],[-99.1630674335335,19.340123148616858],[-99.16323720434244,19.34016007529527],[-99.16340375918264,19.340196009399815],[-99.16348131433436,19.340213005073895],[-99.16354253362265,19.34026221970835],[-99.1635554433116,19.3402660492644],[-99.16356022863712,19.340266003492733],[-99.16355921982905,19.340291161757996],[-99.16358584858904,19.340293934328972],[-99.1635860291504,19.340324753854983],[-99.16360012820877,19.340324672483316],[-99.16366734195498,19.34034339305389],[-99.16368291784364,19.340204547499116],[-99.16413629936419,19.340315786017722],[-99.16441843594045,19.340386531051774],[-99.16455477594607,19.34042067577819],[-99.164539714792,19.34047882851204],[-99.16452034352123,19.340553552205975],[-99.16447551309696,19.340726576031074],[-99.16463444842692,19.340754706826573],[-99.16464003325304,19.340755700236592],[-99.16485973242547,19.340794585620014],[-99.16490036502236,19.340801638659265],[-99.16507465525551,19.340831918156134],[-99.16508516823927,19.34083375070835],[-99.16510592740714,19.34084075882216],[-99.16512380388131,19.340775498929546],[-99.16524517975093,19.34080733974566],[-99.1654564590142,19.340860871123834],[-99.16562653525027,19.34090175092884],[-99.16569114298383,19.340915197550647],[-99.16573081438338,19.340921725908856],[-99.16575422807294,19.34092318889845],[-99.16577093404234,19.34092310837468],[-99.16582333546782,19.340918837224745],[-99.16589144393599,19.3409103669722],[-99.16601164930081,19.340896588083528],[-99.16608748328045,19.340885670754613],[-99.16617397217767,19.340871114597423],[-99.16622807680893,19.340859791257305],[-99.16627963202143,19.340844422231303],[-99.1663056229775,19.340835924851092],[-99.16633331713945,19.340823797118162],[-99.16637336044154,19.340804789259725],[-99.16643376316121,19.340801782754472],[-99.1665863051813,19.340827301175263],[-99.16723829792296,19.340751710491933],[-99.16780883412956,19.34083660803205],[-99.1679300105732,19.340850450497104],[-99.1686917819341,19.340891845656937],[-99.16880794038859,19.341318351574063],[-99.16889838277135,19.341321264831887],[-99.16889986229664,19.341309888970763],[-99.1689241446571,19.340893739237114],[-99.16894144531115,19.340574906306713],[-99.16896502069747,19.340566445360214],[-99.16902315876435,19.34054969383761],[-99.16910825796784,19.34052884237242],[-99.16917727912438,19.34051684938827],[-99.16923227757933,19.340509208935543],[-99.1692711979873,19.340506084605664],[-99.169325149905,19.34050502677501],[-99.16936204461201,19.34050562265245],[-99.1693638996331,19.34050565825246],[-99.16957036572303,19.34051256381822],[-99.16977592720946,19.340518682791753],[-99.17013922657162,19.34053724144466],[-99.17014516353736,19.340561866514857],[-99.1701578657155,19.340615188611224],[-99.17017680130331,19.34077995062606],[-99.17017822872634,19.34080050284954],[-99.1701830823238,19.340872697949422],[-99.17035466054307,19.340796706363253],[-99.1703956641442,19.340778537644695],[-99.17044464927663,19.34075684621799],[-99.17061599842552,19.340680945273238],[-99.17067511565607,19.3406544130761],[-99.17079136214541,19.340602225955976],[-99.17081644041318,19.340590973797397],[-99.17094685243626,19.34053326949476],[-99.17095732679243,19.340528627924385],[-99.17107214585879,19.340477821538403],[-99.17113565854602,19.340450098400858],[-99.17113876941184,19.340448734578626],[-99.17124241972431,19.340403482629817],[-99.17124814648423,19.340400989775727],[-99.17135736185985,19.34035329920665],[-99.17150051289195,19.34029072692798],[-99.17143821921854,19.340038727069878],[-99.17150563328907,19.340038968642485],[-99.17155364824096,19.340036953842226],[-99.17158300698111,19.340032582649645],[-99.17161858835122,19.340027858845726],[-99.17168824641327,19.34001628963644],[-99.17172432185679,19.340009912966597],[-99.17175155967452,19.340003537144113],[-99.17178526626061,19.339992907947384],[-99.1718054154724,19.3399846453146],[-99.17181636593574,19.339979208657898],[-99.17183253830575,19.339968344667938],[-99.17184646668427,19.339956063450625],[-99.17186139309105,19.339938590537507],[-99.17186984983108,19.3399215863586],[-99.17201164800038,19.339563333553226],[-99.17201985770379,19.339535466163923],[-99.17202483257384,19.339518462790636],[-99.17202731551724,19.339502641853702],[-99.17202856148056,19.339488708578212],[-99.17202657261049,19.339471235615186],[-99.1720245837405,19.339463207748395],[-99.1720218438789,19.33945611989857],[-99.17201326227296,19.339444787136504],[-99.17199945696365,19.33943475547992],[-99.1719847775936,19.33942589693755],[-99.17193277502012,19.339395530721976],[-99.17196230354186,19.33934786952615],[-99.17215701697289,19.338999872614874],[-99.17224592682985,19.338871932362565],[-99.17224922724024,19.338862956816858],[-99.17239161739928,19.33860518069534],[-99.17241677022722,19.33856223294373],[-99.17242086025672,19.338555261180197],[-99.17242497004914,19.338548236015683],[-99.17248125848482,19.33845215448527],[-99.17249803901439,19.338423492675595],[-99.17266445910724,19.338135708806774],[-99.17275053208454,19.337979323831398],[-99.17286432527482,19.337786916773098],[-99.17289980872857,19.33772693812194],[-99.17290893112025,19.3377114959043],[-99.17292396173157,19.337686093970166],[-99.17303565196582,19.33749461727107],[-99.17303958119685,19.337487871780834],[-99.17307313237441,19.337422484250062],[-99.17311024267713,19.337357312840428],[-99.1732611443735,19.337098876574363]]]}},{"type":"Feature","properties":{"name":"Petrolera Taxqueña","id":"003-077","alc":"Coyoacán","clasif":"Colonia","fuente":"SGIRPC CDMX"},"geometry":{"type":"Polygon","coordinates":[[[-99.13503213730858,19.338969287631937],[-99.13490921633665,19.3389474052483],[-99.1344007968353,19.33886918773917],[-99.13437043737196,19.33897375039692],[-99.13433252846697,19.338962527793036],[-99.13433228053194,19.33896331354477],[-99.13431579464985,19.338958677863282],[-99.13412151869834,19.338904138030525],[-99.13387503535736,19.33883492402028],[-99.13384716243074,19.338827108029612],[-99.1333569275257,19.33868945549594],[-99.13325665937029,19.338662193165614],[-99.13325704025596,19.338661371811895],[-99.1333010972308,19.338570356637046],[-99.13335041563819,19.338477718197773],[-99.13341494970992,19.338362009711766],[-99.13346636029362,19.33827431878403],[-99.13349479646395,19.338227097182095],[-99.13353525927928,19.338170540586407],[-99.13356998275822,19.338127473204125],[-99.13362794295874,19.338062097796357],[-99.13369605412186,19.33799364375663],[-99.13374134628016,19.337954389832923],[-99.1337709295991,19.33792798179484],[-99.13381385200171,19.337894000988275],[-99.13386415765764,19.337856905117874],[-99.13395573640925,19.337800619637033],[-99.13402899851225,19.337759636491647],[-99.13406316593407,19.33773654352299],[-99.13409734413567,19.337710082896372],[-99.13414299741675,19.337669617633427],[-99.13416924169776,19.337640816674217],[-99.1341922125179,19.337615654609948],[-99.13411321287522,19.337610709503185],[-99.13392625729487,19.337594069565124],[-99.13379313864787,19.33757510964588],[-99.13363678956765,19.337547313966216],[-99.13339243613223,19.33749382134049],[-99.13325139614105,19.337457990900653],[-99.13309287223949,19.337414888577243],[-99.13298381586569,19.337386071467904],[-99.13290754979637,19.337368666090835],[-99.13282993266088,19.337351530260438],[-99.1327709223299,19.337157436510086],[-99.13273095358792,19.337032002129394],[-99.13269345611133,19.3369157509773],[-99.132668703932,19.33681562185337],[-99.13264607716663,19.336696014738557],[-99.13263123879481,19.336592536450294],[-99.13262416725685,19.336514921333844],[-99.13262064765757,19.33642337433865],[-99.1326188959428,19.336333497995295],[-99.13263148133989,19.336246658706724],[-99.13265061455712,19.336147882858903],[-99.13267470467811,19.336044411852036],[-99.1327299510681,19.33585359015249],[-99.13278414283592,19.335698382914067],[-99.13280148840576,19.335636566646798],[-99.13281035387925,19.335597928395146],[-99.13283438471142,19.335458635485317],[-99.13275693376426,19.33547227412359],[-99.1326535861841,19.335487371560752],[-99.13260651266657,19.335493746711883],[-99.13251200540715,19.335500447359163],[-99.13239910963375,19.335501428934045],[-99.13232797024982,19.335496719408948],[-99.13226992111616,19.335488978699015],[-99.13222638965578,19.335480906558676],[-99.1321495908855,19.335463753577336],[-99.13206501180657,19.335443916096043],[-99.13196202714575,19.33541165041024],[-99.13184323303426,19.335366875138465],[-99.13180767681702,19.335569863675122],[-99.1317527448374,19.335936725444032],[-99.13156581979983,19.33591712197017],[-99.13148147338453,19.336363189209546],[-99.131478263704,19.336378937553423],[-99.13146678143805,19.336377246507407],[-99.13145407207342,19.336375221490226],[-99.13141886799575,19.336526495029364],[-99.13139881759858,19.33659663648991],[-99.13137209541384,19.33668385194477],[-99.13132825223812,19.336881944573662],[-99.13128083915743,19.3370942408399],[-99.13123462622592,19.33729612614818],[-99.13125274973677,19.337296626254272],[-99.13153479468482,19.337305267917074],[-99.13138641186457,19.33774969797136],[-99.13124587942148,19.33818361871289],[-99.1311774646278,19.338373597686257],[-99.1311290005182,19.33851725595209],[-99.13111581414815,19.33856289155288],[-99.1311044091373,19.338598052122048],[-99.1310438204663,19.338804250005257],[-99.13077925583536,19.339725822452433],[-99.13121584784321,19.339845240022736],[-99.13158212152726,19.339942843912926],[-99.13178775577731,19.340000378052032],[-99.13229706820404,19.340140629986397],[-99.13280377371983,19.340287074525467],[-99.13330506508942,19.34043951330949],[-99.13374906909665,19.340576705804757],[-99.13435303880156,19.34075328791164],[-99.13443335896771,19.340774676738846],[-99.13451462146661,19.340788768409205],[-99.1347337843448,19.34081266448904],[-99.1347700160952,19.340597340272964],[-99.13478666457236,19.340499755421728],[-99.1348059549947,19.340372417308405],[-99.13481986361028,19.34027691832027],[-99.1348299615724,19.340207677768145],[-99.13483019962592,19.34020664790706],[-99.1348374166909,19.340176290313032],[-99.13484736643105,19.340134356731344],[-99.1348544747999,19.340076078426613],[-99.13487547651289,19.33995243307886],[-99.13488183928008,19.339914924035824],[-99.1348823055057,19.339911889542748],[-99.13488695428728,19.339881116557997],[-99.13492533390946,19.339627459807836],[-99.13492887686499,19.339605571579042],[-99.13492935297207,19.33960259217582],[-99.13494125924281,19.339528980979228],[-99.13495231840228,19.33946054450705],[-99.13495547059065,19.339441085552757],[-99.13496735799683,19.33936622827218],[-99.13498993265986,19.339224216845743],[-99.13499183798662,19.33921217968913],[-99.13503213730858,19.338969287631937]]]}},{"type":"Feature","properties":{"name":"Prado Churubusco","id":"003-078","alc":"Coyoacán","clasif":"Colonia","fuente":"SGIRPC CDMX"},"geometry":{"type":"Polygon","coordinates":[[[-99.13342516265638,19.35661149201895],[-99.13343208687056,19.356155233372668],[-99.13297950305405,19.355711035664328],[-99.13246730434025,19.35521548065489],[-99.13201996578665,19.35477978721225],[-99.13152721739542,19.354297779141064],[-99.13100514529836,19.353788871746573],[-99.13017959445062,19.35298135129239],[-99.13021929549457,19.35247824217675],[-99.12975571090907,19.352044978160073],[-99.12955577287626,19.351850133145096],[-99.12936501652403,19.351653275783175],[-99.12927458402265,19.351567571057085],[-99.12919546759899,19.351504642863542],[-99.12909517339246,19.35143904566697],[-99.12901889833998,19.351389518261655],[-99.1288465691291,19.351294486795542],[-99.1287208615832,19.351231593246933],[-99.12855986282308,19.351179438326323],[-99.12845112265623,19.351144677128207],[-99.12835510083723,19.351121955592053],[-99.12825060880336,19.351107296097215],[-99.12811364267199,19.35109697274737],[-99.12791807943464,19.351086086613158],[-99.12756586079152,19.351084168571894],[-99.1271170993065,19.35108881323223],[-99.12676878024998,19.35109191532282],[-99.12627475175951,19.351089242100436],[-99.12576106813059,19.351078517003213],[-99.12451663376416,19.35105552338927],[-99.12379120195139,19.351041085950712],[-99.12328814449398,19.351035115695844],[-99.1228183696178,19.351026930750578],[-99.1220480588718,19.35101131095489],[-99.12181064941355,19.351009230179937],[-99.12160146951314,19.351005458510528],[-99.12142838841238,19.350994687639158],[-99.12135369349652,19.350991273642425],[-99.12132906169143,19.350989009792936],[-99.12129965354396,19.35098447870361],[-99.12125436767386,19.350977297274362],[-99.12118920837473,19.35096407947705],[-99.1211019397398,19.35094106720041],[-99.12093017467096,19.350887837472275],[-99.120816547669,19.35084708306587],[-99.12071960867006,19.350805575162088],[-99.12050005592306,19.350708744817073],[-99.12040732193795,19.350670117761382],[-99.12046876311014,19.351047371499956],[-99.1204831909519,19.351134027467953],[-99.12051273474496,19.351263209961008],[-99.12053080256031,19.351330732047302],[-99.12059066090096,19.35148723729693],[-99.12063715859833,19.351616342382],[-99.12066251534385,19.35168139198177],[-99.12068470552799,19.35173844056707],[-99.12074004085117,19.351876568595067],[-99.12076643874414,19.351959877103347],[-99.12097103274508,19.3524789659917],[-99.12119237224117,19.353142773320688],[-99.1213146383412,19.35353517643772],[-99.12142972780049,19.35390303437979],[-99.12143850164583,19.353932302859853],[-99.12147257025298,19.35404597211829],[-99.121502216454,19.354151639579822],[-99.121527235433,19.35423669965847],[-99.12153743220978,19.354279667016492],[-99.1215485587429,19.35433667655343],[-99.12156943199686,19.354444536434062],[-99.12159081279894,19.354610287981938],[-99.12164891942477,19.35509220783249],[-99.12173821735392,19.355877128331613],[-99.12181168606942,19.35651340228949],[-99.1218340190857,19.356713793098557],[-99.12184870923552,19.356853680635208],[-99.12185404612664,19.356927349276738],[-99.12185505583302,19.35706329644162],[-99.12185555888958,19.35710057270854],[-99.12185014384504,19.357279500704756],[-99.12184766629146,19.35736260389317],[-99.12183538721989,19.357626178012204],[-99.12204008183207,19.357639402897533],[-99.12241711823152,19.357680003898675],[-99.12342494084373,19.357788019209174],[-99.1243580936929,19.357895776798905],[-99.12558218031987,19.358034758160134],[-99.12568711522317,19.35804700835326],[-99.12607591236629,19.358089897582218],[-99.12658739871605,19.35815008741147],[-99.1268822599283,19.35818399619767],[-99.12721477133067,19.35822057723489],[-99.12796527152977,19.358303850296906],[-99.12823998263184,19.358333355295237],[-99.12859653744285,19.358372683984346],[-99.12874985291236,19.358389972704963],[-99.12913681749238,19.358428836087686],[-99.12925765976274,19.358444564504243],[-99.12970806606305,19.358495251727184],[-99.13021673978763,19.358547141575162],[-99.13048975666705,19.358582331739406],[-99.13064455615347,19.358605027658125],[-99.13086088664355,19.358632638380175],[-99.13121080110795,19.358673829859946],[-99.13128102780364,19.35854619488759],[-99.1313252437802,19.35845407037262],[-99.13157593932148,19.35804346059434],[-99.1317074185431,19.35784249594583],[-99.13184666370036,19.3576268314593],[-99.13198257161632,19.357447547880298],[-99.13216927656669,19.35726964643164],[-99.13220921746081,19.357232766849254],[-99.13231457008071,19.357158009264218],[-99.13254014693,19.357001678114884],[-99.13273201270168,19.356895431090326],[-99.13291755702868,19.3568022029985],[-99.13301455711303,19.356763084967174],[-99.13311682940984,19.356719967401897],[-99.13324018696294,19.356671823932395],[-99.13330978214293,19.35664574861523],[-99.13338147848242,19.35662367451598],[-99.13342516265638,19.35661149201895]]]}},{"type":"Feature","properties":{"name":"Prados De Coyoacan","id":"003-079","alc":"Coyoacán","clasif":"Colonia","fuente":"SGIRPC CDMX"},"geometry":{"type":"Polygon","coordinates":[[[-99.13602609801758,19.32296269343261],[-99.13580399225856,19.321368914649167],[-99.13530231012186,19.32135936508288],[-99.13429969145008,19.32133008567638],[-99.13387819293564,19.32131776575786],[-99.1333131112994,19.32130126488163],[-99.13302491019667,19.321297057645296],[-99.13322297434381,19.32156347221374],[-99.13382884129051,19.32231592114086],[-99.13441857808807,19.323082398766246],[-99.13503226846255,19.323034709921554],[-99.13552616400241,19.322995929664142],[-99.13602609801758,19.32296269343261]]]}},{"type":"Feature","properties":{"name":"Prados De Coyoacan","id":"003-080","alc":"Coyoacán","clasif":"Colonia","fuente":"SGIRPC CDMX"},"geometry":{"type":"Polygon","coordinates":[[[-99.13347431397716,19.316820199305607],[-99.13342379542047,19.31681340803136],[-99.13331298014539,19.316799193065137],[-99.13324526603753,19.316776704117842],[-99.13324543761577,19.31677616240956],[-99.13309709432133,19.316727679931514],[-99.1330091582382,19.31669894818596],[-99.13288220652557,19.316657901252007],[-99.13287307515075,19.31665495533996],[-99.13274936635636,19.3166149570551],[-99.13263183078458,19.31657717137449],[-99.13237709102783,19.316488818531383],[-99.13233829368907,19.316474642533183],[-99.13228259544651,19.31644712641023],[-99.13223798780444,19.31642292666376],[-99.13213919019113,19.316393578553438],[-99.13216772517616,19.316309549964714],[-99.13179856969668,19.316148302610546],[-99.13189213642008,19.315902756715506],[-99.13143302364799,19.315568149239972],[-99.13086194575726,19.31513737632014],[-99.13049458780665,19.314864307430817],[-99.1301252598506,19.314593432923427],[-99.1301126214529,19.314584163568234],[-99.12964631856532,19.314233784265756],[-99.1293843886931,19.314626583538217],[-99.12900618807699,19.315190577857926],[-99.12895225592231,19.315263267495453],[-99.12855587430322,19.31583071589008],[-99.12801450549556,19.31663027664849],[-99.12772030185012,19.31706218499997],[-99.12763296494323,19.317202222653787],[-99.12974175019122,19.31822742053157],[-99.13046805516643,19.318588723657648],[-99.13084698251959,19.318761706323443],[-99.13109061550608,19.318887127606622],[-99.131142830082,19.318926499708724],[-99.13119123041116,19.318964805353907],[-99.13122573470123,19.318998431507687],[-99.13127637722539,19.319049289505102],[-99.1313114124198,19.319087583253168],[-99.13141051635856,19.319207043040272],[-99.13179029172136,19.319695226996707],[-99.13233668480639,19.32039385144886],[-99.13262689094881,19.320765709025398],[-99.13288619414715,19.31905106719916],[-99.13309829177561,19.317661163053394],[-99.13323968210975,19.317667112487346],[-99.1334359963387,19.317674381851067],[-99.13344551309078,19.317184177624238],[-99.13344821881645,19.317116939822526],[-99.13345720196925,19.317003750108302],[-99.13347431397716,19.316820199305607]]]}},{"type":"Feature","properties":{"name":"Presidentes Ejidales 1a Seccion","id":"003-081","alc":"Coyoacán","clasif":"Colonia","fuente":"SGIRPC CDMX"},"geometry":{"type":"Polygon","coordinates":[[[-99.130579894521,19.327797741732258],[-99.13062838198678,19.327492923492628],[-99.13073965540266,19.326792195752727],[-99.13085002241849,19.326101941675763],[-99.13088656318928,19.325962868697463],[-99.13089052835296,19.325884740759076],[-99.13069379461079,19.32574649749158],[-99.13051334912137,19.32560569236357],[-99.1303332126524,19.325482621819347],[-99.13024072570403,19.325413965840717],[-99.13023552356017,19.32540855582532],[-99.13015485125445,19.32534049829137],[-99.13005208308756,19.325260878103595],[-99.12994886845806,19.32517826803833],[-99.1295774788685,19.32492912619752],[-99.12938277172556,19.324801564017374],[-99.12917523394553,19.324667316752585],[-99.12907633482263,19.324603616104575],[-99.12891832206249,19.324505363877996],[-99.1287819200731,19.32441791558282],[-99.12846419224527,19.32422303420277],[-99.12805497459907,19.323933697743747],[-99.12754571966451,19.323582806971284],[-99.12729222946439,19.3234035877239],[-99.127038750044,19.323226534179835],[-99.1266738588672,19.322970650902622],[-99.12630443299479,19.322706142591983],[-99.12580118958614,19.322345965857185],[-99.12539621198806,19.322066990255504],[-99.12513032234205,19.321891927399026],[-99.1249885798683,19.321797160205225],[-99.12498335167338,19.32189673395613],[-99.12494423722926,19.322375019589387],[-99.12489119261002,19.32298351577528],[-99.12486645929536,19.32328350708994],[-99.12483993833321,19.323581375191594],[-99.12480398326393,19.323980513188484],[-99.1247590279739,19.32449496340032],[-99.12472305583663,19.324920063419885],[-99.12471406370062,19.32504133471865],[-99.12468617729931,19.325394945168526],[-99.12466910481729,19.325570259429025],[-99.12462909205794,19.326021310558033],[-99.12458144092366,19.32654640645652],[-99.12453873232015,19.327048946166038],[-99.12470869536847,19.327063135657728],[-99.12492218897896,19.32708069386978],[-99.12492991359203,19.327081336419077],[-99.12496520570463,19.327084234672483],[-99.12499277320406,19.327086507330378],[-99.12510118997741,19.327095164791885],[-99.12513990646782,19.327098243603004],[-99.1252564556894,19.327107535136165],[-99.12533506905658,19.327113792785546],[-99.12537341454275,19.32711685379487],[-99.12566597786453,19.327140154253858],[-99.12585768822761,19.32715541267472],[-99.12583611518608,19.32737583142442],[-99.12580148962343,19.32782688350201],[-99.12576192871661,19.3282719844389],[-99.12573362010708,19.328568994067574],[-99.12571787174184,19.328777928215537],[-99.12568158249928,19.329183973972132],[-99.12567652318762,19.32921770059203],[-99.1256667710769,19.329261529844583],[-99.1256507262676,19.329321169990386],[-99.1256420898645,19.329354498173124],[-99.12563261533319,19.329389857386495],[-99.12636792052923,19.329445935542143],[-99.12728275403478,19.32951406850437],[-99.12761942373865,19.3295394522132],[-99.1283031135351,19.329592270150293],[-99.12877160292209,19.329632010107815],[-99.12903812677862,19.329646675769595],[-99.12949964793395,19.329666384260413],[-99.12992148062169,19.32968527897914],[-99.13024558558966,19.329703855816863],[-99.13025816649527,19.329685129787947],[-99.13027170859813,19.32966247646954],[-99.13028417721428,19.329633411318177],[-99.13029237344294,19.329607722460214],[-99.13047559472662,19.328441843312902],[-99.13053538749024,19.32808047296644],[-99.13055274473815,19.327968531010665],[-99.130579894521,19.327797741732258]]]}},{"type":"Feature","properties":{"name":"Presidentes Ejidales 2a Seccion","id":"003-082","alc":"Coyoacán","clasif":"Colonia","fuente":"SGIRPC CDMX"},"geometry":{"type":"Polygon","coordinates":[[[-99.12563261533319,19.329389857386495],[-99.1256420898645,19.329354498173124],[-99.1256507262676,19.329321169990386],[-99.1256667710769,19.329261529844583],[-99.12567652318762,19.32921770059203],[-99.12568158249928,19.329183973972132],[-99.12571787174184,19.328777928215537],[-99.12573362010708,19.328568994067574],[-99.12576192871661,19.3282719844389],[-99.12580148962343,19.32782688350201],[-99.12583611518608,19.32737583142442],[-99.12585768822761,19.32715541267472],[-99.12566597786453,19.327140154253858],[-99.12537341454275,19.32711685379487],[-99.12533506905658,19.327113792785546],[-99.1252564556894,19.327107535136165],[-99.12513990646782,19.327098243603004],[-99.12510118997741,19.327095164791885],[-99.12499277320406,19.327086507330378],[-99.12496520570463,19.327084234672483],[-99.12492991359203,19.327081336419077],[-99.12492218897896,19.32708069386978],[-99.12470869536847,19.327063135657728],[-99.12453873232015,19.327048946166038],[-99.12458144092366,19.32654640645652],[-99.12462909205794,19.326021310558033],[-99.12466910481729,19.325570259429025],[-99.12468617729931,19.325394945168526],[-99.12471406370062,19.32504133471865],[-99.12472305583663,19.324920063419885],[-99.1247590279739,19.32449496340032],[-99.12480398326393,19.323980513188484],[-99.12483993833321,19.323581375191594],[-99.12486645929536,19.32328350708994],[-99.12489119261002,19.32298351577528],[-99.12494423722926,19.322375019589387],[-99.12498335167338,19.32189673395613],[-99.1249885798683,19.321797160205225],[-99.12463653639665,19.321543443155235],[-99.12387789566452,19.32100701663474],[-99.12360794114183,19.320818901949416],[-99.12344137911515,19.32102763746871],[-99.1233365520097,19.321167370783826],[-99.1233060613923,19.321214166675794],[-99.12327466527312,19.321268203783475],[-99.12324125692768,19.321339046079018],[-99.1232123311756,19.321403296474507],[-99.1231959575829,19.321448822414848],[-99.12318586501067,19.32148541846646],[-99.1231670192543,19.321562007355222],[-99.12315758874047,19.321610730846757],[-99.1231515260106,19.321658815143948],[-99.12311556285653,19.322037527021454],[-99.12308350917057,19.322344775665446],[-99.12306362496173,19.322607338210588],[-99.12303349816206,19.32296520096402],[-99.12301467037203,19.32315250700557],[-99.12299457685572,19.323377522350906],[-99.12297539602777,19.323604641398845],[-99.12295572561806,19.323849008429523],[-99.12292447502588,19.324208568112525],[-99.12291011365943,19.324376884998596],[-99.12288893497833,19.324640142785615],[-99.12286722090127,19.324910190239084],[-99.12285634769306,19.32505506577852],[-99.12284816943074,19.325150538064946],[-99.12277853741982,19.325144994951895],[-99.12276929106059,19.325144126058948],[-99.12269908861947,19.32513921448252],[-99.12245034421893,19.32511885525916],[-99.1224145292869,19.32511592984435],[-99.12227100365733,19.325104173932218],[-99.12219438904168,19.325097906033477],[-99.12211844995915,19.32509173816319],[-99.12209747519559,19.32509002665546],[-99.12187853330293,19.325072237654783],[-99.1218298580893,19.32506828906444],[-99.12179617396106,19.32506554420907],[-99.1216452668748,19.325053288997463],[-99.12154010469776,19.325044946772547],[-99.12150416669648,19.325042102735814],[-99.12135986043093,19.325030652838386],[-99.12114868177902,19.325013912437623],[-99.12100522262477,19.325002326906063],[-99.1209391757901,19.325821507666774],[-99.12088795834423,19.32633358955784],[-99.12143077972769,19.32637266232514],[-99.12223358882571,19.326441018665065],[-99.1227432309342,19.326479366628774],[-99.12271961781863,19.32676956915922],[-99.12268103427887,19.327158429603426],[-99.12264128831914,19.32762435326516],[-99.12260148576547,19.328086917069353],[-99.12256994322092,19.328536813487183],[-99.1225123989405,19.32910339862702],[-99.12250862242304,19.329137531302134],[-99.12436207322962,19.329283409287676],[-99.12563261533319,19.329389857386495]]]}},{"type":"Feature","properties":{"name":"Pueblo De Los Reyes","id":"003-083","alc":"Coyoacán","clasif":"Pueblos y Barrios Originarios","fuente":"SGIRPC CDMX"},"geometry":{"type":"Polygon","coordinates":[[[-99.15921890982086,19.335171904255887],[-99.1578816489428,19.335091956582172],[-99.15654511210691,19.335012603071412],[-99.15633123401751,19.33499884741911],[-99.15636406474623,19.33469270333043],[-99.1564445978131,19.33387557006885],[-99.15645211222046,19.333744291970927],[-99.15645734221208,19.33362297373098],[-99.1564638289467,19.333496427051994],[-99.15653049741553,19.333507862793564],[-99.1565662189228,19.333517057329185],[-99.15662475045178,19.333427997375544],[-99.15662590119364,19.33342623594341],[-99.15667681141576,19.333348788005807],[-99.1569175473355,19.3329901096636],[-99.15696147315623,19.332923461556472],[-99.1570184245486,19.332837029026724],[-99.1570468337695,19.33279392972199],[-99.1571122616649,19.332695875688444],[-99.15714868206145,19.332641309181522],[-99.15724564890816,19.332495993652213],[-99.15725429698942,19.33248304561016],[-99.15735806677776,19.33232753509541],[-99.15735926513034,19.33232574737384],[-99.15750787432616,19.332097212984067],[-99.15755018317937,19.3320321632081],[-99.15760256663854,19.33195159944018],[-99.15768879232941,19.331822347412263],[-99.15772037799309,19.331774986622513],[-99.15791724019434,19.331479876512883],[-99.15792626017813,19.331466367234338],[-99.1579452119357,19.331437950869812],[-99.15795937746938,19.331416459947132],[-99.15798578793871,19.331376367793887],[-99.15810620620428,19.331193632488464],[-99.1583813655657,19.330776592346513],[-99.15840612043996,19.330738875211487],[-99.15850968810742,19.330581025156025],[-99.15858032802811,19.330473381767277],[-99.15856686138368,19.33039795243459],[-99.15829087736881,19.330215885697054],[-99.15797863106086,19.330006183699354],[-99.15786978668946,19.329926236039896],[-99.1577410697874,19.329838358331685],[-99.15757660532685,19.32971728386414],[-99.15727945969886,19.329481945752313],[-99.15716226458858,19.329388596040975],[-99.15692162478855,19.32919577366997],[-99.15656310626034,19.328905744985853],[-99.15645459696059,19.3288174250866],[-99.15607468595219,19.328529534434498],[-99.15587148972985,19.328368670423757],[-99.15569213299855,19.328213378932723],[-99.15563194767111,19.328165488989],[-99.15546165224607,19.328358567729012],[-99.1550353684061,19.328866247288456],[-99.1546799059465,19.329261080574604],[-99.15445426621511,19.32951182131067],[-99.15386937313363,19.330160554606934],[-99.15368743644082,19.330393904795105],[-99.1536230640659,19.330479134922367],[-99.15356744487505,19.330555308473933],[-99.15352404906031,19.330628177764655],[-99.15346174999705,19.33072651955268],[-99.15329484750882,19.331007242673262],[-99.15308781997184,19.331390001687073],[-99.15293250934401,19.331723876591123],[-99.15285294645764,19.33188574347644],[-99.15278580996655,19.332022949940324],[-99.15270194684493,19.33218443677568],[-99.15263922647173,19.332295112823903],[-99.1525917963231,19.33237227136043],[-99.15254750758294,19.332434213469796],[-99.1524888889174,19.332517213180846],[-99.15244459119408,19.332569258782765],[-99.1524113679016,19.332606432991522],[-99.15234946858862,19.332671480843338],[-99.15223869822931,19.33276753356431],[-99.15214089594939,19.332840931655813],[-99.1520379660858,19.332910083784586],[-99.15191542869454,19.332982621437413],[-99.15178604164917,19.33306104605224],[-99.15174238262806,19.33309327066716],[-99.15171924472132,19.33311402899183],[-99.15170132961961,19.33313044390909],[-99.15166842972064,19.333159879712703],[-99.15160814917179,19.333215336935517],[-99.15155602981733,19.333277911078156],[-99.15151956091177,19.33332499085715],[-99.15149806692193,19.3333621470931],[-99.15147585877146,19.33340505637272],[-99.15142441135681,19.333510460014658],[-99.15140287784118,19.333558578953877],[-99.15138040199277,19.333616234014492],[-99.15135262608418,19.333691839868614],[-99.15132848475922,19.333754813922177],[-99.15130817834223,19.333806219997484],[-99.15123386341374,19.333981442160084],[-99.15121074167664,19.334028838759004],[-99.15114291078781,19.334144281609625],[-99.15114993740998,19.334178614972867],[-99.15115534796293,19.334210942780935],[-99.15116376158389,19.334267363428403],[-99.15116497700447,19.3342869314989],[-99.15116447125297,19.334309045916406],[-99.151162909981,19.334320387511404],[-99.15115859896594,19.334338122102764],[-99.1511523466916,19.334357834265873],[-99.15114454392504,19.334379388375325],[-99.15099913542663,19.33474805492407],[-99.1508613482351,19.335098263936878],[-99.15077610709778,19.335308684134883],[-99.15070062166441,19.33547669036352],[-99.15066555682563,19.335555257880493],[-99.1506377899002,19.33562504798514],[-99.15061904295851,19.335680274658717],[-99.15057326211671,19.335808767533727],[-99.15051262673339,19.335971682296485],[-99.15043688707681,19.336196993610997],[-99.15038916228072,19.336343971464064],[-99.15034922048824,19.3364817031105],[-99.15029223675647,19.336661486099675],[-99.15026447522098,19.336766863905726],[-99.15024157536772,19.336867627941537],[-99.15019246806445,19.337049172746475],[-99.1501769146336,19.337133078780067],[-99.15013709321538,19.337296762723984],[-99.15019161646154,19.33738181294005],[-99.15033474413744,19.33760183306149],[-99.15040290740285,19.337707220432282],[-99.15054895640007,19.33792584999509],[-99.15061516043987,19.338029846190032],[-99.15065411318727,19.338079767561194],[-99.1506813752595,19.338117208367553],[-99.15079592483123,19.33824645626051],[-99.15088381150706,19.338345830962123],[-99.15160764072535,19.339067085305064],[-99.15162881581321,19.339088172597467],[-99.1521357126702,19.339586699198914],[-99.1524745122796,19.33991806448189],[-99.1527281722613,19.34016351155689],[-99.15287326275607,19.34030680292274],[-99.15356997812414,19.34100199536547],[-99.15386843888572,19.341292964610556],[-99.15423715329241,19.341659971175464],[-99.15428569825036,19.34170619922784],[-99.1547083546932,19.342122006150046],[-99.15488685712671,19.342306880462523],[-99.15538516519122,19.34279991659575],[-99.15559846925711,19.34300964284793],[-99.15580415471109,19.343202013236585],[-99.15582586339825,19.34322986304767],[-99.1558414842027,19.343251915226084],[-99.1558571041089,19.34327831138403],[-99.15587461676536,19.343315190730394],[-99.15592556561505,19.34342556765713],[-99.15594499347968,19.343419419973937],[-99.15597860574266,19.343408847789274],[-99.15600107799781,19.343402338177828],[-99.15602394012177,19.343396198969863],[-99.15604317754358,19.343393482393623],[-99.15606660111462,19.343392038921042],[-99.15609117542755,19.34339222115629],[-99.1561071681345,19.343392944163988],[-99.1565692803813,19.343449263315964],[-99.15658533956366,19.343451612030638],[-99.15660439552578,19.343454710875967],[-99.15662058765875,19.34345843186363],[-99.15663038648185,19.343462523254708],[-99.15664421963896,19.343469964381907],[-99.15665858459866,19.343479383819528],[-99.15734386620974,19.34282786649332],[-99.15730501497205,19.342780863196452],[-99.15734158808223,19.34273529997411],[-99.1573499702621,19.342723371570358],[-99.15736825726634,19.342694449446874],[-99.15738387178266,19.34266479498373],[-99.15741358715393,19.34259681838316],[-99.15745930691031,19.34248184176192],[-99.15753321220706,19.342277920122868],[-99.15755721878469,19.342217898198214],[-99.15758083549349,19.34215751601647],[-99.15762045568913,19.342062061300794],[-99.15764864931434,19.34198902759011],[-99.15768826950989,19.341889951771122],[-99.15771570226205,19.34180932421027],[-99.157744305519,19.34171601799364],[-99.157771529862,19.341628472962036],[-99.15784497971292,19.34137685490109],[-99.1579145748929,19.341152705190133],[-99.1579359089826,19.34106664996857],[-99.15794810990076,19.34098132619614],[-99.1579572484622,19.340894547865357],[-99.15795992274677,19.34087068146423],[-99.15796372980697,19.34083705387966],[-99.15797059113908,19.340798369392093],[-99.158000308307,19.340692421197314],[-99.1580715492006,19.340458121980998],[-99.158114596469,19.340320731890145],[-99.15814812878197,19.34020683777457],[-99.15816222155209,19.340152053395784],[-99.15817974858165,19.340088780903447],[-99.1581907969613,19.340037977771004],[-99.15819518343483,19.340014834267276],[-99.1581972774078,19.33999314443432],[-99.15819804007744,19.33996476261099],[-99.15819499748358,19.33992751379124],[-99.15818699978263,19.33986410474442],[-99.15817366608881,19.339785777483392],[-99.1581462530996,19.339680196500634],[-99.15811848797081,19.33958768244443],[-99.15809902686853,19.33951531470821],[-99.1580902664979,19.339475176228763],[-99.1580864531495,19.339450595918883],[-99.15808060421865,19.339403178855424],[-99.15807082156525,19.33928389149638],[-99.15807055476557,19.339280740018978],[-99.15806614403756,19.339226893652928],[-99.15806408330229,19.339150264732186],[-99.15806992863982,19.33906522899935],[-99.15808746824575,19.338963543252213],[-99.15811376912065,19.338860936068706],[-99.15812106703399,19.338835056250492],[-99.15813178034212,19.338809636690858],[-99.15814688012371,19.338785599611462],[-99.1581907026382,19.33873153015544],[-99.15828127707334,19.338626153617337],[-99.15830951471598,19.338588256054837],[-99.15832412940736,19.338560516491267],[-99.15832771638031,19.338549463385245],[-99.15830723479182,19.338524431148635],[-99.15828677296624,19.33849939890808],[-99.15826894589944,19.338472922300127],[-99.15825549452641,19.338444079948683],[-99.15824494561002,19.338413693207315],[-99.15823584298121,19.338382602078397],[-99.15822673047099,19.33835162876431],[-99.15821659118642,19.338321368302985],[-99.15819665307865,19.338260911783472],[-99.15817668802143,19.3382004365937],[-99.15816711826872,19.338170338849828],[-99.15816157296851,19.338158337216033],[-99.15815424810567,19.338152548730847],[-99.15814277482286,19.338148412282198],[-99.1581095632085,19.3381418549936],[-99.15807696065188,19.338135045110008],[-99.15804436797673,19.338128225902327],[-99.15801176542011,19.338121416018275],[-99.15797917184672,19.338114596809934],[-99.15815114442633,19.337454183317263],[-99.15819100626875,19.337441687458753],[-99.15823038391926,19.337427972697686],[-99.15826938966717,19.33741280423847],[-99.15830736864079,19.337394953854755],[-99.15832728159572,19.33737880891474],[-99.15833768049345,19.33736684451888],[-99.15836050488818,19.337332675419947],[-99.15837649849344,19.337295915086507],[-99.15839086614814,19.337258378308828],[-99.15840523290449,19.33722083135078],[-99.15877039896576,19.336229348991672],[-99.15913017783035,19.335391042411334],[-99.15921890982086,19.335171904255887]]]}},{"type":"Feature","properties":{"name":"Pueblo De Santa Ursula Coapa","id":"003-084","alc":"Coyoacán","clasif":"Pueblos y Barrios Originarios","fuente":"SGIRPC CDMX"},"geometry":{"type":"Polygon","coordinates":[[[-99.15945700379532,19.303700216427593],[-99.1594166200317,19.303664771962328],[-99.15929014981612,19.3035519086695],[-99.15911376471176,19.30340830529227],[-99.15902157330913,19.30333523904245],[-99.1589914797471,19.303309917393644],[-99.15871407908904,19.30306569600643],[-99.15840738616623,19.302755183492813],[-99.15823056717558,19.302571738781335],[-99.15806890006886,19.3024096775396],[-99.1579691304784,19.302304102079923],[-99.15778145894086,19.302146888406128],[-99.15764072258023,19.302050837189086],[-99.1574514143122,19.30192700791623],[-99.15729311049789,19.301845277119668],[-99.1572118749484,19.30180799671906],[-99.1571482266156,19.301776253433054],[-99.15697655766648,19.301722352317242],[-99.15675131229554,19.3016597533757],[-99.156567088492,19.301612226998614],[-99.15641492645926,19.301581235693337],[-99.1562377113116,19.30155677261746],[-99.15598839019272,19.30153398398806],[-99.15567273657489,19.301507850693852],[-99.15545440463836,19.3014709042587],[-99.15543532442176,19.30146820309391],[-99.15501016886574,19.30140808139551],[-99.15490926290654,19.301392976570998],[-99.15483390503398,19.301383263903514],[-99.15475230746343,19.301375890380953],[-99.15460689716842,19.301366173473433],[-99.15438121162292,19.30135213435953],[-99.1536761347362,19.301307504060066],[-99.1533822913152,19.30128464587447],[-99.15312466706814,19.301260895774437],[-99.15281902966578,19.301240383512365],[-99.15251930856783,19.301221307462402],[-99.15221978689591,19.301197913439626],[-99.1521402725186,19.301189283432564],[-99.15210084815565,19.30118388024598],[-99.15205052363514,19.30117561395505],[-99.15198439235887,19.301160664261047],[-99.15194658586182,19.301149896885576],[-99.15189981956813,19.301134252820564],[-99.15186044371428,19.30111806784164],[-99.15177670006855,19.301074202216732],[-99.15172337248006,19.30104021798575],[-99.15168683260751,19.30101127322295],[-99.15163968812311,19.300970101111957],[-99.15157985673194,19.300918633839206],[-99.15132921958111,19.30064794564572],[-99.1510876482282,19.300362096127966],[-99.15053396351797,19.29968890075733],[-99.15040468427051,19.299514003855045],[-99.15010610582965,19.299134605626673],[-99.14999110530357,19.299219477309947],[-99.14868533576615,19.300214043083873],[-99.14827991979024,19.300504021783723],[-99.14827915891715,19.30050462628524],[-99.1480856905511,19.300657964422584],[-99.14798857997388,19.30073583056908],[-99.1475708885196,19.30113590947053],[-99.14745473725172,19.301282419488167],[-99.14744395926493,19.301296378912653],[-99.14720975319902,19.301599538487114],[-99.14701456545743,19.301868948287417],[-99.1467543208247,19.30219653078509],[-99.14656196816617,19.302456097282416],[-99.14543891595748,19.304032277629126],[-99.14459449779378,19.305170769634483],[-99.14421118486547,19.305683622439243],[-99.14332668117883,19.306854331891465],[-99.14277221044273,19.307598997127975],[-99.14211965535574,19.308492237069803],[-99.14170134765713,19.30915848168924],[-99.14149942434759,19.309756497645218],[-99.14148744351667,19.309791062490135],[-99.1397125773311,19.314911045784694],[-99.14003276025457,19.31500940296646],[-99.14050320078235,19.315159099124962],[-99.14079164443021,19.315246885540848],[-99.14120880048856,19.315379180543758],[-99.14167417811142,19.31555404945953],[-99.14218100579802,19.31576633359844],[-99.1423250416707,19.315819250935625],[-99.14251119775044,19.315877971094285],[-99.14271332318093,19.315944441345827],[-99.14298588461452,19.316031192240104],[-99.14313522953053,19.31607801418729],[-99.14319128260763,19.316098664466633],[-99.14322372616242,19.31611414602827],[-99.14324240662874,19.31612543632619],[-99.14328220289416,19.316148729875067],[-99.14332104784366,19.316169630230814],[-99.1433692819845,19.316191570769337],[-99.14341004843044,19.316210927372744],[-99.14346346585049,19.316232217683986],[-99.14351059596187,19.31625803156812],[-99.1435561189872,19.316278029907618],[-99.14359959744695,19.316294163369214],[-99.14369131992908,19.31632255608754],[-99.14373209266314,19.3162335427121],[-99.14386424023134,19.316278068904015],[-99.14401948258715,19.316333235146104],[-99.14403913952219,19.31636673891809],[-99.14435869901489,19.316475382614925],[-99.1443981045131,19.31636892355944],[-99.14444960313172,19.31622986688241],[-99.1444971267052,19.316016058247154],[-99.14453819049352,19.315951922723137],[-99.14453384713906,19.315923242553925],[-99.144515600559,19.315802978396288],[-99.1445818423281,19.315738015385474],[-99.14458328502245,19.315696079768742],[-99.1445811380489,19.315671824807367],[-99.14457897221075,19.315647424877266],[-99.14457549842552,19.3155959350954],[-99.1445690521151,19.315500613213143],[-99.14459081020959,19.31547504251393],[-99.1446437632006,19.315412777763854],[-99.14465438038899,19.315400281067156],[-99.14465905881495,19.31527571248987],[-99.14487796657161,19.315320355932453],[-99.14490273492062,19.315256552454066],[-99.1448656578556,19.315250615648612],[-99.1450802267494,19.31465815138803],[-99.14535082626242,19.313869651019953],[-99.1454838532813,19.313507380341473],[-99.1455740414409,19.31325042214516],[-99.14533834057828,19.313182181517902],[-99.14503264388709,19.313091582811342],[-99.14503336792924,19.31308089167223],[-99.14503516815304,19.31306464683663],[-99.14503733848277,19.313048194297323],[-99.1450421076386,19.313026197384563],[-99.1450509865869,19.312989798663395],[-99.14506766920005,19.312932026115025],[-99.14520680386448,19.31255421550898],[-99.14540001980401,19.311990356215013],[-99.14543737894007,19.311872987687483],[-99.1455077071453,19.311604224259654],[-99.14499964427517,19.311450374157236],[-99.1450564052247,19.311284651706856],[-99.14510862519045,19.31114114328773],[-99.14514588820674,19.311037518256818],[-99.1451591338656,19.31099900644065],[-99.14517491996016,19.310952395830075],[-99.1451866160251,19.31091045220365],[-99.14520156668642,19.31085123516043],[-99.14522735911486,19.310738560794],[-99.14526289826414,19.310569964509256],[-99.14529447943626,19.310415075754765],[-99.14529778343984,19.310389809459785],[-99.1453015725337,19.310359613337084],[-99.14531164624132,19.310066959564647],[-99.14531869891464,19.30973727253145],[-99.14533915085872,19.30929239918794],[-99.14534205421369,19.30919671671387],[-99.14591992696124,19.30920793627571],[-99.14624597408684,19.309212641471834],[-99.1465939841229,19.309217357688972],[-99.14683407235727,19.309224210319208],[-99.14699387995137,19.30923142495247],[-99.14699654165956,19.309170300636495],[-99.14700298437681,19.309061724146957],[-99.14701113568964,19.30898892408361],[-99.1470147343407,19.30896123883951],[-99.1470185315194,19.30894056900734],[-99.1470229278744,19.308923683683062],[-99.14703178616142,19.308900477274364],[-99.14704447845811,19.308871356715553],[-99.1471767625702,19.308608532183207],[-99.14719967499984,19.308623570214188],[-99.14721462655942,19.308632737325325],[-99.1472255168356,19.30863876169303],[-99.14723526625139,19.308641823896142],[-99.14724615652757,19.308643802628733],[-99.14726811943797,19.308643804324277],[-99.1472889414879,19.308641648404496],[-99.14743550342318,19.308612181054936],[-99.14754058295522,19.308587206120013],[-99.14755308211409,19.30858541050854],[-99.14757372270437,19.308584328733144],[-99.14759075835539,19.308586308314243],[-99.14760161988549,19.308589172136415],[-99.14761651485124,19.308595305022344],[-99.14763363494393,19.308605140190643],[-99.14764753996619,19.308617919719595],[-99.14765380751193,19.308624601969868],[-99.14766037958657,19.308633199368664],[-99.14767293264431,19.30865390654219],[-99.14769110556252,19.308684475157968],[-99.1477085194043,19.308711801835532],[-99.14772782509807,19.30874092666169],[-99.14773804792601,19.30875512282958],[-99.14774656934478,19.30876483082039],[-99.14775811539111,19.308776155537178],[-99.14777667188997,19.30879090361017],[-99.14780923851394,19.308803847594994],[-99.14782779591111,19.308809240356467],[-99.1478626271879,19.30881428213469],[-99.14799138810751,19.308821483221546],[-99.14808617384472,19.308821763838427],[-99.14814115253672,19.308822041064108],[-99.14816999205061,19.308823217789815],[-99.14820313090142,19.308827203227494],[-99.1482562437926,19.30883691545287],[-99.1482749503101,19.308783621982485],[-99.14828676764765,19.30874836089275],[-99.14830849250446,19.30866281253359],[-99.1483260222289,19.308587584232686],[-99.14834698711103,19.30849353842253],[-99.14837653809062,19.308341809101204],[-99.1484064753458,19.308139999076857],[-99.14844341496854,19.308005978899715],[-99.14846930890661,19.307892861722113],[-99.14849148831102,19.307827549669952],[-99.1485383085036,19.307713422650043],[-99.14859700711925,19.307609916681333],[-99.14856995704935,19.307600505348965],[-99.14852958137062,19.30758675756257],[-99.14848385981759,19.30757011965359],[-99.14846157531035,19.307555651241746],[-99.14843605776638,19.30753593584555],[-99.14841681764965,19.307517665932018],[-99.148392061877,19.307484387554958],[-99.1483682673018,19.307447497576206],[-99.1483554959534,19.30742072175229],[-99.14834406578969,19.30739666479463],[-99.14833797251713,19.30736555589424],[-99.14833607258034,19.307344940119204],[-99.14833683614833,19.307316007493444],[-99.14833836148766,19.307288511023966],[-99.14834769857674,19.307231189182815],[-99.14835513213572,19.30719193634645],[-99.14838181928617,19.30704219304742],[-99.14839898070134,19.306936940196408],[-99.14841326750764,19.306848167571797],[-99.14839820635362,19.30680082073936],[-99.14839127315625,19.306620191858325],[-99.14838746699434,19.306548213071206],[-99.14838670881626,19.306523795671325],[-99.14838785416826,19.306493598834766],[-99.14839013858403,19.30647695657555],[-99.14838974242697,19.306447365057647],[-99.14841061208762,19.30635174789501],[-99.14849780256914,19.30612719659788],[-99.14850466210461,19.306107303839465],[-99.14850800204086,19.30609401204355],[-99.14851095210825,19.306079546044497],[-99.1485119052208,19.306066434827674],[-99.14851133658723,19.30604418433135],[-99.1485121405794,19.306001147480053],[-99.1485093522087,19.30593068513469],[-99.14848139484046,19.3057802149634],[-99.14847720240303,19.305757061520232],[-99.14847454249144,19.305727767450307],[-99.14847397385792,19.305714384908786],[-99.14847530695779,19.305700451295408],[-99.1484772104879,19.30568454060813],[-99.14847988477247,19.305670616318025],[-99.14850961092354,19.305567170945956],[-99.14857592006624,19.30536390182],[-99.14862699108679,19.305164965568114],[-99.14883050621104,19.304513908411252],[-99.14896155244466,19.30455226236691],[-99.14905298477089,19.30457542445877],[-99.14911127105978,19.3045862840196],[-99.14915755316156,19.304591526010583],[-99.1491844136869,19.304593524291707],[-99.1492567972375,19.304596782413935],[-99.14941337718477,19.30459715799248],[-99.14953642841245,19.304598614524913],[-99.14962634078921,19.304602243986658],[-99.14967929198363,19.304606231222674],[-99.14971281890664,19.304612383757572],[-99.14974118231345,19.304620847413865],[-99.14979293246034,19.30464064624647],[-99.14986138408497,19.304670993487044],[-99.14989948612778,19.30469161299027],[-99.15050916462627,19.30503677076273],[-99.15084416526034,19.305215622700068],[-99.15095807074003,19.30527593460275],[-99.15108706072996,19.30535213261801],[-99.15122975631624,19.30543178115477],[-99.1514472662943,19.305554093600033],[-99.15156760191479,19.305616970825845],[-99.15166416092642,19.30566048593842],[-99.15174065067623,19.305689252687966],[-99.15178912107402,19.305701122754087],[-99.151845923346,19.30571190932923],[-99.15191370303086,19.30572341907817],[-99.15201859571332,19.305737451034517],[-99.15205797426212,19.305742844744984],[-99.15211175280488,19.305746804823592],[-99.15217839162932,19.3057457348987],[-99.15225981133341,19.30574429702817],[-99.15233062552727,19.305738911795807],[-99.15236736033415,19.305734959347067],[-99.15242340352981,19.30572903067396],[-99.15246562614482,19.305723642897735],[-99.1525330267406,19.305713047078484],[-99.15257430792114,19.305706214648385],[-99.1526140673556,19.305698668369363],[-99.15263830390198,19.30569273799925],[-99.15267385922093,19.305682265957085],[-99.15271745176668,19.305667938113316],[-99.15283408722658,19.30562786253398],[-99.15298063748372,19.305577531085596],[-99.15319043273009,19.30550133317532],[-99.15353825411992,19.30538882553129],[-99.15364125944193,19.305348567606085],[-99.15365905596606,19.30533993612242],[-99.15368499571821,19.305326094887803],[-99.1537037435582,19.30531459189329],[-99.15373290826223,19.30529428530793],[-99.15376584948366,19.305266240817534],[-99.15387485195853,19.305171258817442],[-99.15421941426052,19.305096614743288],[-99.15456753658592,19.305021201676162],[-99.15458323015392,19.305018041907704],[-99.15462128278935,19.305228871329373],[-99.15467699360836,19.305213355672752],[-99.15481737603271,19.305174259195837],[-99.15481655946415,19.30516345054224],[-99.15496814927005,19.305122319323054],[-99.15498322389881,19.305129869019936],[-99.15508152025215,19.305094450298615],[-99.15510036331352,19.30508765175482],[-99.15512535085148,19.305078650614696],[-99.15517137873002,19.305062065014493],[-99.1551976212144,19.305052605210648],[-99.15521192778363,19.305047448015035],[-99.15521902357607,19.30504489273172],[-99.15526556439261,19.305030357967766],[-99.15533706489934,19.305008031028184],[-99.15537165003776,19.304997224059132],[-99.15541121004627,19.304984873236652],[-99.15544436776173,19.304974518146192],[-99.15545643842421,19.304970753043943],[-99.15548125438389,19.304962736199187],[-99.15550931685505,19.30495367740138],[-99.15551982534728,19.304950285333046],[-99.15553410856026,19.304945672425013],[-99.15555574178896,19.304938683966686],[-99.15558761581185,19.30492839161095],[-99.1556248833197,19.304916357014623],[-99.15566318748347,19.304903988382],[-99.15568986026088,19.304895377222245],[-99.15569492855569,19.30489374095775],[-99.15570021424281,19.304892033477604],[-99.15573596269954,19.30488048721447],[-99.1557695965221,19.3048696259776],[-99.1557989426858,19.304860152597673],[-99.15580237425019,19.30485904451574],[-99.155818924811,19.304853699948954],[-99.15584159110225,19.304846685204716],[-99.1558578568971,19.30484165347771],[-99.15588136940137,19.304834379304502],[-99.15590732622148,19.304826345496856],[-99.15591544070342,19.304823834296062],[-99.15596454082021,19.304808639919393],[-99.15598730233287,19.30480159719565],[-99.15602575831193,19.3047896982389],[-99.15603463187027,19.30478695304311],[-99.15606072343772,19.304778881929654],[-99.15609150421092,19.304769356828388],[-99.15613275664538,19.30475659141143],[-99.15614325795106,19.30475334092247],[-99.156169539063,19.30474487218631],[-99.15620449430736,19.304733595515337],[-99.15627444432192,19.304711033692808],[-99.1563127960963,19.3046986641969],[-99.15634781871431,19.30468737904462],[-99.15638037725348,19.304676869634612],[-99.15642145900803,19.304663625199545],[-99.15646334834804,19.304650117943414],[-99.15649310144859,19.304640746287724],[-99.15656439264782,19.30461829297168],[-99.15660406584402,19.30460579714556],[-99.15663852701496,19.30459494521624],[-99.15664923044159,19.30459157433559],[-99.15667072443141,19.30458480629189],[-99.156709085189,19.3045727258887],[-99.15673375472329,19.304564953192862],[-99.156742928319,19.304562063018157],[-99.15678383849531,19.30454917973983],[-99.1568196884617,19.30453789372945],[-99.15685435894007,19.304526978210028],[-99.15688480553999,19.304517381030482],[-99.15692849330719,19.30450363044155],[-99.15694745045467,19.30449765424645],[-99.15696796707745,19.30449116258421],[-99.15699454283681,19.304482738768208],[-99.15702327814611,19.304473637553556],[-99.15709750773469,19.304450127846156],[-99.15713101758972,19.304439509901414],[-99.15716985445437,19.304427203970594],[-99.15721277146709,19.304413616153187],[-99.15724391336305,19.30440374766845],[-99.15728356769459,19.3043911890881],[-99.15731716288964,19.304380544009692],[-99.15733694738543,19.304374277859782],[-99.15737687031331,19.304361634496335],[-99.15738777855579,19.304358180525625],[-99.15739520941982,19.30435582531439],[-99.15741997597219,19.304347978001083],[-99.15742688132177,19.30434579319908],[-99.15746041992293,19.30433514811782],[-99.15750373578761,19.30432138818762],[-99.15752968272628,19.304313149185113],[-99.15753293732253,19.304312116554453],[-99.15753698333461,19.304310830428925],[-99.15760427523419,19.30428945463241],[-99.15766471208991,19.304270262788176],[-99.15767547031376,19.304266846119113],[-99.15770730660743,19.304256734304435],[-99.15774639050876,19.30424432916617],[-99.15779022020982,19.304230406449065],[-99.15781143212861,19.30422367145504],[-99.15781959242464,19.304221079703154],[-99.15782539284645,19.304219237414234],[-99.1578588380228,19.304208611824393],[-99.15788791020034,19.304199381727358],[-99.15789222391035,19.304198011668035],[-99.15789798570457,19.304196181248155],[-99.15792723664686,19.30418688841263],[-99.15795697986592,19.30417744466653],[-99.15796496049889,19.30417491649963],[-99.15800581318304,19.3041619509532],[-99.15803737279563,19.304151928999765],[-99.15810819776924,19.304129456964958],[-99.15818264564841,19.304105828514654],[-99.15822119684887,19.304093585296673],[-99.15826418033691,19.304079951669774],[-99.15826438964437,19.304079879606],[-99.15829974463897,19.304068223918122],[-99.15834830217335,19.304052215573936],[-99.15834858963423,19.304052124010475],[-99.15840883425042,19.304032874487373],[-99.15844377691838,19.304021710526047],[-99.15869015874968,19.30394298880726],[-99.15869046777013,19.303942890461162],[-99.15934374779758,19.30373415856316],[-99.15935425449315,19.303730801229737],[-99.15935871552684,19.303735344651425],[-99.15945700379532,19.303700216427593]]]}},{"type":"Feature","properties":{"name":"Pueblo La Candelaria","id":"003-085","alc":"Coyoacán","clasif":"Pueblos y Barrios Originarios","fuente":"SGIRPC CDMX"},"geometry":{"type":"Polygon","coordinates":[[[-99.15546165224607,19.328358567729012],[-99.15525380364895,19.328214625028984],[-99.15509221469563,19.32811042592057],[-99.15509131997361,19.32811153723556],[-99.15507851628581,19.32810329180294],[-99.155011300743,19.32806004205638],[-99.15493290836145,19.328009586123454],[-99.15471962855008,19.327872333903894],[-99.1544809794167,19.327716125591284],[-99.1544604133866,19.32770262363067],[-99.15442371451229,19.32767855609492],[-99.15435265597671,19.327631929896498],[-99.15434522690933,19.327627061626934],[-99.15423361752343,19.327553829882298],[-99.15418993604449,19.32752573411084],[-99.15409678973265,19.327465804247748],[-99.15397970242022,19.32761761838728],[-99.15396312940152,19.32763872072111],[-99.15383733741395,19.32779897681161],[-99.15381957502588,19.32782159563338],[-99.15375878064066,19.32790041520518],[-99.15366015819893,19.327925755084845],[-99.15365315583125,19.32794086254423],[-99.15364434515497,19.327957296630572],[-99.15362460287999,19.327989432397686],[-99.1536048049094,19.328017063557763],[-99.15324682357377,19.32847533019177],[-99.15290810571102,19.328910870064544],[-99.15281522080896,19.329023296247826],[-99.15279093216033,19.329049580269146],[-99.15275750045872,19.32908093934654],[-99.15281373769041,19.329125443388882],[-99.15272307791531,19.32924794748208],[-99.15249340564665,19.329568514838297],[-99.15247119929283,19.32959949490428],[-99.1523881787909,19.32971463063609],[-99.15237005438173,19.329739750686198],[-99.1522759962799,19.32987018263179],[-99.15225661692426,19.329891356727153],[-99.15221750697175,19.329908700173274],[-99.1522259152028,19.32992814246234],[-99.152191180944,19.329944800135017],[-99.15218496999216,19.329939715777158],[-99.15205089284272,19.329830107052427],[-99.15204494779218,19.329825239696042],[-99.15204351048772,19.32982727157579],[-99.15203543463333,19.32982020873804],[-99.15196689856705,19.329760397543673],[-99.15170664045955,19.32954832400706],[-99.15170631706604,19.329548784295945],[-99.15159608749245,19.329673597143668],[-99.15139381922982,19.32990402778462],[-99.15134807521893,19.32995615390069],[-99.15128654780854,19.330026240541326],[-99.15099135421961,19.33035994785088],[-99.15085197162013,19.330517500586957],[-99.15083374300636,19.330538115134562],[-99.1506256006601,19.330491068459075],[-99.15052271930556,19.33046792444984],[-99.15021935374256,19.33039720054851],[-99.15015223072619,19.33038425488315],[-99.15015606563412,19.330369896993],[-99.15016054732911,19.330359079833322],[-99.15016799795609,19.33034381069198],[-99.15028347009763,19.330131560748868],[-99.1504545192092,19.329802791534682],[-99.15036061471929,19.329812653400126],[-99.15023681968663,19.329826602759326],[-99.15013610327195,19.329839795142608],[-99.15009691965756,19.329645500889107],[-99.15006471864784,19.32944999761556],[-99.15005932875616,19.329413488963453],[-99.15005860740901,19.329394751033895],[-99.15005967460753,19.32938191040117],[-99.15001107215741,19.32938390159786],[-99.14993008544127,19.32940460020871],[-99.14989344944908,19.329416399043076],[-99.14988963969394,19.32941762648115],[-99.14984724550072,19.329420660321613],[-99.14984900260544,19.329407699320647],[-99.14985152866798,19.329389070740913],[-99.14986042019267,19.329323485848747],[-99.14986877542317,19.3293013631272],[-99.14991831301951,19.32917776471979],[-99.14991754226497,19.329177078099317],[-99.14994834459777,19.32908866764512],[-99.14995722264771,19.329063167734123],[-99.14997022126985,19.329027012478182],[-99.14998774021451,19.32897876674718],[-99.14993086697555,19.32892747019874],[-99.14982715647604,19.32883390994561],[-99.14982570120526,19.328832528225064],[-99.14979972372386,19.328807828485356],[-99.14977234756559,19.328780266121314],[-99.14974502889947,19.328753859990535],[-99.14973950246385,19.328748729820706],[-99.14971323033502,19.328724364902644],[-99.1496731178627,19.328687175399683],[-99.14965562496913,19.32867095585038],[-99.14963382375551,19.32865074456393],[-99.1495773403854,19.328598373898615],[-99.1495474067235,19.328570369008858],[-99.14949991279444,19.32852449156906],[-99.14949486156759,19.328519605524665],[-99.14949916539615,19.328485373541447],[-99.14950559194365,19.32843424552705],[-99.14950606805078,19.328430498766565],[-99.14951741646775,19.328340244195758],[-99.14954563344914,19.32814695859902],[-99.14951345938893,19.328068565532025],[-99.14939794053494,19.328007881427858],[-99.14922509119958,19.32791100873849],[-99.14907415896047,19.327818228622384],[-99.14906659694239,19.327813640942654],[-99.1490604704322,19.327808926109753],[-99.14905711342793,19.32780558537678],[-99.14905367018548,19.327800753562965],[-99.14905044613188,19.327794143302267],[-99.14904878155369,19.32778935726316],[-99.14904822010665,19.32778702697232],[-99.14904574794296,19.327776877618827],[-99.14904481639002,19.327771414277343],[-99.14904463582864,19.327768126947895],[-99.14904465559158,19.327765318561468],[-99.14904503647725,19.327762311816247],[-99.14904614948995,19.327759277944857],[-99.14904819495382,19.327755611699146],[-99.1491485825851,19.327598976887995],[-99.14904536975226,19.327487482181574],[-99.14897056973348,19.32740202331278],[-99.14891529639407,19.3273490571695],[-99.14887117833382,19.327314864782345],[-99.14881234586925,19.32727442237432],[-99.14874745336972,19.327232101476145],[-99.14868607058804,19.32719208289258],[-99.14853140225573,19.32709336938373],[-99.14845685466354,19.327049548026395],[-99.148392446356,19.32701487493589],[-99.14830258338657,19.326968722407326],[-99.14836990403221,19.326818441986934],[-99.14842967793126,19.32669269534367],[-99.1483988208012,19.326667263721806],[-99.14832047064048,19.326598167440697],[-99.14829133558088,19.326573547893958],[-99.14828091063197,19.32656113088609],[-99.14821590763971,19.326579834385292],[-99.14819416032502,19.326583643069895],[-99.14816003781893,19.326588307924332],[-99.14806450917497,19.326590628059904],[-99.14792870366695,19.326583291277355],[-99.14788932511816,19.326625583522073],[-99.1478694067734,19.326698724979593],[-99.14785722471981,19.326746989185636],[-99.1478545216891,19.32675731068464],[-99.1478532559629,19.32676081419591],[-99.14785284722943,19.326762357843116],[-99.14785230464699,19.326763766707266],[-99.14785159048633,19.32676511199448],[-99.14785062030586,19.326766511534096],[-99.14784961149778,19.32676763133533],[-99.14784847063737,19.326768642631837],[-99.14784747171079,19.326769364865438],[-99.1478459400832,19.326770231206627],[-99.14784501661511,19.326770646575692],[-99.1478435137336,19.326771152647847],[-99.14784193449536,19.32677149511537],[-99.14784085921197,19.32677163074618],[-99.1478396608594,19.32677167567383],[-99.14783834842078,19.326771621421532],[-99.14754801920914,19.326737258527462],[-99.14754122704726,19.32673468493398],[-99.14753748915737,19.32673049394373],[-99.1475347600755,19.32672437191042],[-99.14753509335051,19.326717598849278],[-99.1475632833824,19.326610695493557],[-99.14756594778554,19.32659841496701],[-99.14756629094204,19.32659436892877],[-99.14756609151603,19.326591127350973],[-99.14756519769229,19.326586332799735],[-99.14756394274583,19.32658257582443],[-99.14756254496724,19.32657927066952],[-99.14755796984751,19.32657085392553],[-99.14754678492392,19.326554914752545],[-99.14754063865072,19.32656029590834],[-99.14753476905872,19.326564052036503],[-99.14752739568686,19.32656703082994],[-99.14752180277584,19.326568131983223],[-99.14751347808814,19.32656858295585],[-99.14750446978246,19.32656780562134],[-99.14720462831029,19.326537838821455],[-99.14716204906416,19.326531621839347],[-99.14712793733787,19.32652280498168],[-99.14710418408512,19.326515803882604],[-99.14706188152006,19.326505179741826],[-99.14694423904879,19.326477959457506],[-99.14680939653476,19.326459803556617],[-99.14678974319297,19.326459539923903],[-99.14676763565384,19.32646032319278],[-99.1467381547428,19.326462125389398],[-99.14670758956528,19.326462645873328],[-99.14668929627285,19.32646186769063],[-99.14664753629023,19.326455903318223],[-99.14637022187046,19.326416483016406],[-99.14632812861282,19.326410121074005],[-99.14629333057366,19.326404871305765],[-99.14628364224336,19.326438155155657],[-99.14625459701526,19.32653802361855],[-99.14624542252126,19.3265735021186],[-99.14624340490518,19.32658059900443],[-99.1462273088919,19.326577192973993],[-99.14622029484616,19.326601175902677],[-99.14603283261602,19.32653938925231],[-99.14607397904933,19.326435928264164],[-99.14609513347595,19.326381424938525],[-99.1461101209681,19.32634278704035],[-99.1461146790199,19.326331057495054],[-99.14614382306263,19.326278749663235],[-99.14614475551389,19.32627710598344],[-99.14623092281427,19.32612691902096],[-99.14636177141854,19.325901895594335],[-99.14641067749928,19.325898641287285],[-99.14642979364854,19.325859769310817],[-99.14643736824299,19.32583729432583],[-99.146438396814,19.325829582827463],[-99.14643853156129,19.325819351973436],[-99.14643771589097,19.325795250252348],[-99.14600931202695,19.32582020645201],[-99.1459077718571,19.325826931231607],[-99.1458670170893,19.325842295737136],[-99.14572733984242,19.325846379092695],[-99.14568098318048,19.32584772862598],[-99.1456605824404,19.325890727192405],[-99.14563832578088,19.325937663296887],[-99.14561363289037,19.32598969997524],[-99.14542933632333,19.325952240282337],[-99.1454476394972,19.325801206171853],[-99.14545339230828,19.325744443520904],[-99.14545343991902,19.32574403747394],[-99.14545867080895,19.325681242586835],[-99.14544893486791,19.325641726308195],[-99.14542186413676,19.32562107130084],[-99.14537329312768,19.32561111424011],[-99.14535871975883,19.325606760463117],[-99.14535186201992,19.325601513212117],[-99.14534550913423,19.325590125235905],[-99.1453059131932,19.325468566974493],[-99.1452411859837,19.325484759715394],[-99.14483567927795,19.32558767199744],[-99.14478605903653,19.325600254380507],[-99.14479161960816,19.325561353511233],[-99.14459014455794,19.3253726277917],[-99.14445755322201,19.325459245678715],[-99.14429379663392,19.325552623914096],[-99.14407342372508,19.325681474008334],[-99.1438795753716,19.325794126205967],[-99.14382832648462,19.325749231315424],[-99.14382620915546,19.325723477421654],[-99.14370607026602,19.32573120164042],[-99.1436578469049,19.32575141328822],[-99.14357588012685,19.325848404240322],[-99.14353832605639,19.325896683108414],[-99.1440248751738,19.326199585144966],[-99.14424894105683,19.3263365446201],[-99.14451151232619,19.326495351584548],[-99.14455878706629,19.326526276285648],[-99.14460605192495,19.326562483804285],[-99.14470456567066,19.326643955566027],[-99.1447601812682,19.32669412455309],[-99.1447999011768,19.326732597068098],[-99.14488870143929,19.326823648509606],[-99.14513206313454,19.32709081359748],[-99.14514050909484,19.327101750497786],[-99.14514646312858,19.327111557426438],[-99.14515281601429,19.32712297242266],[-99.14515639220737,19.327132020667374],[-99.14516056667848,19.327142956717328],[-99.14516433151785,19.327157856564977],[-99.14516592872245,19.32716973185372],[-99.14516651711898,19.327178978455162],[-99.1451657257032,19.327190663012146],[-99.14516132395829,19.327240869977196],[-99.1449974119617,19.328290286787716],[-99.14493294077202,19.328730521615913],[-99.1448144538844,19.329323483305753],[-99.14468327200514,19.329943470979828],[-99.1446339814455,19.33017954675104],[-99.14457554783286,19.330423540295136],[-99.14452784369806,19.330603801259556],[-99.14443404610765,19.330942452698046],[-99.14440686039222,19.331062422591298],[-99.14440289073696,19.33108099757711],[-99.14440119651435,19.33108740850238],[-99.1443982653116,19.331096410753243],[-99.14439170940659,19.331110839783754],[-99.1443849531774,19.33112309284565],[-99.14436871163703,19.331145016118242],[-99.14434884539456,19.33116348937434],[-99.14428687062305,19.33120948983265],[-99.14456019652297,19.331532754006993],[-99.14479975205646,19.331850856953086],[-99.1449948445766,19.332097852122953],[-99.14565282369126,19.332918760433685],[-99.1457388948719,19.33303045402324],[-99.14579149392674,19.333104000336874],[-99.1458689556537,19.333216605032707],[-99.14596554430969,19.333359173509532],[-99.14600235277845,19.333424655062203],[-99.14612592143568,19.333644549976594],[-99.14626611251892,19.333923738912095],[-99.1463527595196,19.334077196584012],[-99.1464004672477,19.334165940008763],[-99.14642187499926,19.334221404518736],[-99.14649002209505,19.33442385706786],[-99.14692415631231,19.33589830341281],[-99.14715972063092,19.33676078802123],[-99.14720870935666,19.336967139104623],[-99.14729166607817,19.336813952850505],[-99.14732137336465,19.336761726358905],[-99.148167799263,19.335543056010003],[-99.14895501091276,19.336087546747695],[-99.14929971335194,19.336332086670694],[-99.14949786373725,19.336472613001686],[-99.14956408125178,19.336523919047288],[-99.14963370338126,19.336587713372776],[-99.14967800290117,19.336633933537517],[-99.14975687857641,19.33673007462514],[-99.14978608100962,19.336771218232983],[-99.1499559937524,19.337029132024558],[-99.15013709321538,19.337296762723984],[-99.1501769146336,19.337133078780067],[-99.15019246806445,19.337049172746475],[-99.15024157536772,19.336867627941537],[-99.15026447522098,19.336766863905726],[-99.15029223675647,19.336661486099675],[-99.15034922048824,19.3364817031105],[-99.15038916228072,19.336343971464064],[-99.15043688707681,19.336196993610997],[-99.15051262673339,19.335971682296485],[-99.15057326211671,19.335808767533727],[-99.15061904295851,19.335680274658717],[-99.1506377899002,19.33562504798514],[-99.15066555682563,19.335555257880493],[-99.15070062166441,19.33547669036352],[-99.15077610709778,19.335308684134883],[-99.1508613482351,19.335098263936878],[-99.15099913542663,19.33474805492407],[-99.15114454392504,19.334379388375325],[-99.1511523466916,19.334357834265873],[-99.15115859896594,19.334338122102764],[-99.151162909981,19.334320387511404],[-99.15116447125297,19.334309045916406],[-99.15116497700447,19.3342869314989],[-99.15116376158389,19.334267363428403],[-99.15115534796293,19.334210942780935],[-99.15114993740998,19.334178614972867],[-99.15114291078781,19.334144281609625],[-99.15121074167664,19.334028838759004],[-99.15123386341374,19.333981442160084],[-99.15130817834223,19.333806219997484],[-99.15132848475922,19.333754813922177],[-99.15135262608418,19.333691839868614],[-99.15138040199277,19.333616234014492],[-99.15140287784118,19.333558578953877],[-99.15142441135681,19.333510460014658],[-99.15147585877146,19.33340505637272],[-99.15149806692193,19.3333621470931],[-99.15151956091177,19.33332499085715],[-99.15155602981733,19.333277911078156],[-99.15160814917179,19.333215336935517],[-99.15166842972064,19.333159879712703],[-99.15170132961961,19.33313044390909],[-99.15171924472132,19.33311402899183],[-99.15174238262806,19.33309327066716],[-99.15178604164917,19.33306104605224],[-99.15191542869454,19.332982621437413],[-99.1520379660858,19.332910083784586],[-99.15214089594939,19.332840931655813],[-99.15223869822931,19.33276753356431],[-99.15234946858862,19.332671480843338],[-99.1524113679016,19.332606432991522],[-99.15244459119408,19.332569258782765],[-99.1524888889174,19.332517213180846],[-99.15254750758294,19.332434213469796],[-99.1525917963231,19.33237227136043],[-99.15263922647173,19.332295112823903],[-99.15270194684493,19.33218443677568],[-99.15278580996655,19.332022949940324],[-99.15285294645764,19.33188574347644],[-99.15293250934401,19.331723876591123],[-99.15308781997184,19.331390001687073],[-99.15329484750882,19.331007242673262],[-99.15346174999705,19.33072651955268],[-99.15352404906031,19.330628177764655],[-99.15356744487505,19.330555308473933],[-99.1536230640659,19.330479134922367],[-99.15368743644082,19.330393904795105],[-99.15386937313363,19.330160554606934],[-99.15445426621511,19.32951182131067],[-99.1546799059465,19.329261080574604],[-99.1550353684061,19.328866247288456],[-99.15546165224607,19.328358567729012]]]}},{"type":"Feature","properties":{"name":"Pueblo San Pablo Tepetlapa","id":"003-086","alc":"Coyoacán","clasif":"Pueblos y Barrios Originarios","fuente":"SGIRPC CDMX"},"geometry":{"type":"Polygon","coordinates":[[[-99.14545218227761,19.324808243910756],[-99.14547411015373,19.324726632210297],[-99.14555178747632,19.32445627249848],[-99.14562178420327,19.324220614004428],[-99.14576348625279,19.323772658818505],[-99.14541912876679,19.32367941096055],[-99.1454144117132,19.32366646984913],[-99.14540986623786,19.323652536070362],[-99.14540485633353,19.323633210865758],[-99.14539557763497,19.323584131939796],[-99.14539009521677,19.3235400010752],[-99.14538678941653,19.32350063008464],[-99.14538033142794,19.323420550389496],[-99.1452920782395,19.323306716542966],[-99.14523284422796,19.32314805143766],[-99.14524661989283,19.32306265557274],[-99.14524681033569,19.323060172626494],[-99.14525565335136,19.322947993262375],[-99.14526475508178,19.322883772296418],[-99.14526659842477,19.32268566184249],[-99.14525932656257,19.322645982926094],[-99.14525461310224,19.32260899549069],[-99.14523373445844,19.32244543161396],[-99.1452331864861,19.322418955794365],[-99.14523042686156,19.322283440932992],[-99.14526424034715,19.322237771113496],[-99.1452665202713,19.32218816025055],[-99.1452722209801,19.322097020606435],[-99.14527429788507,19.322071311913703],[-99.1452758223261,19.32205351410728],[-99.14527869783335,19.322034713450204],[-99.14528453239107,19.322006233561716],[-99.14529457375932,19.321962556647236],[-99.14540635921496,19.321499137957098],[-99.1454643364834,19.321221407059284],[-99.14513714041254,19.32116419945923],[-99.14508752466274,19.321152689101872],[-99.1450407529792,19.321139743551697],[-99.14500894453326,19.321129491211003],[-99.14497562332446,19.32111726961296],[-99.14483966779781,19.321062964575425],[-99.14467948470788,19.320998948865054],[-99.14463674645991,19.320990645428477],[-99.14458215494177,19.320983829743525],[-99.14452623122213,19.320981041585746],[-99.14445845423224,19.32097974202783],[-99.1442695645791,19.320974400531096],[-99.14408135944224,19.32097131651822],[-99.1439573533055,19.320969846568044],[-99.14385985824937,19.320912105662657],[-99.14382656668494,19.3208967771456],[-99.14378546516747,19.320879515819605],[-99.14375727154227,19.320869190558373],[-99.14373026638822,19.320862902999593],[-99.14367573236225,19.32085241158373],[-99.14361628994155,19.320844503178368],[-99.14359029179897,19.32084369614637],[-99.14355445800224,19.32084465746393],[-99.14351215543724,19.320848526470538],[-99.14347818564471,19.32085400275927],[-99.1434219547012,19.32086447976371],[-99.1431889002755,19.32091572289405],[-99.14314302960213,19.320924430698103],[-99.14310602530067,19.320928841397333],[-99.14307950344018,19.320931194674525],[-99.14306251450152,19.320931833857088],[-99.14304450687335,19.320932481516923],[-99.14302684240162,19.320931829618477],[-99.14300917792984,19.32092956959077],[-99.14298777556823,19.32092408567512],[-99.14297469609767,19.320920372651248],[-99.14295346531422,19.320911177406614],[-99.1429276495296,19.320900211269276],[-99.14290251017636,19.32088698764608],[-99.14288314429548,19.320873115514104],[-99.14284850705474,19.320826019430573],[-99.14281856800297,19.320779031841955],[-99.14281131231041,19.320764094960484],[-99.14280485522018,19.320748932583363],[-99.14279586218588,19.320711844687214],[-99.14278720062988,19.320678622402355],[-99.1427834645366,19.320663622780106],[-99.14278134541085,19.320650321147202],[-99.14278092859254,19.320640243406952],[-99.14278143434407,19.320629759606277],[-99.14278347172315,19.32061750660505],[-99.14278959104684,19.32059460703712],[-99.14281559278274,19.320503334259183],[-99.1428478845223,19.320394327870343],[-99.14293319572818,19.32011068728864],[-99.1428204104476,19.3200814873449],[-99.14262168244555,19.320033077904174],[-99.14254558615778,19.320010817440398],[-99.14250958257954,19.320001349176533],[-99.14248562181594,19.319993227950512],[-99.1424649048689,19.31998387921501],[-99.14245386187909,19.319976454820033],[-99.14244028025033,19.319965328399455],[-99.14242796255115,19.31995476147824],[-99.14241921296025,19.319944682847307],[-99.14240563133147,19.31992629563853],[-99.14239441945844,19.319907268393468],[-99.14238559440906,19.319885982799587],[-99.14237777996442,19.31985727534557],[-99.14237438612929,19.3198426011755],[-99.142371829524,19.319827989735955],[-99.14237065273095,19.319806633770217],[-99.14237073986756,19.319795833713528],[-99.14237175945537,19.319786162830088],[-99.14237372047765,19.319775354294716],[-99.14237729038261,19.31975770119969],[-99.1423842577159,19.319730449273024],[-99.14258973565906,19.31895772000554],[-99.14232849569295,19.318891567183798],[-99.14209001993453,19.31882734971014],[-99.1418726033812,19.318769591093123],[-99.1415950607894,19.318696662258354],[-99.14137628418676,19.31863986916427],[-99.14111063349266,19.31856307629756],[-99.14096999864162,19.318523703260084],[-99.14077024745845,19.318469494850287],[-99.14053856296348,19.318410766297493],[-99.14041559168594,19.318377201907463],[-99.14023282854305,19.31832944302309],[-99.13997940032671,19.31826426314809],[-99.13969812253991,19.31818616543824],[-99.13938559775424,19.318100974675982],[-99.1387021073838,19.317921877425082],[-99.13847322653086,19.318716685731616],[-99.13832597109621,19.31917655523104],[-99.13820698744023,19.31957295649595],[-99.1381873224203,19.319643892776643],[-99.13808306933832,19.320006280405135],[-99.13805434570713,19.320092006785206],[-99.13791652797288,19.32053110825521],[-99.13786701463101,19.320698923686034],[-99.13780751202326,19.320920891457323],[-99.13775963181858,19.32115813910107],[-99.13773433256527,19.32135062000228],[-99.13772627108389,19.32142913497341],[-99.13772179118557,19.321482186112284],[-99.1377092228564,19.321763588033576],[-99.13771098085944,19.321935060097942],[-99.13772015984505,19.322101476203034],[-99.13773149658392,19.322224521319306],[-99.13774354928005,19.322327240680405],[-99.13775918086436,19.322425282288098],[-99.1377788324095,19.32254073503475],[-99.13778955470072,19.32258699732151],[-99.13780608460029,19.322659583639314],[-99.1378422732315,19.322803889816132],[-99.13788364334523,19.322971457924226],[-99.13794421135496,19.323160943422955],[-99.13794588850962,19.32316619160004],[-99.13804310239301,19.323470673742293],[-99.1383306324542,19.323585400111753],[-99.13835286126594,19.323597548622203],[-99.13837271223707,19.323611061094688],[-99.13838896635382,19.32362649616834],[-99.13861751123682,19.323891446339857],[-99.1388716428341,19.324175227012105],[-99.13904760393365,19.324375920310956],[-99.13920299271484,19.324558910772318],[-99.13925272614392,19.324612945078517],[-99.1393110573486,19.324672876835944],[-99.13935695946296,19.324715108540573],[-99.13944016591614,19.3247804892911],[-99.13960895845973,19.324906050064047],[-99.13963524496158,19.32500683837152],[-99.13964695719623,19.3250533720721],[-99.13967491905608,19.325145772293187],[-99.13969260418905,19.325199341017843],[-99.13972128110792,19.32527880102029],[-99.13974901120238,19.325339640419557],[-99.13977386758631,19.32539775190034],[-99.13980733162725,19.325469943637383],[-99.13985172277539,19.325558417084377],[-99.13989769406001,19.325641112574914],[-99.14000966995852,19.325816871612247],[-99.14007056585332,19.32590393006597],[-99.14014669178542,19.325997348736514],[-99.14071952498422,19.32672828740087],[-99.14124859495736,19.32739030994951],[-99.14137611081189,19.32754539199635],[-99.1415884734434,19.327383792070265],[-99.14189553826876,19.327151391233315],[-99.14204381598617,19.327023383207607],[-99.1421332585441,19.326939858527115],[-99.142175350005,19.326899003200513],[-99.14220022076198,19.32687131166539],[-99.1422126570388,19.32685451720087],[-99.14223705348527,19.326814571426347],[-99.14229637193844,19.326711068227876],[-99.14250183550851,19.32636215600454],[-99.14265370828372,19.326097766775597],[-99.14282065389109,19.325803364408365],[-99.14291105674802,19.325654009449703],[-99.1429680809039,19.325559246980937],[-99.14304452214469,19.325387758375044],[-99.1430703585906,19.325325110850684],[-99.1431091101153,19.32521706218861],[-99.14320982653004,19.32491653698122],[-99.14333042266196,19.32456345022448],[-99.14338608137865,19.324565606781988],[-99.1434568847927,19.324566762201847],[-99.14349274823383,19.324566767287973],[-99.143513790371,19.324564954897994],[-99.14353363415565,19.324561091913438],[-99.14354881748056,19.3245564439552],[-99.1435616130835,19.324552020638407],[-99.1435759591786,19.32454634272009],[-99.14360083622371,19.3245327286006],[-99.14364818552404,19.324506402315155],[-99.14371609187133,19.324471907550453],[-99.14377301002607,19.324447623374198],[-99.14381895975114,19.324429578297003],[-99.14387176721515,19.32441245467221],[-99.1439327457549,19.324396569541694],[-99.14397976806849,19.324388023834317],[-99.14402066477011,19.32438038940859],[-99.14404532262631,19.324376970616633],[-99.1440598672491,19.324376755299735],[-99.14407589588868,19.32437774202768],[-99.14409782286644,19.324381527875605],[-99.14412332513908,19.324387744091847],[-99.1441852505032,19.32440681404816],[-99.14421370194486,19.32441680509027],[-99.14422876938714,19.324424753164934],[-99.14423881345031,19.32443361252093],[-99.14424765826264,19.324444278333964],[-99.14430328913154,19.32451406047062],[-99.14433116654972,19.32454531699881],[-99.14435903588313,19.324571092270922],[-99.14438249179352,19.32458945267818],[-99.14440831656128,19.32460619820867],[-99.1446588665755,19.32472129846535],[-99.14486739340072,19.32481209332628],[-99.14493004101028,19.32484069903327],[-99.14496399014152,19.32485568386126],[-99.14499507544365,19.32487112898979],[-99.14502377392199,19.324882934933168],[-99.14503691986786,19.324887018312683],[-99.1450541378769,19.324890659191706],[-99.14507541716938,19.324893831291657],[-99.14509143682585,19.32489497060278],[-99.14511558982883,19.324894748504953],[-99.14524003793674,19.32488283405661],[-99.14532721404521,19.324873886563918],[-99.14540175714579,19.324864991628292],[-99.14541215514522,19.324861814441537],[-99.14541712103207,19.324859141637322],[-99.14542298164099,19.32485500654734],[-99.14542829966747,19.324849444774767],[-99.14543332304655,19.324842176577913],[-99.14543900399241,19.324832018564493],[-99.14544539730227,19.324821183236384],[-99.14545218227761,19.324808243910756]]]}},{"type":"Feature","properties":{"name":"Romero De Terreros","id":"003-087","alc":"Coyoacán","clasif":"Colonia","fuente":"SGIRPC CDMX"},"geometry":{"type":"Polygon","coordinates":[[[-99.1838900476461,19.33744210958173],[-99.18369120735458,19.337364560137182],[-99.18350349898611,19.337293628160822],[-99.18345969713286,19.337277838370895],[-99.18335113483244,19.33723868514401],[-99.1829331828667,19.337087704699982],[-99.1828467873943,19.33705649549676],[-99.18241585028112,19.33689995267439],[-99.18230245504446,19.33685876671698],[-99.18173916375066,19.3366547532897],[-99.18107931883512,19.336424612743425],[-99.18107639392049,19.336426705571256],[-99.18039557603804,19.336173549497065],[-99.1801211245491,19.33607088037746],[-99.17988433762338,19.33597973915496],[-99.17963261530771,19.335884689391857],[-99.17947984421723,19.335830302803544],[-99.17946079813653,19.335823432640858],[-99.17943585371776,19.335816923574686],[-99.17940810206365,19.335810812053715],[-99.17938619305224,19.335807797827705],[-99.17936043026819,19.335804999751275],[-99.17934026219173,19.33580411650502],[-99.17931663021152,19.335804280948143],[-99.17929739458634,19.33580626867598],[-99.1792693967939,19.335810785776683],[-99.17924882896715,19.335815491902103],[-99.17922365727456,19.335823575045154],[-99.17920121556216,19.335831405589634],[-99.17918179039245,19.335841168764237],[-99.17912731924855,19.3358722722441],[-99.17906324960586,19.33591347116507],[-99.17891343936257,19.336009407547067],[-99.17883918102794,19.336057596951946],[-99.17879472699781,19.336087570481684],[-99.17867552954276,19.3361584639903],[-99.17850744127833,19.336229144709836],[-99.17842754960857,19.336248744755636],[-99.17837179207719,19.336260902495965],[-99.17834833167521,19.336261084739206],[-99.17830595904157,19.336261422101046],[-99.1781426318482,19.3362537568675],[-99.17797931453632,19.336246091633722],[-99.17791892259636,19.336242365395766],[-99.17770948398112,19.336229429517743],[-99.17745895642479,19.336213957491044],[-99.17732595815203,19.336205865890832],[-99.17721226287809,19.336198964381122],[-99.17709857658735,19.33619206287113],[-99.1769848813134,19.336185161360834],[-99.17686461216822,19.336176869715413],[-99.17677502408327,19.33617235940607],[-99.17665999660775,19.33616470857816],[-99.1760840705094,19.336129124510933],[-99.1754410465476,19.336089171680527],[-99.17478898643228,19.33605868024074],[-99.17400715299613,19.33601736522923],[-99.17359851206835,19.335993821915203],[-99.17340816265286,19.33655824258608],[-99.17326754217491,19.336979887595927],[-99.17330006927307,19.336986893332185],[-99.1732611443735,19.337098876574363],[-99.17311024267713,19.337357312840428],[-99.17307313237441,19.337422484250062],[-99.17303958119685,19.337487871780834],[-99.17303565196582,19.33749461727107],[-99.17292396173157,19.337686093970166],[-99.17290893112025,19.3377114959043],[-99.17289980872857,19.33772693812194],[-99.17286432527482,19.337786916773098],[-99.17275053208454,19.337979323831398],[-99.17266445910724,19.338135708806774],[-99.17249803901439,19.338423492675595],[-99.17248125848482,19.33845215448527],[-99.17242497004914,19.338548236015683],[-99.17242086025672,19.338555261180197],[-99.17241677022722,19.33856223294373],[-99.17239161739928,19.33860518069534],[-99.17224922724024,19.338862956816858],[-99.17224592682985,19.338871932362565],[-99.17215701697289,19.338999872614874],[-99.17196230354186,19.33934786952615],[-99.17193277502012,19.339395530721976],[-99.1719847775936,19.33942589693755],[-99.17199945696365,19.33943475547992],[-99.17201326227296,19.339444787136504],[-99.1720218438789,19.33945611989857],[-99.1720245837405,19.339463207748395],[-99.17202657261049,19.339471235615186],[-99.17202856148056,19.339488708578212],[-99.17202731551724,19.339502641853702],[-99.17202483257384,19.339518462790636],[-99.17201985770379,19.339535466163923],[-99.17201164800038,19.339563333553226],[-99.17186984983108,19.3399215863586],[-99.17186139309105,19.339938590537507],[-99.17184646668427,19.339956063450625],[-99.17183253830575,19.339968344667938],[-99.17181636593574,19.339979208657898],[-99.1718054154724,19.3399846453146],[-99.17178526626061,19.339992907947384],[-99.17175155967452,19.340003537144113],[-99.17172432185679,19.340009912966597],[-99.17168824641327,19.34001628963644],[-99.17161858835122,19.340027858845726],[-99.17158300698111,19.340032582649645],[-99.17155364824096,19.340036953842226],[-99.17150563328907,19.340038968642485],[-99.17143821921854,19.340038727069878],[-99.17150051289195,19.34029072692798],[-99.17135736185985,19.34035329920665],[-99.17124814648423,19.340400989775727],[-99.17124241972431,19.340403482629817],[-99.17113876941184,19.340448734578626],[-99.17113565854602,19.340450098400858],[-99.17107214585879,19.340477821538403],[-99.17095732679243,19.340528627924385],[-99.17094685243626,19.34053326949476],[-99.17081644041318,19.340590973797397],[-99.17079136214541,19.340602225955976],[-99.17067511565607,19.3406544130761],[-99.17061599842552,19.340680945273238],[-99.17044464927663,19.34075684621799],[-99.1703956641442,19.340778537644695],[-99.17035466054307,19.340796706363253],[-99.1701830823238,19.340872697949422],[-99.17017822872634,19.34080050284954],[-99.17017680130331,19.34077995062606],[-99.1701578657155,19.340615188611224],[-99.17014516353736,19.340561866514857],[-99.17013922657162,19.34053724144466],[-99.16977592720946,19.340518682791753],[-99.16957036572303,19.34051256381822],[-99.1693638996331,19.34050565825246],[-99.16936204461201,19.34050562265245],[-99.169325149905,19.34050502677501],[-99.1692711979873,19.340506084605664],[-99.16923227757933,19.340509208935543],[-99.16917727912438,19.34051684938827],[-99.16910825796784,19.34052884237242],[-99.16902315876435,19.34054969383761],[-99.16896502069747,19.340566445360214],[-99.16894144531115,19.340574906306713],[-99.1689241446571,19.340893739237114],[-99.16889986229664,19.341309888970763],[-99.16889838277135,19.341321264831887],[-99.1688654253802,19.34157481299818],[-99.16881691545659,19.341607962375974],[-99.1687535258385,19.34165501008654],[-99.16868962328248,19.34170460401736],[-99.16862977302668,19.34175659922433],[-99.16854202828469,19.341840859683845],[-99.168469496512,19.341921742360704],[-99.16838397869361,19.342046303333767],[-99.16832919942757,19.342131972375306],[-99.16828014692145,19.342219067054963],[-99.16823614654054,19.342311011720277],[-99.16818763661686,19.342432772738103],[-99.16817276770232,19.34247844708195],[-99.16815634739723,19.34254565749227],[-99.16814475014688,19.34260425361659],[-99.16813094663428,19.34268349240063],[-99.16809054400599,19.342984129853953],[-99.16797842078381,19.343820330138975],[-99.16786818043047,19.344623390095084],[-99.16780784598278,19.3450842113979],[-99.1683913745233,19.34515723270478],[-99.16885229740068,19.345215985544385],[-99.16941408760965,19.345286186840838],[-99.16955599806839,19.345302998904305],[-99.16988103369097,19.34534305966705],[-99.17027573096897,19.345385113964337],[-99.17060717876605,19.345424017739496],[-99.17110247747439,19.345483577393363],[-99.1711156162337,19.34548512086361],[-99.17204677033139,19.345594558035966],[-99.17387409094295,19.345830223827253],[-99.17434417933117,19.34588042082317],[-99.17460562501144,19.345909919592554],[-99.17499695720036,19.34595868243761],[-99.17559876915188,19.3460317067437],[-99.17627973795138,19.346116662563958],[-99.17670531212228,19.346170232885136],[-99.17769821102266,19.34628981441105],[-99.17809316971038,19.346346183418717],[-99.17864182205834,19.346443969891347],[-99.17900433090301,19.346523970489034],[-99.17947592307098,19.346652109859956],[-99.1802357414945,19.346873525328952],[-99.18040567579682,19.34692560703826],[-99.18041824412596,19.34692953391049],[-99.18041612320356,19.346935268686273],[-99.18041422057176,19.34694100261441],[-99.18041252814577,19.346946728066552],[-99.1804110441289,19.34695243487134],[-99.18040975055494,19.34695814167609],[-99.18040863844061,19.346963948495862],[-99.1804077158708,19.346969853635613],[-99.1804069738624,19.346975850314426],[-99.18040643217823,19.34698192751397],[-99.18040608992015,19.34698808608146],[-99.18040596685091,19.346994316693745],[-99.18040605308923,19.347000619350595],[-99.18040636749959,19.347006967777002],[-99.18040691098032,19.347013369601],[-99.1804076817348,19.347019817194493],[-99.18040869054288,19.347026291910534],[-99.180409947286,19.347032784425696],[-99.18041144118428,19.3470392947398],[-99.18041318301759,19.347045796577834],[-99.18041517188766,19.34705229756803],[-99.18041740869269,19.34705877228276],[-99.18041989253447,19.347065219026916],[-99.18042262341292,19.347071630172092],[-99.18042559234499,19.34707797859572],[-99.18042880831365,19.347084262602497],[-99.18043227221742,19.34709047541172],[-99.18043595441176,19.34709660685249],[-99.18043987465965,19.347102638277782],[-99.18044402307966,19.347108561211655],[-99.18044838170543,19.34711436717862],[-99.18045294874034,19.347120056178294],[-99.18045772508266,19.3471256002405],[-99.18046269186785,19.347131008688866],[-99.18046783921447,19.347136263723826],[-99.18047315813924,19.34714135686967],[-99.18047864864224,19.34714628643123],[-99.18048429006228,19.347151035456772],[-99.18049006622954,19.347155622593174],[-99.18049598433065,19.347160010546677],[-99.18050201651779,19.34716422728778],[-99.18050815290948,19.347168245693602],[-99.18051439440406,19.34717206491654],[-99.1805207221369,19.347175694280054],[-99.1805271154468,19.347179125308443],[-99.18053357613033,19.347182357154008],[-99.18054008352625,19.347185390664368],[-99.1805466295497,19.34718822583964],[-99.18055320431928,19.34719086183213],[-99.18055979795346,19.347193308812827],[-99.18056640057077,19.347195556610856],[-99.18057300318814,19.347197606073603],[-99.18057426891436,19.347197967145334],[-99.18057678060391,19.347198481629977],[-99.18058289813101,19.34719953772209],[-99.18058912076096,19.34720042175415],[-99.18059543771402,19.34720111677463],[-99.18060184090538,19.347201640582725],[-99.18060832943667,19.347201955884763],[-99.18061489432475,19.347202072851644],[-99.18062153467136,19.347201990635746],[-99.180628223527,19.34720169228553],[-99.18063496897645,19.347201176953206],[-99.18064176203663,19.34720044548663],[-99.18064858294454,19.347199487714434],[-99.18065542361546,19.34719829516103],[-99.1806622741678,19.347196877149692],[-99.18066913370332,19.347195223509544],[-99.18067598335736,19.347193335935568],[-99.18068280516364,19.347191213580306],[-99.18068959732553,19.347188855596098],[-99.18069634277498,19.347186263677994],[-99.18070303073226,19.347183446302072],[-99.18070966209567,19.34718039329716],[-99.18071620722081,19.347177114834384],[-99.18072265802292,19.347173610913522],[-99.1807290127052,19.347169890010527],[-99.18073525330149,19.347165952125586],[-99.18074137082861,19.347161815905224],[-99.18074736438817,19.347157481349683],[-99.18075320523413,19.347152947611157],[-99.18075890414629,19.34714823333679],[-99.18076444046336,19.34714334784974],[-99.18076980610059,19.34713829962602],[-99.18077500015956,19.347133088665675],[-99.18078000467399,19.347127733615373],[-99.18078482772876,19.34712224295106],[-99.18078946034066,19.347116635319754],[-99.18079389352661,19.34711090987371],[-99.18079812638821,19.347105075936373],[-99.18080215982386,19.34709915215468],[-99.18080598395204,19.347093155480255],[-99.18080959877271,19.34708707828499],[-99.18081300428597,19.347080955319772],[-99.18081620049175,19.34707477895639],[-99.1808191873901,19.347068556823093],[-99.18082196498092,19.34706231689019],[-99.1808245332643,19.34705605915776],[-99.1808257226338,19.347052925629846],[-99.18082916587626,19.347042902069123],[-99.18083438778298,19.3470248416894],[-99.18083642246712,19.34700981482143],[-99.18083730551099,19.346990327949115],[-99.18083638114457,19.34697252099229],[-99.18083325860067,19.34695201446809],[-99.18082850022464,19.346933620128993],[-99.18082024021558,19.346911786278007],[-99.18081120945202,19.346894034405715],[-99.18079989606933,19.34687647154357],[-99.18078806885035,19.346861564171775],[-99.1807736625681,19.346846611028802],[-99.18076208328408,19.346836498458757],[-99.18075079954578,19.34682795731597],[-99.18073564227203,19.346818178694317],[-99.18071853565407,19.346809123064713],[-99.18070501511073,19.34680327216487],[-99.18068866038267,19.346797548402968],[-99.18067279972797,19.346793314700665],[-99.18065869977131,19.34679057953398],[-99.18069828133937,19.346602372494775],[-99.1807264785578,19.346466116565434],[-99.18103465729412,19.344948261031345],[-99.18134906045702,19.343412903582085],[-99.18164087099056,19.341980110701112],[-99.18197651661502,19.340344571247904],[-99.18199669547121,19.340245501211648],[-99.18203171808922,19.34007519181295],[-99.18209511489374,19.339754646777372],[-99.18211930832098,19.33964908357465],[-99.18213306781621,19.33957961474501],[-99.1821345509347,19.33957213784013],[-99.18216182378674,19.339444920213865],[-99.18220274743787,19.339294836904187],[-99.18223845097879,19.33918436987861],[-99.18228338201436,19.339069332367316],[-99.18231226734233,19.338994290133275],[-99.18235720107285,19.33890134933098],[-99.18239009198868,19.338828970271425],[-99.18242780595925,19.33875583255093],[-99.18245830196652,19.338700981570234],[-99.1824992229226,19.338640034413306],[-99.1825401438788,19.338576802021247],[-99.18259632272002,19.338486524238448],[-99.18268138149934,19.33837338832117],[-99.1827343371853,19.338306344871754],[-99.18280014416979,19.33822824741944],[-99.1829076734076,19.338111298669318],[-99.1829796365467,19.33804033395981],[-99.1830379111575,19.337988261282174],[-99.18310951317383,19.337925343109912],[-99.18316767459687,19.337876638894624],[-99.18325514445445,19.337809591850764],[-99.18336749045882,19.33772959291517],[-99.18348465143315,19.337653404909776],[-99.18360214658067,19.337591330853687],[-99.18367110665181,19.337559547049587],[-99.1837315048799,19.337533697539936],[-99.18377346698345,19.337514631659086],[-99.1838207273506,19.33748804215578],[-99.18384738216172,19.337471406443456],[-99.1838900476461,19.33744210958173]]]}},{"type":"Feature","properties":{"name":"San Diego Churubusco","id":"003-088","alc":"Coyoacán","clasif":"Colonia","fuente":"SGIRPC CDMX"},"geometry":{"type":"Polygon","coordinates":[[[-99.15311461581845,19.357695167083964],[-99.15299761384591,19.35724163459526],[-99.15290149680551,19.356901185856785],[-99.15287041150337,19.35680225978337],[-99.15281481566875,19.356599062040157],[-99.15273294411209,19.356348888386595],[-99.15262553704511,19.355977790728716],[-99.15240776655568,19.355115469549194],[-99.1523219226488,19.354829554291385],[-99.15203739924885,19.35389292817982],[-99.15190052294898,19.353376409336427],[-99.15187706883526,19.353286748284425],[-99.15176258304389,19.35284917913259],[-99.15148291234311,19.35187376909893],[-99.15139508495606,19.351570659577494],[-99.15118559962843,19.351562550939775],[-99.15011891400898,19.351350125169063],[-99.14927628798422,19.35118410163034],[-99.14848464045362,19.351022720889944],[-99.14760281015323,19.350843547016364],[-99.14737054355,19.350796946080006],[-99.14657383041951,19.35062318537649],[-99.14559116512683,19.350431068683598],[-99.14559083814002,19.35045441158405],[-99.14556643181209,19.350848469685484],[-99.1455582751093,19.350945360972307],[-99.14552889840286,19.35121268322312],[-99.14548505702379,19.351500176203384],[-99.14542031005135,19.351814060911504],[-99.1453373488382,19.352148505980743],[-99.1452379008447,19.352473917933043],[-99.14518715770924,19.352638231482796],[-99.14494141547846,19.353466617011],[-99.14440711641204,19.355199152713052],[-99.14418215670536,19.35595491137565],[-99.14411517472449,19.356225768130304],[-99.14403465064078,19.3565858387656],[-99.14392198573445,19.357083587268555],[-99.14388388279335,19.35726918537327],[-99.14449441469134,19.357296720891025],[-99.14507436703877,19.35732378178542],[-99.14551388485953,19.357341468957877],[-99.14617814768968,19.357360128248843],[-99.14706094278061,19.357385446604845],[-99.14803022587046,19.3574096852],[-99.14875167994312,19.357451142266402],[-99.14940245007772,19.357486647949315],[-99.14983067427866,19.357506319177368],[-99.15028421659763,19.35753196974326],[-99.15104681351035,19.357573186927052],[-99.15251606924292,19.357661249720746],[-99.1528588627621,19.357679986100546],[-99.15311461581845,19.357695167083964]]]}},{"type":"Feature","properties":{"name":"San Francisco Culhuacan Barrio De La Magdalena","id":"003-089","alc":"Coyoacán","clasif":"Pueblos y Barrios Originarios","fuente":"SGIRPC CDMX"},"geometry":{"type":"Polygon","coordinates":[[[-99.12171934913965,19.341112397589715],[-99.12128931663,19.34102198135227],[-99.12112733601124,19.34098843093209],[-99.12098469701886,19.340956266360926],[-99.12063905134862,19.340866284865395],[-99.12039392895538,19.340803988259545],[-99.11950376588244,19.340522591170547],[-99.11909321872962,19.340404146317244],[-99.11904360926808,19.340388266980263],[-99.1190067954094,19.340375615383973],[-99.11897728754899,19.340364455600497],[-99.11896728929987,19.340360398884204],[-99.11895039558262,19.340353540778825],[-99.11892024093515,19.34033890405008],[-99.11886580213066,19.340311130879293],[-99.11877232613712,19.340261034732784],[-99.1186407364227,19.340185147966984],[-99.11862936015795,19.340178941675866],[-99.11853525624207,19.340127617283642],[-99.11843760487908,19.340075036698014],[-99.11836501651256,19.34003981796081],[-99.11830183440533,19.340012539751136],[-99.11817963567891,19.339967889494062],[-99.11805116671188,19.339926208450695],[-99.11789772457986,19.339882498185023],[-99.11769135101636,19.339829933625328],[-99.11745784833133,19.33976765357648],[-99.11745321482108,19.339766415197097],[-99.11628499172669,19.339444843079765],[-99.11620040456292,19.33942232588781],[-99.11623272145528,19.33926746024519],[-99.1161435681549,19.339274208204703],[-99.11606226343514,19.33927689518249],[-99.11595456980562,19.33927516771851],[-99.11584117995888,19.33926599724077],[-99.11576415121992,19.339259211985254],[-99.11565753556872,19.339247335032802],[-99.11543289206898,19.339213084107655],[-99.1149625862885,19.339126073434603],[-99.11428793264555,19.338997473826183],[-99.11417343337942,19.338975326138577],[-99.11428184296622,19.339566391786395],[-99.11435270836407,19.340047071919454],[-99.11441414145135,19.34039667877399],[-99.11444325405311,19.34054168212862],[-99.11447562574267,19.340702950329277],[-99.11456857442509,19.3409131149518],[-99.11482839595138,19.341477538958546],[-99.11527018561145,19.342479186198258],[-99.11541989165018,19.342794539365407],[-99.11568395502125,19.34338097851364],[-99.11576207700995,19.343493045520635],[-99.11600484671546,19.34378519866542],[-99.11635950518286,19.34421612913011],[-99.11671009248542,19.344871878057184],[-99.11725278001997,19.34590422207469],[-99.1172867075916,19.345963323853553],[-99.11734004416329,19.346056257244378],[-99.11742280774702,19.346241143204743],[-99.11743654658098,19.346271830231146],[-99.11790960210453,19.34700897147246],[-99.11888319980275,19.348621162006957],[-99.1193234874797,19.349310810644205],[-99.11949267977354,19.349570097185214],[-99.11954066238613,19.34942956687396],[-99.11995828287355,19.34787393503709],[-99.12006650022084,19.347458111408944],[-99.12030196662309,19.346607180867316],[-99.12043074281405,19.34608671376068],[-99.12050773831537,19.345721369109892],[-99.12056099853025,19.345446517151615],[-99.12063511313445,19.345001689339753],[-99.1206777292115,19.344785512032647],[-99.12075711063827,19.34448947358475],[-99.121073661673,19.34341503276742],[-99.12126920514743,19.34274081790937],[-99.12161139499868,19.341570907187467],[-99.12171934913965,19.341112397589715]]]}},{"type":"Feature","properties":{"name":"San Francisco Culhuacan Barrio De San Francisco","id":"003-090","alc":"Coyoacán","clasif":"Pueblos y Barrios Originarios","fuente":"SGIRPC CDMX"},"geometry":{"type":"Polygon","coordinates":[[[-99.12004389411675,19.332657968272777],[-99.12002464771176,19.33266069943792],[-99.12000094925624,19.33266564215166],[-99.11996207466234,19.332676973688994],[-99.11991839497993,19.3326925308171],[-99.1198788062254,19.332707410662263],[-99.11977195162237,19.332749328350566],[-99.11963630601441,19.332803148032273],[-99.11956819305462,19.332829191557426],[-99.11951434354494,19.332845765863595],[-99.11942090797561,19.3328680813716],[-99.11936483333896,19.33287881275141],[-99.11932391507774,19.332885655912868],[-99.11925901359508,19.33289308904564],[-99.11916844634649,19.332899828791973],[-99.11897027440156,19.332904310371273],[-99.11887568539542,19.332899418524438],[-99.11883146941881,19.332896363557076],[-99.11874696579834,19.332886859590417],[-99.11864676771155,19.332871265183858],[-99.11852802121076,19.33284638380799],[-99.11828841177841,19.33277998570208],[-99.11768184773896,19.33262145440413],[-99.1174671988951,19.332566557284196],[-99.11733416738467,19.332530247681685],[-99.11722474539656,19.332500824479485],[-99.11709629888735,19.332468724354047],[-99.11706563040357,19.332461943054415],[-99.11705261651004,19.332459736589005],[-99.11702854884693,19.332457788660605],[-99.11701054032041,19.332457358895816],[-99.11695687586368,19.332459962914896],[-99.1169391332385,19.332461313241183],[-99.11692005841178,19.3324643597401],[-99.11690008886299,19.332469257533734],[-99.11688163117883,19.332474841933706],[-99.11686736952538,19.332479660046747],[-99.11683972926244,19.332492086776547],[-99.11681565710772,19.33250444314958],[-99.11678748414383,19.33252101409796],[-99.11677508559625,19.332528966016554],[-99.11675850000115,19.33254318385262],[-99.11674352239045,19.332556038647095],[-99.11673068456672,19.332570086100773],[-99.1167173032622,19.33258751063792],[-99.11670250441622,19.332607651929077],[-99.11667538876937,19.33264791924603],[-99.11662463754911,19.33273735683414],[-99.11646662209397,19.33304938225915],[-99.1163198337833,19.33335663477442],[-99.1162231481093,19.33355022105786],[-99.11601137656926,19.333969779280373],[-99.11594377205594,19.334104931823198],[-99.11593234907873,19.334126257099587],[-99.11592057575866,19.334145208095087],[-99.11590738399872,19.33416483551605],[-99.11589953182478,19.334175498150675],[-99.11588249707206,19.33419449237079],[-99.11584477411833,19.334233870955792],[-99.11581232427534,19.334265683379908],[-99.11576095860738,19.33430696408089],[-99.11569013632874,19.334354821708306],[-99.11565974452603,19.334374543193483],[-99.11563541455484,19.334389355073252],[-99.11561098936225,19.33440237840519],[-99.1155512478026,19.334426390700433],[-99.11552672918529,19.334435107108575],[-99.11549561783202,19.334444994971403],[-99.11544676295532,19.334457334243634],[-99.11541288389266,19.33446409765973],[-99.11537757830538,19.334469839654787],[-99.1153381728071,19.334473042931734],[-99.11531981214105,19.334474139793546],[-99.11528807556039,19.33447370664327],[-99.1152310253533,19.33447056609251],[-99.11518609521603,19.334465983685515],[-99.11514883309809,19.334460726547384],[-99.11476089115105,19.33439410192702],[-99.11430305039343,19.33431350372279],[-99.11425781752394,19.334302338439052],[-99.11422390612196,19.334292061494743],[-99.11418028303348,19.334277745483174],[-99.11414797961584,19.334264308486535],[-99.1140912420225,19.33423672330906],[-99.11405391792073,19.334215365836297],[-99.11402335813311,19.3341968903825],[-99.11400017890384,19.334180295869796],[-99.11397487156562,19.33415828230579],[-99.11394813949946,19.33412814991059],[-99.11390803780684,19.334078888501498],[-99.11386152932961,19.33401320886009],[-99.11381705014664,19.333936611398595],[-99.11358550578892,19.333525695801335],[-99.11356590993931,19.333492522743434],[-99.1135320497413,19.333440716475188],[-99.11345256410999,19.333329668233866],[-99.11340658653712,19.33327211563874],[-99.11337165734392,19.333232499477436],[-99.11320698177931,19.333059561800713],[-99.11315138863965,19.333723660874934],[-99.11307800706072,19.334557003691195],[-99.11303529576219,19.335011600302355],[-99.11299936494747,19.335475372272732],[-99.11297949421336,19.335699717955954],[-99.11345062285065,19.33650182357792],[-99.11356605187308,19.33669879330404],[-99.1137052530129,19.336936342678623],[-99.1138108661442,19.337129146586282],[-99.11385959974838,19.337260240568554],[-99.11390809889225,19.33743940138274],[-99.11398227907347,19.33787375948066],[-99.11412022616511,19.33861332303444],[-99.11414736337152,19.338777650540404],[-99.1141717634113,19.33896277360528],[-99.11417343337942,19.338975326138577],[-99.11428793264555,19.338997473826183],[-99.1149625862885,19.339126073434603],[-99.11543289206898,19.339213084107655],[-99.11565753556872,19.339247335032802],[-99.11576415121992,19.339259211985254],[-99.11584117995888,19.33926599724077],[-99.11595456980562,19.33927516771851],[-99.11606226343514,19.33927689518249],[-99.1161435681549,19.339274208204703],[-99.11623272145528,19.33926746024519],[-99.11651319345324,19.33923307963726],[-99.11672644631518,19.339184719101212],[-99.11673980426346,19.339181688832586],[-99.11713744981219,19.339035248387574],[-99.11739485846363,19.338912500738264],[-99.11765262644111,19.338759872354533],[-99.11785788519533,19.338619645510484],[-99.11786632576575,19.33861387738484],[-99.11820072003698,19.33841504433198],[-99.11819218155024,19.33823631009986],[-99.11842658344884,19.337760190844925],[-99.1185941156561,19.33743723990939],[-99.11860677830835,19.337373517964906],[-99.11864531693233,19.3371796259786],[-99.11857893322949,19.337174145998922],[-99.1185464070297,19.337171464072267],[-99.1185409120351,19.33712658332826],[-99.11852185786962,19.336897269047842],[-99.1185027929243,19.336667946816785],[-99.11850891045141,19.33657017059268],[-99.11855347677094,19.33635711839578],[-99.11855999494664,19.336320629935962],[-99.11863946171331,19.33592692328354],[-99.11865124940648,19.335858550570084],[-99.1186560697663,19.335837566273213],[-99.11865861199853,19.33582864480998],[-99.11866178305154,19.335819796243673],[-99.11866535295644,19.335811335898335],[-99.1186776598758,19.335790182066297],[-99.11876077919244,19.335656838947063],[-99.11877932850476,19.335629085323188],[-99.11882070760166,19.335580695747325],[-99.11884068343865,19.335553619380025],[-99.11886459209991,19.33551774952261],[-99.11890998576787,19.33543222873895],[-99.11905653512669,19.335151378448494],[-99.11915392597821,19.33501414748826],[-99.11917283641326,19.334986393755255],[-99.11919602282907,19.33494543957107],[-99.1192371144651,19.33486834243343],[-99.11940725627821,19.3345191594338],[-99.11960986051078,19.334091900838704],[-99.11985367226205,19.333607627758056],[-99.11987926975608,19.33355231646545],[-99.11990705464781,19.333431356642055],[-99.11997512898007,19.333137048867854],[-99.11999997817745,19.333003753593907],[-99.12003643989647,19.33274320145688],[-99.12004389411675,19.332657968272777]]]}},{"type":"Feature","properties":{"name":"San Francisco Culhuacan Barrio De San Juan","id":"003-091","alc":"Coyoacán","clasif":"Pueblos y Barrios Originarios","fuente":"SGIRPC CDMX"},"geometry":{"type":"Polygon","coordinates":[[[-99.12270189944799,19.33758683075497],[-99.12259739663432,19.337541086383958],[-99.12225158208089,19.33746664950752],[-99.12187498495759,19.337379588740756],[-99.12149000655269,19.337295848123183],[-99.12145167903275,19.337288713559296],[-99.12139349694847,19.337277899400753],[-99.12113823077902,19.337245968894372],[-99.12095709718008,19.337233308578096],[-99.12088681209391,19.33723262283922],[-99.12074413627059,19.337237896840858],[-99.12071493922724,19.337240534689315],[-99.12064133127285,19.337247171692038],[-99.12046192693083,19.337277665452866],[-99.12022972590462,19.337330712292214],[-99.12010626774016,19.337368525382995],[-99.11992870135121,19.3374261189163],[-99.11991812099377,19.33742955693069],[-99.11979502035884,19.337481303446438],[-99.11966631154156,19.337550313750242],[-99.1195501997995,19.337616672620452],[-99.11911090835419,19.33789472910604],[-99.11865203812731,19.338172111250042],[-99.1185195599791,19.338243413260045],[-99.11820072003698,19.33841504433198],[-99.11786632576575,19.33861387738484],[-99.11785788519533,19.338619645510484],[-99.11765262644111,19.338759872354533],[-99.11739485846363,19.338912500738264],[-99.11713744981219,19.339035248387574],[-99.11673980426346,19.339181688832586],[-99.11672644631518,19.339184719101212],[-99.11651319345324,19.33923307963726],[-99.11623272145528,19.33926746024519],[-99.11620040456292,19.33942232588781],[-99.11628499172669,19.339444843079765],[-99.11745321482108,19.339766415197097],[-99.11745784833133,19.33976765357648],[-99.11769135101636,19.339829933625328],[-99.11789772457986,19.339882498185023],[-99.11805116671188,19.339926208450695],[-99.11817963567891,19.339967889494062],[-99.11830183440533,19.340012539751136],[-99.11836501651256,19.34003981796081],[-99.11843760487908,19.340075036698014],[-99.11853525624207,19.340127617283642],[-99.11862936015795,19.340178941675866],[-99.1186407364227,19.340185147966984],[-99.11877232613712,19.340261034732784],[-99.11886580213066,19.340311130879293],[-99.11892024093515,19.34033890405008],[-99.11895039558262,19.340353540778825],[-99.11896728929987,19.340360398884204],[-99.11897728754899,19.340364455600497],[-99.1190067954094,19.340375615383973],[-99.11904360926808,19.340388266980263],[-99.11909321872962,19.340404146317244],[-99.11950376588244,19.340522591170547],[-99.12039392895538,19.340803988259545],[-99.12063905134862,19.340866284865395],[-99.12098469701886,19.340956266360926],[-99.12112733601124,19.34098843093209],[-99.12128931663,19.34102198135227],[-99.12171934913965,19.341112397589715],[-99.12181990655257,19.340741450058356],[-99.12206349911487,19.339848394032053],[-99.1221604533852,19.339496869521092],[-99.12250830621603,19.33827069261303],[-99.12270189944799,19.33758683075497]]]}},{"type":"Feature","properties":{"name":"San Francisco Culhuacan Barrio De Santa Ana","id":"003-092","alc":"Coyoacán","clasif":"Pueblos y Barrios Originarios","fuente":"SGIRPC CDMX"},"geometry":{"type":"Polygon","coordinates":[[[-99.12379512938583,19.332036295573452],[-99.12376322302354,19.33203290152409],[-99.12371062486706,19.332030856956827],[-99.12365658940605,19.332032740467785],[-99.12361773637171,19.332037102550274],[-99.12355568883669,19.332045711432425],[-99.1226488674052,19.332173956258853],[-99.12238943035784,19.33221827551533],[-99.12219777748692,19.332253734980714],[-99.12207225409564,19.332277399202273],[-99.12199272804021,19.332295313720103],[-99.12175701190625,19.332357878890907],[-99.12135547395742,19.332478962420513],[-99.12131125348927,19.332489444613188],[-99.12127131439172,19.332498573088536],[-99.12121728611727,19.332509901246723],[-99.1211486440498,19.33252426912071],[-99.12076422349863,19.332598643827875],[-99.1207095286743,19.332609104821213],[-99.12066437665312,19.33261723813511],[-99.1206055450869,19.332623987217044],[-99.12034915961661,19.332638477991917],[-99.12004389411675,19.332657968272777],[-99.12003643989647,19.33274320145688],[-99.11999997817745,19.333003753593907],[-99.11997512898007,19.333137048867854],[-99.11990705464781,19.333431356642055],[-99.11987926975608,19.33355231646545],[-99.11985367226205,19.333607627758056],[-99.11960986051078,19.334091900838704],[-99.11940725627821,19.3345191594338],[-99.1192371144651,19.33486834243343],[-99.11919602282907,19.33494543957107],[-99.11917283641326,19.334986393755255],[-99.11915392597821,19.33501414748826],[-99.11905653512669,19.335151378448494],[-99.11890998576787,19.33543222873895],[-99.11886459209991,19.33551774952261],[-99.11884068343865,19.335553619380025],[-99.11882070760166,19.335580695747325],[-99.11877932850476,19.335629085323188],[-99.11876077919244,19.335656838947063],[-99.1186776598758,19.335790182066297],[-99.11866535295644,19.335811335898335],[-99.11866178305154,19.335819796243673],[-99.11865861199853,19.33582864480998],[-99.1186560697663,19.335837566273213],[-99.11865124940648,19.335858550570084],[-99.11863946171331,19.33592692328354],[-99.11855999494664,19.336320629935962],[-99.11855347677094,19.33635711839578],[-99.11850891045141,19.33657017059268],[-99.1185027929243,19.336667946816785],[-99.11852185786962,19.336897269047842],[-99.1185409120351,19.33712658332826],[-99.1185464070297,19.337171464072267],[-99.11857893322949,19.337174145998922],[-99.11864531693233,19.3371796259786],[-99.11860677830835,19.337373517964906],[-99.1185941156561,19.33743723990939],[-99.11842658344884,19.337760190844925],[-99.11819218155024,19.33823631009986],[-99.11820072003698,19.33841504433198],[-99.1185195599791,19.338243413260045],[-99.11865203812731,19.338172111250042],[-99.11911090835419,19.33789472910604],[-99.1195501997995,19.337616672620452],[-99.11966631154156,19.337550313750242],[-99.11979502035884,19.337481303446438],[-99.11991812099377,19.33742955693069],[-99.11992870135121,19.3374261189163],[-99.12010626774016,19.337368525382995],[-99.12022972590462,19.337330712292214],[-99.12046192693083,19.337277665452866],[-99.12064133127285,19.337247171692038],[-99.12071493922724,19.337240534689315],[-99.12074413627059,19.337237896840858],[-99.12088681209391,19.33723262283922],[-99.12095709718008,19.337233308578096],[-99.12113823077902,19.337245968894372],[-99.12139349694847,19.337277899400753],[-99.12145167903275,19.337288713559296],[-99.12149000655269,19.337295848123183],[-99.12187498495759,19.337379588740756],[-99.12225158208089,19.33746664950752],[-99.12259739663432,19.337541086383958],[-99.12270189944799,19.33758683075497],[-99.12275231380006,19.337401591698978],[-99.12288838610769,19.33661293153974],[-99.12296267498503,19.33615497254762],[-99.12305055177943,19.33557921067094],[-99.12307858280954,19.335418437520897],[-99.12309679794858,19.335319599293836],[-99.12329527352404,19.334393344125786],[-99.12339431907235,19.333914549485296],[-99.1235817875907,19.333010244123766],[-99.12379512938583,19.332036295573452]]]}},{"type":"Feature","properties":{"name":"San Mateo","id":"003-093","alc":"Coyoacán","clasif":"Colonia","fuente":"SGIRPC CDMX"},"geometry":{"type":"Polygon","coordinates":[[[-99.15139508495606,19.351570659577494],[-99.15133373720873,19.351359171223503],[-99.15127777396313,19.351165101759207],[-99.15119098502859,19.350852429518415],[-99.15102064648444,19.350297935008633],[-99.15074812547496,19.349371466488723],[-99.1506058988093,19.348870143104556],[-99.14965858581633,19.349118996685817],[-99.14806846355886,19.34953459316946],[-99.14748336296657,19.34942331007987],[-99.1468818321877,19.349307616134087],[-99.14629058711883,19.349195442935333],[-99.14617444124077,19.349173206788574],[-99.14547097054182,19.349039563541297],[-99.14550401596787,19.349241000116248],[-99.14552603367542,19.349375378045718],[-99.14555416441856,19.34961226651062],[-99.14556930013278,19.349776795683216],[-99.14558647861594,19.350099530652116],[-99.14559116512683,19.350431068683598],[-99.14657383041951,19.35062318537649],[-99.14737054355,19.350796946080006],[-99.14760281015323,19.350843547016364],[-99.14848464045362,19.351022720889944],[-99.14927628798422,19.35118410163034],[-99.15011891400898,19.351350125169063],[-99.15118559962843,19.351562550939775],[-99.15139508495606,19.351570659577494]]]}},{"type":"Feature","properties":{"name":"Santa Cecilia","id":"003-094","alc":"Coyoacán","clasif":"Colonia","fuente":"SGIRPC CDMX"},"geometry":{"type":"Polygon","coordinates":[[[-99.11609664106277,19.301208270888665],[-99.11584858656843,19.30114931697344],[-99.11569533038767,19.301116784234512],[-99.11551594760523,19.301079322233267],[-99.11424264857203,19.3007791977625],[-99.11424470391741,19.301580860955678],[-99.11424471200226,19.301584320071964],[-99.11424407150346,19.302280249541834],[-99.11425172874293,19.303054616760516],[-99.11425816517192,19.30374755907068],[-99.11426250223812,19.304521709087272],[-99.11427060055044,19.305224621289298],[-99.11427210343187,19.305790653087275],[-99.11427595450951,19.30624203178862],[-99.11391368731167,19.306199350216897],[-99.11335405036436,19.306133421138437],[-99.1127832949688,19.30606617794445],[-99.11254837474225,19.30603851763946],[-99.11248241863744,19.306335428632433],[-99.1124399804268,19.306526519643118],[-99.1123914201975,19.306738133874926],[-99.11235310884724,19.306905133473297],[-99.11231191121001,19.30708465736389],[-99.11229021150598,19.30718175095441],[-99.11225899504988,19.30729360626007],[-99.11215969168512,19.307723570706173],[-99.1121131481736,19.307932069457525],[-99.11208620859652,19.30805199944119],[-99.11207515842025,19.308101146614923],[-99.1120654422421,19.3081444245334],[-99.11204450430947,19.308237581214698],[-99.1120436949274,19.30824108512295],[-99.11202421496048,19.308324625293803],[-99.11200271558076,19.308420726237266],[-99.11199771376128,19.308443118838316],[-99.11197286097061,19.308552384141283],[-99.1119190213424,19.308790057520465],[-99.11190290376955,19.308861155320308],[-99.11176204344143,19.309482842429507],[-99.1117618440154,19.309483754642574],[-99.11172350212247,19.30965295736283],[-99.1116996949708,19.30976232274327],[-99.11165858087688,19.30994453689212],[-99.11165197915786,19.309973756449935],[-99.11157226535451,19.310327015455627],[-99.11155685206087,19.310395277621208],[-99.11148653912697,19.31070687519445],[-99.11147817581163,19.310743905168593],[-99.11146909743738,19.310784158374567],[-99.11146835363233,19.310787427394672],[-99.11145930400417,19.310827562749235],[-99.11141639238136,19.311007501133954],[-99.1121777253644,19.311193777270294],[-99.11268043337718,19.311308807281954],[-99.11277218909697,19.311328022885444],[-99.11287006054717,19.31134907391319],[-99.11333187096001,19.311455087766486],[-99.11381904081328,19.31156330999419],[-99.11415786108395,19.311642980938988],[-99.11442035330155,19.311705463306115],[-99.11472379701803,19.310319597404217],[-99.11482039286051,19.309891365015133],[-99.11499707620551,19.309105230712863],[-99.11516067828343,19.308323462129067],[-99.11527754101701,19.307834589720084],[-99.11558850093748,19.306396655743576],[-99.11583476688607,19.306431093281184],[-99.11583567238789,19.306425675855216],[-99.11585096800225,19.306331893314802],[-99.11586186726159,19.306272849260004],[-99.11587820761659,19.306184250921536],[-99.11588539144394,19.30614535136602],[-99.11580842558699,19.306137085325847],[-99.11580937151301,19.306123250940914],[-99.1158405143073,19.305625242826924],[-99.11594725841753,19.303917189087322],[-99.11596102240429,19.30363889504766],[-99.11599661904573,19.30300912045844],[-99.11602981179551,19.30236906873214],[-99.11609664106277,19.301208270888665]]]}},{"type":"Feature","properties":{"name":"Viejo Ejido Santa Ursula Coapa","id":"003-095","alc":"Coyoacán","clasif":"Colonia","fuente":"SGIRPC CDMX"},"geometry":{"type":"Polygon","coordinates":[[[-99.14745473725172,19.301282419488167],[-99.14723930597522,19.30103081899271],[-99.14556210013579,19.30070282211682],[-99.145469301472,19.300674863317628],[-99.14520036833378,19.30059399498418],[-99.14463683090158,19.300374063233114],[-99.14436189072906,19.30026756486919],[-99.14263608872771,19.299601142446697],[-99.14249093445251,19.2997458301518],[-99.14215305561633,19.30011860116989],[-99.14186286564359,19.300428807534853],[-99.14179171008989,19.3005017614737],[-99.14173809504048,19.300556710907067],[-99.14154865202518,19.300776720412628],[-99.1413284857288,19.30100709259504],[-99.1412350869904,19.301108604418364],[-99.14117163628697,19.301174244718194],[-99.14113171156247,19.30120943791914],[-99.1410921479607,19.301244713351473],[-99.14094441282569,19.301392234725295],[-99.14056731444246,19.301806390945295],[-99.14050581128654,19.301879173010057],[-99.14027527124532,19.302129363124312],[-99.14017063548103,19.302249700924694],[-99.14014032632335,19.302284561549225],[-99.13968148663913,19.302787604842024],[-99.13967820419508,19.30279115295346],[-99.13938361876562,19.303109419512325],[-99.13938238178551,19.30311075566833],[-99.13932248751222,19.303174029762665],[-99.1390443107098,19.30347280181764],[-99.13904312134036,19.303474093036545],[-99.13882254631055,19.30371518030234],[-99.13870373333442,19.303851154808264],[-99.13864008051003,19.303918202220917],[-99.13845429543454,19.304114144678245],[-99.13828142813287,19.30430113913001],[-99.13814157032456,19.30446168092209],[-99.13788758245778,19.304736236431843],[-99.13774860859176,19.304895116946017],[-99.13773031260439,19.30492680028045],[-99.1377195229395,19.304945201893183],[-99.13771576528667,19.304949273901375],[-99.13722872299412,19.30547696733518],[-99.13710639850358,19.305610321516905],[-99.13707443285251,19.305648342029432],[-99.1370191559198,19.305724655172263],[-99.13698759900221,19.30576359721789],[-99.13694837406527,19.30580766675307],[-99.13618067562011,19.306537585089078],[-99.13582170344273,19.30689401379323],[-99.13568584044246,19.30703506733602],[-99.13563456101281,19.307094377322947],[-99.13558327888822,19.30716423384217],[-99.1355268027046,19.307244302849682],[-99.13495859672781,19.30804432355869],[-99.13486785161274,19.308154808248048],[-99.13478301022573,19.308232632675367],[-99.13470037959269,19.308290112701812],[-99.13469908601863,19.30829100627014],[-99.13469781130924,19.30829189983854],[-99.13477619650432,19.308297657165717],[-99.13493311242154,19.308300944039026],[-99.13513864516192,19.308293277493767],[-99.1352928050478,19.30828047250576],[-99.13731978162119,19.30806814304013],[-99.13739780749013,19.308062566284036],[-99.13746812761056,19.30806557508734],[-99.13753223588085,19.30807123831782],[-99.13756728634661,19.308075857919935],[-99.13760712034123,19.308084389220063],[-99.13764275830519,19.308096657573],[-99.13774835257188,19.30813302940642],[-99.13835661173226,19.308360095878417],[-99.13843262447665,19.308392154959115],[-99.13851350698819,19.308428892970866],[-99.13856141414229,19.308451439868094],[-99.13860273934031,19.308474400482257],[-99.13869943579412,19.308530347625553],[-99.13875702409204,19.308568336938936],[-99.13881636140982,19.308604656104663],[-99.13893261957726,19.308690025611487],[-99.13897569469347,19.30871736585274],[-99.13903679270916,19.308752430262977],[-99.13910053536512,19.30878374745469],[-99.13922712864989,19.308839689405403],[-99.14015470835102,19.309228589118362],[-99.14148744351667,19.309791062490135],[-99.14149942434759,19.309756497645218],[-99.14170134765713,19.30915848168924],[-99.14211965535574,19.308492237069803],[-99.14277221044273,19.307598997127975],[-99.14332668117883,19.306854331891465],[-99.14421118486547,19.305683622439243],[-99.14459449779378,19.305170769634483],[-99.14543891595748,19.304032277629126],[-99.14656196816617,19.302456097282416],[-99.1467543208247,19.30219653078509],[-99.14701456545743,19.301868948287417],[-99.14720975319902,19.301599538487114],[-99.14744395926493,19.301296378912653],[-99.14745473725172,19.301282419488167]]]}},{"type":"Feature","properties":{"name":"Villa Coyoacan","id":"003-096","alc":"Coyoacán","clasif":"Colonia","fuente":"SGIRPC CDMX"},"geometry":{"type":"Polygon","coordinates":[[[-99.16509373098057,19.34475257943783],[-99.16459839903455,19.344692696581927],[-99.16434864941925,19.344663120460933],[-99.16407897786594,19.344631005774815],[-99.16357594017141,19.344570794853233],[-99.16198779869916,19.34437507975072],[-99.16158516211074,19.344325484936025],[-99.16078994647177,19.344227665832864],[-99.16073527410528,19.344374068563102],[-99.16059793157977,19.34488341217084],[-99.16055989960559,19.345012124958078],[-99.16053950066217,19.345054511598633],[-99.16049983914405,19.345237115269853],[-99.16029008701675,19.346178371456453],[-99.15985825787656,19.34613092159631],[-99.15977185162428,19.34612142772365],[-99.15964639111506,19.34656785866514],[-99.15961424759759,19.346676561099503],[-99.1598696592941,19.346733035074713],[-99.1597090432163,19.347176566446173],[-99.1595367436498,19.347627979988523],[-99.15951567635977,19.34768317971651],[-99.15948846998307,19.347811902161627],[-99.15939142498293,19.348273622219057],[-99.15921025545141,19.349135621040112],[-99.15911066552403,19.34967546835252],[-99.15906572460702,19.3500038593657],[-99.15935732762969,19.349947652660084],[-99.15998737363064,19.34983352878997],[-99.16041046485807,19.34975593946391],[-99.16089971700623,19.34966970061758],[-99.16134478461879,19.349595090434487],[-99.16179915608276,19.349516559340476],[-99.16181066709481,19.34955825149567],[-99.16181948585594,19.34959469716035],[-99.16182364325913,19.34961369636694],[-99.16182641096852,19.34963509759406],[-99.16182717184155,19.349655559707145],[-99.16182680982047,19.349668255505385],[-99.16182423075729,19.34968978301368],[-99.16177181136554,19.349880523274958],[-99.16171304807122,19.350069631738943],[-99.1619581587864,19.350131111140005],[-99.16198244923163,19.35013720771607],[-99.16217173324519,19.35018468268598],[-99.16230276241082,19.350217546378847],[-99.16231891771292,19.350221601154885],[-99.16254251018375,19.350277683173342],[-99.16269807772973,19.35031669596612],[-99.16278996011194,19.350339737995842],[-99.1627769471167,19.35041528779266],[-99.16284254748862,19.350432825694483],[-99.16384391840049,19.350700520867353],[-99.16389627221525,19.350690632294],[-99.16391750299869,19.35059716418434],[-99.1639367898278,19.350519714222607],[-99.1640519286944,19.35009242377016],[-99.16412208172817,19.34979319705895],[-99.16419340436849,19.349503432962813],[-99.1642535771195,19.34920667076861],[-99.16445670506987,19.348443662855882],[-99.1646088527295,19.3478834593208],[-99.16461439084321,19.34784468496445],[-99.16461853926327,19.34779079311158],[-99.16462131775239,19.347741498531747],[-99.16463100428611,19.347664598991436],[-99.1647137930227,19.347139051435093],[-99.16480768583452,19.34637903093302],[-99.16482108330868,19.346287330970295],[-99.16487545833282,19.345995146705814],[-99.16493268820295,19.345740798497328],[-99.16506796550156,19.344913946037394],[-99.16509373098057,19.34475257943783]]]}},{"type":"Feature","properties":{"name":"Villa Quietud","id":"003-097","alc":"Coyoacán","clasif":"Colonia","fuente":"SGIRPC CDMX"},"geometry":{"type":"Polygon","coordinates":[[[-99.10855036238311,19.306945606355335],[-99.10852213372364,19.30677795399563],[-99.10853404268934,19.30677622449235],[-99.10852134230791,19.306704397529376],[-99.10851004419656,19.306706099056044],[-99.1085008723975,19.30665164425796],[-99.10843740103276,19.306274094675743],[-99.10842586935946,19.306205534060474],[-99.10842525221686,19.30620182324565],[-99.10841411849724,19.306135628807116],[-99.10841345374398,19.306131646695047],[-99.10835401761146,19.305778136155695],[-99.10835355228419,19.305775336717176],[-99.10832783980581,19.305622439994615],[-99.10831803469446,19.305564084946774],[-99.10831034511567,19.305494478693543],[-99.1083021048695,19.305424818151337],[-99.10829129454343,19.30535856998672],[-99.10827379266671,19.305251305062082],[-99.10829445391822,19.305247211866266],[-99.10827802822331,19.30516512325962],[-99.10827774345735,19.305163380174477],[-99.10826342970164,19.305078294536816],[-99.10825732654757,19.305042063607512],[-99.10824932525331,19.3049944907361],[-99.10824734177321,19.304982651987526],[-99.10824595567271,19.304974028114863],[-99.10822323548251,19.304831950340976],[-99.10822139483449,19.30482048122395],[-99.10821051623645,19.304758062355074],[-99.10818578471836,19.30476172063861],[-99.10818498791268,19.30475686186159],[-99.10816199104137,19.304617764787956],[-99.10816172514005,19.304616103086552],[-99.10814901667378,19.30453926209037],[-99.1081461214036,19.304521697217975],[-99.10812700615264,19.30440609779217],[-99.10812600992101,19.30440055228009],[-99.10810846672183,19.30430346466876],[-99.10810037829103,19.304260875850126],[-99.1080954510317,19.30423499479072],[-99.108086593643,19.304188333079406],[-99.10807659629218,19.304135739232606],[-99.10807377827717,19.30411821925064],[-99.10806784670133,19.304081239492714],[-99.10806262659119,19.304048756509836],[-99.10804991722657,19.3039738838625],[-99.10804716478853,19.30395857749602],[-99.10805075984632,19.303958267197377],[-99.10802289141122,19.303783769939344],[-99.10801930084507,19.303784089564136],[-99.1080163714389,19.303784350689927],[-99.10801204245756,19.30376124105043],[-99.10800276735226,19.30371181618604],[-99.10799916061636,19.30369008846935],[-99.10795905083897,19.30344796174783],[-99.10792868778233,19.30326901207468],[-99.10791614011443,19.303195647332092],[-99.10791495343994,19.30318874781954],[-99.10790280372575,19.303117731487454],[-99.10790211112463,19.30311364078176],[-99.10790106728227,19.303107572124095],[-99.10789027492248,19.303044448915177],[-99.10785338021542,19.302832238976684],[-99.10788214427083,19.302827425924363],[-99.10785437465043,19.30268454340335],[-99.10782819774309,19.30268884268275],[-99.10779345989106,19.30248052546322],[-99.1077611618633,19.302286341121285],[-99.10774980985308,19.302222359602165],[-99.10770980877176,19.301996747947584],[-99.1077065721418,19.301978677500976],[-99.10768110400521,19.301836246975213],[-99.10766804250096,19.301763262261943],[-99.10768687657922,19.301760043930834],[-99.10767134919953,19.30166776105626],[-99.10766094311526,19.301669338005603],[-99.10765761216219,19.301648351014244],[-99.10765420485231,19.301626948587227],[-99.10764381763268,19.301628434819833],[-99.10763301808633,19.30156046234205],[-99.1076555235792,19.301557164311507],[-99.10763442933968,19.301418437559523],[-99.10760987658632,19.301272160815333],[-99.10758482167473,19.301276243088882],[-99.10757394666987,19.30120673505441],[-99.10757054924147,19.30118507991796],[-99.10756498866986,19.301149508581798],[-99.10756303393585,19.30113704640367],[-99.10756979645329,19.301136010361596],[-99.10753044215899,19.300861113070084],[-99.10751627303205,19.300775873433654],[-99.10751552293874,19.30077133077768],[-99.10749265991649,19.300633849665697],[-99.10747398753499,19.300636020104175],[-99.10747370366737,19.30063427697088],[-99.10746819879128,19.300601243063248],[-99.10742654391154,19.30035099719892],[-99.10744275131593,19.300348627516872],[-99.10743002308665,19.300275380160723],[-99.10741163726772,19.300171934768084],[-99.10741136238323,19.300170418000334],[-99.10739922973704,19.30010475610198],[-99.10737873557215,19.29999224389861],[-99.10737260367199,19.29995862231455],[-99.10735540362924,19.299864144235947],[-99.10734542693973,19.299809409919266],[-99.1073438980071,19.29980099349276],[-99.10731999743068,19.29963909822486],[-99.10704834060056,19.299652523655002],[-99.10641789215434,19.299680057017092],[-99.10640991241966,19.299680478389803],[-99.10545479666014,19.299730538650696],[-99.10508237400796,19.299749303720066],[-99.10498144648918,19.299756060941906],[-99.10417683716732,19.29980537932679],[-99.10390568968195,19.299827030406764],[-99.10389195533953,19.29982812750097],[-99.10375282067504,19.299835547723962],[-99.10365242675556,19.299840903476632],[-99.10350343757243,19.29984965649017],[-99.10299622630515,19.299877563712702],[-99.1020502383272,19.299929351793274],[-99.10144548529142,19.299963396450952],[-99.10116467822178,19.299974492862933],[-99.10111209803159,19.299977066029797],[-99.10104117424329,19.299972642047962],[-99.10097745135026,19.299964953068763],[-99.10092920373467,19.299956673151026],[-99.10088388552523,19.299948881583482],[-99.10081610314543,19.29993724425365],[-99.10065849822045,19.299918251139133],[-99.10064282531367,19.30014949694742],[-99.10002817643672,19.306259725341626],[-99.10001979695174,19.306352831380746],[-99.10001455887533,19.30641790070399],[-99.1000095552592,19.306463816565408],[-99.10083562443491,19.306875409776765],[-99.10136945008912,19.307142322612812],[-99.1018489546181,19.307385827462976],[-99.10193660863028,19.30742677414189],[-99.10202748579769,19.307471243386775],[-99.10219710748628,19.307547156369125],[-99.10244835010157,19.30767127302741],[-99.10257363454096,19.30773329062727],[-99.1027026649551,19.30779761165018],[-99.10277009968685,19.30783254569784],[-99.10293527740971,19.307914270959433],[-99.10317539618687,19.308028558919034],[-99.10342416843514,19.308150361597015],[-99.10441480268268,19.30865538423315],[-99.10441466524044,19.3084398811395],[-99.10440712118867,19.308368722115848],[-99.10438365899009,19.308084582515946],[-99.10438345058093,19.308081755987647],[-99.10437836970969,19.30801045353172],[-99.10437319451533,19.307938003137536],[-99.10435799951235,19.307724978886682],[-99.10434328959957,19.30753631735176],[-99.1043238455652,19.307291117139787],[-99.1043236847668,19.30728886879259],[-99.10430771990755,19.30707342409161],[-99.10430238301642,19.307001488741456],[-99.10430089720299,19.306981341750884],[-99.1042809393323,19.306712121799148],[-99.1042656113786,19.30649859151217],[-99.10426546944475,19.30649675772692],[-99.10426023675824,19.30642546390575],[-99.10425487112109,19.306352571106718],[-99.10424307444478,19.30620908803234],[-99.10423150504221,19.30606556074653],[-99.10421984221489,19.30592101173553],[-99.10420783443448,19.305781583314065],[-99.10420330063727,19.30572162258752],[-99.10420034787492,19.305682674597282],[-99.10419896626603,19.305664306979658],[-99.10418600986465,19.305493146796042],[-99.10438158028852,19.305539935305486],[-99.1044414359342,19.305567967031962],[-99.10450128259676,19.305596008079483],[-99.10469183323485,19.30565996962729],[-99.10470205696106,19.305663395593076],[-99.1047373122427,19.305675236835736],[-99.1049622917124,19.305750271482054],[-99.10510855361031,19.305800013655805],[-99.10526175858703,19.3058496498393],[-99.10539958350786,19.305896634088715],[-99.10555254953273,19.305949078156427],[-99.10572671490004,19.30600835547314],[-99.10584076500845,19.306046672622962],[-99.10592692063076,19.30607563345063],[-99.10592806149116,19.30607599461316],[-99.10601147904845,19.306102905457177],[-99.10606657362315,19.306120667697147],[-99.10622567424313,19.306175208299575],[-99.10633567294963,19.306211527149024],[-99.10635778498036,19.306218821608265],[-99.10636860788294,19.306222401013855],[-99.10648667166406,19.306261377700647],[-99.10659291361608,19.306298689302597],[-99.10660192012517,19.306301843959623],[-99.10676761258269,19.30635698135128],[-99.1067708366362,19.306358075858373],[-99.10677755064467,19.306360335239702],[-99.10685121070134,19.306384523758513],[-99.10687256096067,19.306391773276708],[-99.10687274242038,19.30639182753585],[-99.10696292069846,19.30642242370387],[-99.10697914606912,19.30642791912734],[-99.10713816224745,19.306481862778163],[-99.107145218514,19.306484249327305],[-99.1071801989112,19.306496116792253],[-99.10732182011236,19.306543336543424],[-99.10732945758893,19.30654587569507],[-99.10739450010708,19.30656756912059],[-99.10739516575866,19.306567786156638],[-99.10746513463788,19.30659111582677],[-99.10746606708913,19.306591432054883],[-99.10746757895372,19.306591928863693],[-99.10763559265793,19.3066478978459],[-99.10764237404,19.30665022080799],[-99.10785414558006,19.30672296341446],[-99.10789672392788,19.306737046152755],[-99.10799864947495,19.30677077910048],[-99.1080706539366,19.306795165095004],[-99.10808229430603,19.306799114974694],[-99.1082463904573,19.306854684574382],[-99.10825287629362,19.3068564657923],[-99.10828182899527,19.306860511471356],[-99.10830904705007,19.306872205110924],[-99.10833046378472,19.30688360795599],[-99.10833489607232,19.30688389874974],[-99.10835095166142,19.30688455409546],[-99.10845185043412,19.306915451138536],[-99.10845377193051,19.306916029334676],[-99.10845965859058,19.30691783683357],[-99.10852922951608,19.306939134289447],[-99.1085357917092,19.306941150345644],[-99.10855036238311,19.306945606355335]]]}},{"type":"Feature","properties":{"name":"Xotepingo","id":"003-098","alc":"Coyoacán","clasif":"Colonia","fuente":"SGIRPC CDMX"},"geometry":{"type":"Polygon","coordinates":[[[-99.14367333296214,19.33044147959885],[-99.14339553435036,19.330091186852126],[-99.143191762308,19.32983358761055],[-99.14287082210471,19.32942964062483],[-99.14245773810954,19.328908579630788],[-99.14229985201185,19.328709437224393],[-99.14216361351588,19.328539328562243],[-99.14185022005934,19.32814896252597],[-99.14168538279796,19.32793963255193],[-99.14156325144516,19.327779900469803],[-99.14137611081189,19.32754539199635],[-99.14124859495736,19.32739030994951],[-99.14071952498422,19.32672828740087],[-99.14014669178542,19.325997348736514],[-99.14007056585332,19.32590393006597],[-99.14000966995852,19.325816871612247],[-99.13989769406001,19.325641112574914],[-99.13985172277539,19.325558417084377],[-99.13980733162725,19.325469943637383],[-99.13977386758631,19.32539775190034],[-99.13974901120238,19.325339640419557],[-99.13972128110792,19.32527880102029],[-99.13969260418905,19.325199341017843],[-99.13967491905608,19.325145772293187],[-99.13964695719623,19.3250533720721],[-99.13963524496158,19.32500683837152],[-99.13960895845973,19.324906050064047],[-99.13944016591614,19.3247804892911],[-99.13935695946296,19.324715108540573],[-99.1393110573486,19.324672876835944],[-99.13925272614392,19.324612945078517],[-99.13920299271484,19.324558910772318],[-99.13904760393365,19.324375920310956],[-99.1388716428341,19.324175227012105],[-99.13861751123682,19.323891446339857],[-99.13838896635382,19.32362649616834],[-99.13837271223707,19.323611061094688],[-99.13835286126594,19.323597548622203],[-99.1383306324542,19.323585400111753],[-99.13804310239301,19.323470673742293],[-99.13844308625644,19.324723412635716],[-99.13872216676404,19.325643401359123],[-99.1390502243193,19.326667522268053],[-99.1395106396485,19.328154705590812],[-99.13951484196743,19.328168314322337],[-99.13993269691508,19.329521827298805],[-99.14001964664806,19.32981116318534],[-99.14006570506932,19.329951523897204],[-99.140457347177,19.331212807608967],[-99.14076659401016,19.33113435413344],[-99.14098451002674,19.33108140530613],[-99.1412587270554,19.331010602837175],[-99.14144880607797,19.330965686493002],[-99.14180631310316,19.330879228344905],[-99.14199407986217,19.3308349612806],[-99.14243767244105,19.330731762400593],[-99.14304983298467,19.330591217566607],[-99.14367333296214,19.33044147959885]]]}}],"type":"FeatureCollection"}